{
  "ONE-0-1": [
    1.0,
    1.0,
    1.0,
    1.0,
    1.0,
    1.0,
    1.0,
    1.0,
    1.0,
    1.0,
    1.0,
    1.0,
    1.0,
    1.0,
    1.0,
    1.0,
    1.0,
    1.0,
    1.0,
    1.0,
    1.0,
    1.0,
    1.0,
    1.0,
    1.0,
    1.0,
    1.0,
    1.0,
    1.0,
    1.0,
    1.0,
    1.0,
    1.0,
    1.0,
    1.0,
    1.0,
    1.0,
    1.0,
    1.0,
    1.0,
    1.0,
    1.0,
    1.0,
    1.0,
    1.0,
    1.0,
    1.0,
    1.0,
    1.0,
    1.0,
    1.0,
    1.0,
    1.0,
    1.0,
    1.0,
    1.0,
    1.0,
    1.0,
    1.0,
    1.0,
    1.0,
    1.0,
    1.0,
    1.0,
    1.0,
    1.0,
    1.0,
    1.0,
    1.0,
    1.0,
    1.0,
    1.0,
    1.0,
    1.0,
    1.0,
    1.0,
    1.0,
    1.0,
    1.0,
    1.0,
    1.0,
    1.0,
    1.0,
    1.0,
    1.0,
    1.0,
    1.0,
    1.0,
    1.0,
    1.0,
    1.0,
    1.0,
    1.0,
    1.0,
    1.0,
    1.0,
    1.0,
    1.0,
    1.0,
    1.0
  ],
  "PGA-1-1": [
    80.98318064862877,
    69.97775065023004,
    134.60223884295695,
    110.43541551511748,
    79.0623111056516,
    106.38172862368124,
    82.82322531556369,
    296.72232636768206,
    187.85191717348417,
    259.7719164511963,
    128.22095672784187,
    172.86591878093483,
    147.67716969613258,
    280.13458353078966,
    95.22512096968144,
    167.50063251957295,
    92.05704921285768,
    105.91582296621648,
    90.26747360867176,
    145.9688184308125,
    173.5207338122821,
    163.61687401984693,
    140.576672928268,
    181.25239450341286,
    156.57196166342752,
    197.98291715991326,
    102.418953960923,
    94.638582648629,
    106.59957715299184,
    59.417471843178944,
    236.1288796717407,
    72.16015011001953,
    300.03272669349474,
    142.35466155057915,
    301.5596279799417,
    285.40436248377995,
    183.0676229783315,
    157.65904689984694,
    187.18876973518448,
    266.1120844063914,
    312.42500811175427,
    96.3595554232739,
    127.47108719876208,
    103.01814229052864,
    181.7552893888281,
    103.75831141612775,
    56.79086695128048,
    257.54549073966103,
    177.6918167563611,
    403.3896403837241,
    137.30036520154667,
    128.2367151779839,
    379.0061161022188,
    81.20049747938982,
    192.184956516623,
    160.0216901596424,
    87.7551077736815,
    259.4837749293948,
    95.25592128041502,
    100.6594770132079,
    140.23128781920383,
    152.44171665692906,
    282.34797259488823,
    60.198365245168524,
    242.590271554468,
    196.48143294021796,
    79.83855334756447,
    62.71756832366789,
    105.075343124213,
    105.24182352827324,
    90.71278010775087,
    72.01380165751591,
    170.3700818055933,
    199.9531726656146,
    339.8809023159887,
    366.72627791745987,
    90.9119720881998,
    21.940315482036215,
    56.858502260568365,
    71.68856137186225,
    212.55326594703126,
    112.39857365174473,
    216.87714243507935,
    139.25249481669067,
    71.70520915822486,
    108.57455817549824,
    166.8477046618117,
    65.9157098706918,
    108.67194301376873,
    253.05517247684529,
    73.55377308181117,
    129.07572242855676,
    160.08390601828728,
    129.4840590772921,
    91.74447619467408,
    143.97902773736743,
    137.307538706794,
    175.80754063756217,
    31.874511600092195,
    295.7213381904244
  ],
  "PGD-1-1": [
    10.458369326196072,
    0.040144769234792106,
    12.93766706541621,
    11.5510559545297,
    6.425890471350368,
    11.687907074701355,
    0.9590002920068237,
    0.7197884649183879,
    13.999455505411804,
    19.0506378469854,
    0.14138370627030017,
    16.57001161076199,
    0.17475776049482294,
    0.6041289612609044,
    2.0958760474178164,
    24.564411128861995,
    4.105887043847913,
    5.281174312351667,
    11.832670922231701,
    0.1710942186106998,
    0.20886446449183158,
    0.19407365210405703,
    17.234634533576752,
    5.078172182491145,
    0.18480957660608213,
    15.817998665663179,
    3.264931440213356,
    2.884035802988457,
    0.11023973046956236,
    1.618031241968915,
    14.54126759022517,
    2.0056752185902944,
    25.225215563203047,
    14.450529650863952,
    21.726968850043367,
    25.598521464977267,
    16.522400693724823,
    11.54025951354984,
    18.98818505246009,
    24.451685176375182,
    31.2722395947606,
    8.39033663080714,
    13.522852824790284,
    13.071709891881563,
    0.22247450856876436,
    4.032113821273085,
    5.939152880461659,
    0.4534363757524875,
    5.9913484763271,
    1.5060079614715476,
    14.973453151223383,
    0.14140476577931896,
    20.85857910453846,
    6.3303099679129575,
    20.91533387557212,
    17.009441912233484,
    2.996208916685656,
    21.38940567127852,
    14.909479285845972,
    9.01343561401434,
    0.16001175768051526,
    5.857320714194728,
    0.6191554244117311,
    6.882403655339096,
    18.20574064697678,
    15.086336886303046,
    0.07047996281828488,
    0.02494551618092237,
    4.476108260069597,
    13.173207622086556,
    0.08259105711445909,
    6.654761952039455,
    17.189590024832324,
    16.741816599068585,
    13.891984726336172,
    37.3950886579412,
    0.08284659053822657,
    0.052997931833933115,
    0.016380230201384495,
    4.3384577718920765,
    0.2744515985641114,
    13.997347770538907,
    24.287190967926463,
    13.564298088163044,
    7.918007466004414,
    3.8187868357681376,
    14.704385348201297,
    9.308304841117359,
    13.372827761300853,
    7.732338976035914,
    9.733450010941553,
    4.309236856464861,
    14.601319320693518,
    9.659487550755891,
    14.555793934359215,
    5.809795898594277,
    16.327782744419373,
    21.381330173829014,
    0.3146606681392191,
    35.12727034400194
  ],