,repair_cost-,repair_time-parallel,repair_time-sequential,collapse,irreparable
count,100.0,100.0,100.0,100.0,100.0
mean,0.40850000000000003,19.27,19.27,0.0,0.0
std,0.4006342824607354,28.85171248178023,28.85171248178023,0.0,0.0
log_std,,,,,
min,0.0,0.0,0.0,0.0,0.0
0.1%,0.0,0.0,0.0,0.0,0.0
2.3%,0.0,0.0,0.0,0.0,0.0
10%,0.0,0.0,0.0,0.0,0.0
15.9%,0.0,0.0,0.0,0.0,0.0
50%,0.1,2.0,2.0,0.0,0.0
84.1%,0.9,70.0,70.0,0.0,0.0
90%,0.9,70.0,70.0,0.0,0.0
97.7%,0.9,70.0,70.0,0.0,0.0
99.9%,0.9,70.0,70.0,0.0,0.0
max,0.9,70.0,70.0,0.0,0.0
