{
  "repair_cost-": {
    "count": 100.0,
    "mean": 0.4085,
    "std": 0.4006342824607354,
    "log_std": NaN,
    "min": 0.0,
    "0.1%": 0.0,
    "2.3%": 0.0,
    "10%": 0.0,
    "15.9%": 0.0,
    "50%": 0.1,
    "84.1%": 0.9,
    "90%": 0.9,
    "97.7%": 0.9,
    "99.9%": 0.9,
    "max": 0.9
  },
  "repair_time-parallel": {
    "count": 100.0,
    "mean": 19.27,
    "std": 28.85171248178023,
    "log_std": NaN,
    "min": 0.0,
    "0.1%": 0.0,
    "2.3%": 0.0,
    "10%": 0.0,
    "15.9%": 0.0,
    "50%": 2.0,
    "84.1%": 70.0,
    "90%": 70.0,
    "97.7%": 70.0,
    "99.9%": 70.0,
    "max": 70.0
  },
  "repair_time-sequential": {
    "count": 100.0,
    "mean": 19.27,
    "std": 28.85171248178023,
    "log_std": NaN,
    "min": 0.0,
    "0.1%": 0.0,
    "2.3%": 0.0,
    "10%": 0.0,
    "15.9%": 0.0,
    "50%": 2.0,
    "84.1%": 70.0,
    "90%": 70.0,
    "97.7%": 70.0,
    "99.9%": 70.0,
    "max": 70.0
  },
  "collapse": {
    "count": 100.0,
    "mean": 0.0,
    "std": 0.0,
    "log_std": NaN,
    "min": 0.0,
    "0.1%": 0.0,
    "2.3%": 0.0,
    "10%": 0.0,
    "15.9%": 0.0,
    "50%": 0.0,
    "84.1%": 0.0,
    "90%": 0.0,
    "97.7%": 0.0,
    "99.9%": 0.0,
    "max": 0.0
  },
  "irreparable": {
    "count": 100.0,
    "mean": 0.0,
    "std": 0.0,
    "log_std": NaN,
    "min": 0.0,
    "0.1%": 0.0,
    "2.3%": 0.0,
    "10%": 0.0,
    "15.9%": 0.0,
    "50%": 0.0,
    "84.1%": 0.0,
    "90%": 0.0,
    "97.7%": 0.0,
    "99.9%": 0.0,
    "max": 0.0
  }
}