{
  "ONE-0-1": [
    1.0,
    1.0,
    1.0,
    1.0,
    1.0,
    1.0,
    1.0,
    1.0,
    1.0,
    1.0,
    1.0,
    1.0,
    1.0,
    1.0,
    1.0,
    1.0,
    1.0,
    1.0,
    1.0,
    1.0,
    1.0,
    1.0,
    1.0,
    1.0,
    1.0,
    1.0,
    1.0,
    1.0,
    1.0,
    1.0,
    1.0,
    1.0,
    1.0,
    1.0,
    1.0,
    1.0,
    1.0,
    1.0,
    1.0,
    1.0,
    1.0,
    1.0,
    1.0,
    1.0,
    1.0,
    1.0,
    1.0,
    1.0,
    1.0,
    1.0,
    1.0,
    1.0,
    1.0,
    1.0,
    1.0,
    1.0,
    1.0,
    1.0,
    1.0,
    1.0,
    1.0,
    1.0,
    1.0,
    1.0,
    1.0,
    1.0,
    1.0,
    1.0,
    1.0,
    1.0,
    1.0,
    1.0,
    1.0,
    1.0,
    1.0,
    1.0,
    1.0,
    1.0,
    1.0,
    1.0,
    1.0,
    1.0,
    1.0,
    1.0,
    1.0,
    1.0,
    1.0,
    1.0,
    1.0,
    1.0,
    1.0,
    1.0,
    1.0,
    1.0,
    1.0,
    1.0,
    1.0,
    1.0,
    1.0,
    1.0
  ],
  "PGA-1-1": [
    97.70511615919062,
    53.78642658832588,
    137.3465269812267,
    130.97428431271555,
    61.68297160434131,
    106.76269335651708,
    65.68486494688119,
    190.64060860519152,
    101.06025641684269,
    244.81579917947928,
    100.42934844346456,
    137.9928022939244,
    173.0063064446891,
    302.8838065884515,
    79.97835104067211,
    220.77014632028667,
    88.84003825081065,
    110.40380951813681,
    81.93061451554651,
    147.3884842457986,
    116.15374989924808,
    122.8097353548136,
    107.47542983510884,
    139.41285387738426,
    159.60001352879314,
    222.18247796506353,
    82.54228785452598,
    85.63660857912193,
    109.37059078802447,
    83.39878186789527,
    242.04450857475567,
    66.73726062430075,
    223.66357474029704,
    126.15358389857968,
    171.45506463058322,
    203.07135473390247,
    178.4025400700739,
    111.38776798742173,
    159.9950573156592,
    208.57323483665107,
    272.468609853113,
    78.52579172560927,
    162.2637449666047,
    89.36992413577934,
    125.0750943317209,
    106.72543259369976,
    52.57191391191924,
    249.4797105375287,
    156.68491216577635,
    398.16879577897544,
    113.4865224664918,
    128.73271943691304,
    278.22530977536593,
    99.69429418668858,
    203.5610747916376,
    119.67235507121725,
    85.04886373317056,
    175.37765457368246,
    102.42663596860857,
    87.35730070335411,
    102.05133348536367,
    134.81081937495316,
    244.9678151146944,
    50.19639546843525,
    189.4265804606705,
    156.4502661033467,
    82.30234403277773,
    64.25375536949349,
    78.34422033986691,
    83.57470226771113,
    67.24167607804223,
    95.85220962161293,
    165.40629569617312,
    177.41111231840574,
    225.47158876453756,
    262.35483785568886,
    85.55010549419913,
    24.59381662931432,
    71.18899944302963,
    67.88318591630585,
    135.36042920999205,
    95.36760051212336,
    190.5669477137344,
    132.5518458506593,
    67.93450283978763,
    118.16925541190439,
    124.98002423296636,
    85.88160651160301,
    100.22598519895799,
    165.995439477462,
    75.55365727338547,
    125.35445081753883,
    177.46897009672142,
    105.75392746111628,
    107.57216097867585,
    131.30197389589347,
    127.2240215430985,
    162.00497059145167,
    40.74723950248399,
    253.7125745204944
  ],
  "PGD-1-1": [
    2.0882888099593644,
    11.257641390465784,
    3.0937223767035382,
    2.9434468872581765,
    19.04441375461628,
    2.388173400071304,
    9.96235300830938,
    3.9073607900578295,
    2.210347283399269,
    4.588222582803033,
    2.187597219218544,
    3.1066541995913233,
    3.6689927595965255,
    5.25165637444138,
    1.3115802557923621,
    4.296770124269276,
    1.717940896789879,
    2.461140627495912,
    34.35268226474342,
    3.283825841483945,
    2.578443057668052,
    2.731397785846956,
    2.4035030664141215,
    3.1350190768072714,
    3.474393555081559,
    4.313269780569651,
    1.4185187549513407,
    1.5610854071695355,
    2.4405460612376384,
    1.4573651726848185,
    4.556628313443846,
    16.245569551034595,
    4.331750554894512,
    2.8145606074535405,
    3.6466114530698155,
    4.0669284659507365,
    54.999925177893566,
    43.23546204033276,
    3.4805734588649444,
    4.141520344459398,
    4.905295701283704,
    1.2486931276353468,
    3.513494580991928,
    1.745896972073575,
    2.7873176337912646,
    2.387315652078215,
    0.3210920241237541,
    4.643072526649877,
    3.428906959092079,
    6.297786539755718,
    40.93942540581642,
    2.8835624656387435,
    4.968895640589853,
    2.16159659917544,
    4.073351771941819,
    2.657479030975467,
    1.532367611220947,
    3.703700044850136,
    2.261027410785912,
    1.6450202909232472,
    2.2476124650725966,
    3.0362715974918326,
    79.239145992735,
    0.2850551219123215,
    3.891526033727619,
    3.425135465780591,
    1.4077469229201185,
    0.6632475247192583,
    1.2398911685576133,
    1.4650051258809895,
    0.7819520684776496,
    29.98535273745266,
    3.557449654190081,
    3.7328696069119296,
    4.353185495068449,
    4.79384736807935,
    1.5567868193380066,
    0.0016265540461086715,
    0.9365201060190387,
    0.8034468858574497,
    3.0496613653425766,
    2.0060992192904594,
    58.86228077126762,
    2.9803503236298443,
    0.8052254920215246,
    2.623243621317646,
    42.96439410075336,
    1.5733792314087962,
    2.1804214159957795,
    3.5659375475551975,
    17.619035958817047,
    2.7942625652257864,
    3.7337127315262424,
    2.3614818466969822,
    2.4055248713271253,
    2.9510724125743124,
    60.12014490219246,
    3.509968250657362,
    0.06598929604376995,
    4.693834027383554
  ],
  "PGD-1-3": [
    29.974556456875614,
    0.9425941497490715,
    49.33990316809798,
    46.91617672786376,
    1.54508802592923,
    35.65934785906653,
    0.8659864066094373,
    67.21326417005645,
    32.20892169886945,
    83.90655572832956,
    31.815079455840245,
    49.58683607590784,
    62.262220291662494,
    98.03590078087043,
    17.329549254656946,
    74.07333339579566,
    23.71409540539513,
    37.501631923031006,
    2.470541903980352,
    53.13167952200375,
    40.425301774189656,
    43.60250317429573,
    36.02155178559875,
    50.13007503514054,
    57.885352992636236,
    75.34362601286918,
    19.06491440974837,
    21.398679465063868,
    36.9783789595971,
    19.719853869929484,
    83.18851429713419,
    1.351741425491568,
    76.35878182147357,
    45.0176118596054,
    61.753869519573634,
    70.23198784036178,
    3.377611312519751,
    2.878917200281442,
    58.04946019569624,
    71.45008551265073,
    91.03347390555537,
    16.329236477360315,
    58.83965612350871,
    24.117153520630783,
    44.53193591192103,
    35.640499567893514,
    4.108234979943753,
    85.31622548642095,
    56.808076912299505,
    115.10013283695716,
    2.7664724573052784,
    46.05583815247024,
    92.4018943399269,
    31.330607618580295,
    70.3422923305229,
    42.14031917394316,
    20.94054673740581,
    62.98313336371649,
    33.0921626499787,
    22.64687551014901,
    32.846264491456374,
    48.35411902428681,
    4.415450902190209,
    3.431790523654064,
    66.89231072873079,
    56.72285411604689,
    18.900915864311507,
    7.805937114337985,
    16.192537450956756,
    19.85033677726416,
    9.307599624124968,
    2.219814649607112,
    59.89718823304945,
    63.57857641071824,
    77.1489896456644,
    88.55387803214171,
    21.332883530338677,
    0.012386960577060416,
    11.720923067213132,
    9.691621663005447,
    48.54096020112323,
    28.401405753562816,
    3.663795531234253,
    47.44778761198644,
    9.720272330948045,
    41.433477609528126,
    2.875916455850303,
    21.577512999835257,
    31.688913869018645,
    60.0907266848607,
    1.4137023951869987,
    44.643801915838665,
    63.595504589127344,
    35.06580413135942,
    36.07060418248401,
    47.026117597717246,
    3.7273488796112173,
    58.75619954425879,
    0.7744832523356228,
    86.38889195269458
  ],