{
  "repair_cost-": {
    "count": 100.0,
    "mean": 9.205,
    "std": 16.856359139337993,
    "log_std": NaN,
    "min": 0.0,
    "0.1%": 0.0,
    "2.3%": 0.0,
    "10%": 0.0,
    "15.9%": 0.0,
    "50%": 2.0,
    "84.1%": 10.0,
    "90%": 35.5,
    "97.7%": 35.5,
    "99.9%": 100.0,
    "max": 100.0
  },
  "repair_time-parallel": {
    "count": 100.0,
    "mean": 29.3,
    "std": 46.56384777047445,
    "log_std": NaN,
    "min": 0.0,
    "0.1%": 0.0,
    "2.3%": 0.0,
    "10%": 0.0,
    "15.9%": 0.0,
    "50%": 10.0,
    "84.1%": 30.0,
    "90%": 120.0,
    "97.7%": 120.0,
    "99.9%": 240.0,
    "max": 240.0
  },
  "repair_time-sequential": {
    "count": 100.0,
    "mean": 29.3,
    "std": 46.56384777047445,
    "log_std": NaN,
    "min": 0.0,
    "0.1%": 0.0,
    "2.3%": 0.0,
    "10%": 0.0,
    "15.9%": 0.0,
    "50%": 10.0,
    "84.1%": 30.0,
    "90%": 120.0,
    "97.7%": 120.0,
    "99.9%": 240.0,
    "max": 240.0
  }
}