{
  "ONE-0-1": [
    1.0,
    1.0,
    1.0,
    1.0,
    1.0,
    1.0,
    1.0,
    1.0,
    1.0,
    1.0,
    1.0,
    1.0,
    1.0,
    1.0,
    1.0,
    1.0,
    1.0,
    1.0,
    1.0,
    1.0,
    1.0,
    1.0,
    1.0,
    1.0,
    1.0,
    1.0,
    1.0,
    1.0,
    1.0,
    1.0,
    1.0,
    1.0,
    1.0,
    1.0,
    1.0,
    1.0,
    1.0,
    1.0,
    1.0,
    1.0,
    1.0,
    1.0,
    1.0,
    1.0,
    1.0,
    1.0,
    1.0,
    1.0,
    1.0,
    1.0,
    1.0,
    1.0,
    1.0,
    1.0,
    1.0,
    1.0,
    1.0,
    1.0,
    1.0,
    1.0,
    1.0,
    1.0,
    1.0,
    1.0,
    1.0,
    1.0,
    1.0,
    1.0,
    1.0,
    1.0,
    1.0,
    1.0,
    1.0,
    1.0,
    1.0,
    1.0,
    1.0,
    1.0,
    1.0,
    1.0,
    1.0,
    1.0,
    1.0,
    1.0,
    1.0,
    1.0,
    1.0,
    1.0,
    1.0,
    1.0,
    1.0,
    1.0,
    1.0,
    1.0,
    1.0,
    1.0,
    1.0,
    1.0,
    1.0,
    1.0
  ],
  "PGA-1-1": [
    93.13103097226849,
    68.95133795095377,
    137.3465269812267,
    130.97428431271555,
    73.95533820380254,
    108.70265048479612,
    65.68486494688119,
    190.64060860519152,
    101.06025641684269,
    246.56857479228037,
    100.42934844346456,
    137.9928022939244,
    146.64837021596313,
    218.28526254156765,
    62.70738780010998,
    220.77014632028667,
    88.84003825081065,
    110.40380951813681,
    102.31529951014326,
    147.3884842457986,
    116.15374989924808,
    122.8097353548136,
    141.1348500129529,
    139.41285387738426,
    159.60001352879314,
    222.18247796506353,
    82.54228785452598,
    85.63660857912193,
    111.43963621325113,
    83.39878186789527,
    242.04450857475567,
    72.51956290706896,
    223.66357474029704,
    126.15358389857968,
    171.45506463058322,
    203.07135473390247,
    156.8256085208216,
    116.81716992005686,
    166.64434812168915,
    256.6770441919296,
    272.468609853113,
    78.52579172560927,
    162.2637449666047,
    89.36992413577934,
    136.3417252168036,
    110.15306695210096,
    44.39982914723209,
    249.4797105375287,
    156.68491216577635,
    398.16879577897544,
    113.5005563075778,
    128.73271943691304,
    278.22530977536593,
    99.69429418668858,
    203.5610747916376,
    119.67235507121725,
    85.04886373317056,
    175.37765457368246,
    102.42663596860857,
    87.35730070335411,
    102.05133348536367,
    134.81081937495316,
    244.9002460693046,
    50.19639546843525,
    189.4265804606705,
    156.4502661033467,
    82.30234403277773,
    64.25375536949349,
    78.34422033986691,
    83.57470226771113,
    77.49988051916321,
    97.39923364464556,
    165.40629569617312,
    177.41111231840574,
    208.78873491636952,
    262.35483785568886,
    85.55010549419913,
    31.55640795370769,
    71.18899944302963,
    67.88318591630585,
    176.12919464328385,
    95.36760051212336,
    161.89285947556428,
    122.82400781998967,
    67.93450283978763,
    120.67769100203373,
    113.08298737496436,
    85.88160651160301,
    100.22598519895799,
    183.48170665186512,
    67.6372461883589,
    125.35445081753883,
    144.54600117070504,
    105.75392746111628,
    107.57216097867585,
    131.30197389589347,
    127.82070711468575,
    162.00497059145167,
    40.74723950248399,
    253.7125745204944
  ],
  "PGD-1-1": [
    32.44023254939544,
    13.8221277442787,
    3.0937223767035382,
    2.9434468872581765,
    1.0498592515896317,
    37.199233986203275,
    9.96235300830938,
    3.9073607900578295,
    2.210347283399269,
    79.13024387747745,
    2.187597219218544,
    3.1066541995913233,
    59.47042739527286,
    89.17255980927226,
    21.429132639026964,
    4.296770124269276,
    1.717940896789879,
    2.461140627495912,
    2.2571803360234406,
    3.283825841483945,
    2.578443057668052,
    2.731397785846956,
    36.089562904650194,
    3.1350190768072714,
    3.474393555081559,
    4.313269780569651,
    1.4185187549513407,
    1.5610854071695355,
    36.68576394216791,
    1.4573651726848185,
    4.556628313443846,
    0.9888007066051501,
    4.331750554894512,
    2.8145606074535405,
    3.6466114530698155,
    4.0669284659507365,
    3.4311766355888436,
    2.592830321099815,
    53.774590782796864,
    68.66112073454899,
    4.905295701283704,
    1.2486931276353468,
    3.513494580991928,
    1.745896972073575,
    45.89334163489461,
    34.853933493686185,
    6.73351001257955,
    4.643072526649877,
    3.428906959092079,
    6.297786539755718,
    2.523661366211185,
    2.8835624656387435,
    4.968895640589853,
    2.16159659917544,
    4.073351771941819,
    2.657479030975467,
    1.532367611220947,
    3.703700044850136,
    2.261027410785912,
    1.6450202909232472,
    2.2476124650725966,
    3.0362715974918326,
    4.589192615803757,
    0.2850551219123215,
    3.891526033727619,
    3.425135465780591,
    1.4077469229201185,
    0.6632475247192583,
    1.2398911685576133,
    1.4650051258809895,
    13.29023232256302,
    2.0772474986418303,
    3.557449654190081,
    3.7328696069119296,
    73.24152239188646,
    4.79384736807935,
    1.5567868193380066,
    0.12685423545033947,
    0.9365201060190387,
    0.8034468858574497,
    50.93138863037391,
    2.0060992192904594,
    3.508374328507782,
    47.97673203812564,
    0.8052254920215246,
    43.87264459874223,
    2.515429345529491,
    1.5733792314087962,
    2.1804214159957795,
    59.319136149548456,
    0.795036655493999,
    2.7942625652257864,
    60.631743177511126,
    2.3614818466969822,
    2.4055248713271253,
    2.9510724125743124,
    59.36682884994348,
    3.509968250657362,
    0.06598929604376995,
    4.693834027383554
  ],