{
  "repair_cost-": {
    "count": 100.0,
    "mean": 8.38,
    "std": 19.262555920906777,
    "log_std": NaN,
    "min": 0.0,
    "0.1%": 0.0,
    "2.3%": 0.0,
    "10%": 0.0,
    "15.9%": 0.0,
    "50%": 2.0,
    "84.1%": 10.0,
    "90%": 10.0,
    "97.7%": 100.0,
    "99.9%": 100.0,
    "max": 100.0
  },
  "repair_time-parallel": {
    "count": 100.0,
    "mean": 24.3,
    "std": 45.79830617484502,
    "log_std": NaN,
    "min": 0.0,
    "0.1%": 0.0,
    "2.3%": 0.0,
    "10%": 0.0,
    "15.9%": 0.0,
    "50%": 10.0,
    "84.1%": 30.0,
    "90%": 30.0,
    "97.7%": 240.0,
    "99.9%": 240.0,
    "max": 240.0
  },
  "repair_time-sequential": {
    "count": 100.0,
    "mean": 24.3,
    "std": 45.79830617484502,
    "log_std": NaN,
    "min": 0.0,
    "0.1%": 0.0,
    "2.3%": 0.0,
    "10%": 0.0,
    "15.9%": 0.0,
    "50%": 10.0,
    "84.1%": 30.0,
    "90%": 30.0,
    "97.7%": 240.0,
    "99.9%": 240.0,
    "max": 240.0
  }
}