{
  "Buildings": {
    "1": {
      "GeneralInformation": {},
      "Demand": {
        "PGA-1-1": 82.54228785452598,
        "PGD-1-1": 1.4185187549513407,
        "PGD-1-3": 19.06491440974837,
        "SA_0.3-1-1": 0.561657002319068,
        "SA_1.0-1-1": 147.43654513965762
      },
      "Damage": {
        "GF.H.S-1": 0,
        "GF.V.S-1": 0,
        "LF.W1.MC-1": 2,
        "collapse-0": 0
      },
      "Loss": {
        "Repair": {
          "Cost": {
            "LF.IND2-LF.W1.MC": 10.0,
            "replacement-collapse": 0.0
          },
          "Time": {
            "LF.IND2-LF.W1.MC": 30.0,
            "replacement-collapse": 0.0
          }
        }
      }
    },
    "2": {
      "GeneralInformation": {},
      "Demand": {
        "PGA-1-1": 82.54228785452598,
        "PGD-1-1": 1.4185187549513407,
        "PGD-1-3": 19.06491440974837,
        "SA_0.3-1-1": 0.561657002319068,
        "SA_1.0-1-1": 147.43654513965762
      },
      "Damage": {
        "GF.H.S-1": 2,
        "GF.V.S-1": 1,
        "LF.W1.MC-1": 0,
        "collapse-0": 0
      },
      "Loss": {
        "Repair": {
          "Cost": {
            "LF.IND2-LF.W1.MC": 0.0,
            "replacement-collapse": 0.0
          },
          "Time": {
            "LF.IND2-LF.W1.MC": 0.0,
            "replacement-collapse": 0.0
          }
        }
      }
    }
  }
}