{
  "Buildings": {
    "1": {
      "GeneralInformation": {},
      "Demand": {
        "PGA-1-1": 146.64837021596313,
        "PGD-1-1": 59.47042739527286,
        "PGD-1-3": 3.6957514915185894,
        "SA_0.3-1-1": 189.56724581276353,
        "SA_1.0-1-1": 175.89743229498185
      },
      "Damage": {
        "GF.H.S-1": 1,
        "GF.V.S-1": 1,
        "LF.W1.MC-1": 1,
        "collapse-0": 0
      },
      "Loss": {
        "Repair": {
          "Cost": {
            "LF.IND2-LF.W1.MC": 2.0,
            "replacement-collapse": 0.0
          },
          "Time": {
            "LF.IND2-LF.W1.MC": 10.0,
            "replacement-collapse": 0.0
          }
        }
      }
    },
    "2": {
      "GeneralInformation": {},
      "Demand": {
        "PGA-1-1": 173.0063064446891,
        "PGD-1-1": 3.6689927595965255,
        "PGD-1-3": 62.262220291662494,
        "SA_0.3-1-1": 0.527270197485197,
        "SA_1.0-1-1": 295.9030373642518
      },
      "Damage": {
        "GF.H.S-1": 1,
        "GF.V.S-1": 2,
        "LF.W1.MC-1": 1,
        "collapse-0": 0
      },
      "Loss": {
        "Repair": {
          "Cost": {
            "LF.IND2-LF.W1.MC": 2.0,
            "replacement-collapse": 0.0
          },
          "Time": {
            "LF.IND2-LF.W1.MC": 10.0,
            "replacement-collapse": 0.0
          }
        }
      }
    }
  }
}