{
  "Buildings": {
    "1": {
      "GeneralInformation": {},
      "Demand": {
        "PGA-1-1": 73.95533820380254,
        "PGD-1-1": 1.0498592515896317,
        "PGD-1-3": 13.361712007695512,
        "SA_0.3-1-1": 0.39884831948999544,
        "SA_1.0-1-1": 170.65951611624027
      },
      "Damage": {
        "GF.H.S-1": 1,
        "GF.V.S-1": 0,
        "LF.W1.MC-1": 0,
        "collapse-0": 0
      },
      "Loss": {
        "Repair": {
          "Cost": {
            "LF.IND2-LF.W1.MC": 0.0,
            "replacement-collapse": 0.0
          },
          "Time": {
            "LF.IND2-LF.W1.MC": 0.0,
            "replacement-collapse": 0.0
          }
        }
      }
    },
    "2": {
      "GeneralInformation": {},
      "Demand": {
        "PGA-1-1": 61.68297160434131,
        "PGD-1-1": 19.04441375461628,
        "PGD-1-3": 1.54508802592923,
        "SA_0.3-1-1": 116.36196669021062,
        "SA_1.0-1-1": 109.4159669539868
      },
      "Damage": {
        "GF.H.S-1": 0,
        "GF.V.S-1": 1,
        "LF.W1.MC-1": 1,
        "collapse-0": 0
      },
      "Loss": {
        "Repair": {
          "Cost": {
            "LF.IND2-LF.W1.MC": 2.0,
            "replacement-collapse": 0.0
          },
          "Time": {
            "LF.IND2-LF.W1.MC": 10.0,
            "replacement-collapse": 0.0
          }
        }
      }
    }
  }
}