{
  "Buildings": {
    "1": {
      "GeneralInformation": {},
      "Demand": {
        "PGA-1-1": 398.16879577897544,
        "PGD-1-1": 6.297786539755718,
        "PGD-1-3": 115.10013283695716,
        "SA_0.3-1-1": 2.920195187317933,
        "SA_1.0-1-1": 425.8598435209317
      },
      "Damage": {
        "GF.H.S-1": 1,
        "GF.V.S-1": 1,
        "LF.W1.MC-1": 4,
        "collapse-0": 0
      },
      "Loss": {
        "Repair": {
          "Cost": {
            "LF.IND2-LF.W1.MC": 100.0,
            "replacement-collapse": 0.0
          },
          "Time": {
            "LF.IND2-LF.W1.MC": 240.0,
            "replacement-collapse": 0.0
          }
        }
      }
    },
    "2": {
      "GeneralInformation": {},
      "Demand": {
        "PGA-1-1": 398.16879577897544,
        "PGD-1-1": 6.297786539755718,
        "PGD-1-3": 115.10013283695716,
        "SA_0.3-1-1": 2.920195187317933,
        "SA_1.0-1-1": 425.8598435209317
      },
      "Damage": {
        "GF.H.S-1": 1,
        "GF.V.S-1": 2,
        "LF.W1.MC-1": 2,
        "collapse-0": 0
      },
      "Loss": {
        "Repair": {
          "Cost": {
            "LF.IND2-LF.W1.MC": 10.0,
            "replacement-collapse": 0.0
          },
          "Time": {
            "LF.IND2-LF.W1.MC": 30.0,
            "replacement-collapse": 0.0
          }
        }
      }
    }
  }
}