{
  "Buildings": {
    "1": {
      "GeneralInformation": {},
      "Demand": {
        "PGA-1-1": 102.31529951014326,
        "PGD-1-1": 2.2571803360234406,
        "PGD-1-3": 33.020495409373524,
        "SA_0.3-1-1": 0.5720393064851217,
        "SA_1.0-1-1": 162.53564377585687
      },
      "Damage": {
        "GF.H.S-1": 0,
        "GF.V.S-1": 0,
        "LF.W1.MC-1": 1,
        "collapse-0": 0
      },
      "Loss": {
        "Repair": {
          "Cost": {
            "LF.IND2-LF.W1.MC": 2.0,
            "replacement-collapse": 0.0
          },
          "Time": {
            "LF.IND2-LF.W1.MC": 10.0,
            "replacement-collapse": 0.0
          }
        }
      }
    },
    "2": {
      "GeneralInformation": {},
      "Demand": {
        "PGA-1-1": 81.93061451554651,
        "PGD-1-1": 34.35268226474342,
        "PGD-1-3": 2.470541903980352,
        "SA_0.3-1-1": 163.42182242736737,
        "SA_1.0-1-1": 113.04381590521764
      },
      "Damage": {
        "GF.H.S-1": 0,
        "GF.V.S-1": 2,
        "LF.W1.MC-1": 0,
        "collapse-0": 0
      },
      "Loss": {
        "Repair": {
          "Cost": {
            "LF.IND2-LF.W1.MC": 0.0,
            "replacement-collapse": 0.0
          },
          "Time": {
            "LF.IND2-LF.W1.MC": 0.0,
            "replacement-collapse": 0.0
          }
        }
      }
    }
  }
}