{
  "Buildings": {
    "1": {
      "GeneralInformation": {},
      "Demand": {
        "PGA-1-1": 262.35483785568886,
        "PGD-1-1": 4.79384736807935,
        "PGD-1-3": 88.55387803214171,
        "SA_0.3-1-1": 2.762298552680469,
        "SA_1.0-1-1": 605.4854196248107
      },
      "Damage": {
        "GF.H.S-1": 0,
        "GF.V.S-1": 1,
        "LF.W1.MC-1": 2,
        "collapse-0": 0
      },
      "Loss": {
        "Repair": {
          "Cost": {
            "LF.IND2-LF.W1.MC": 10.0,
            "replacement-collapse": 0.0
          },
          "Time": {
            "LF.IND2-LF.W1.MC": 30.0,
            "replacement-collapse": 0.0
          }
        }
      }
    },
    "2": {
      "GeneralInformation": {},
      "Demand": {
        "PGA-1-1": 262.35483785568886,
        "PGD-1-1": 4.79384736807935,
        "PGD-1-3": 88.55387803214171,
        "SA_0.3-1-1": 2.762298552680469,
        "SA_1.0-1-1": 605.4854196248107
      },
      "Damage": {
        "GF.H.S-1": 1,
        "GF.V.S-1": 2,
        "LF.W1.MC-1": 4,
        "collapse-0": 0
      },
      "Loss": {
        "Repair": {
          "Cost": {
            "LF.IND2-LF.W1.MC": 100.0,
            "replacement-collapse": 0.0
          },
          "Time": {
            "LF.IND2-LF.W1.MC": 240.0,
            "replacement-collapse": 0.0
          }
        }
      }
    }
  }
}