{
  "Buildings": {
    "1": {
      "GeneralInformation": {},
      "Demand": {
        "PGA-1-1": 256.6770441919296,
        "PGD-1-1": 68.66112073454899,
        "PGD-1-3": 4.1490329930923435,
        "SA_0.3-1-1": 397.46203722855626,
        "SA_1.0-1-1": 165.58145582850784
      },
      "Damage": {
        "GF.H.S-1": 1,
        "GF.V.S-1": 1,
        "LF.W1.MC-1": 2,
        "collapse-0": 0
      },
      "Loss": {
        "Repair": {
          "Cost": {
            "LF.IND2-LF.W1.MC": 10.0,
            "replacement-collapse": 0.0
          },
          "Time": {
            "LF.IND2-LF.W1.MC": 30.0,
            "replacement-collapse": 0.0
          }
        }
      }
    },
    "2": {
      "GeneralInformation": {},
      "Demand": {
        "PGA-1-1": 208.57323483665107,
        "PGD-1-1": 4.141520344459398,
        "PGD-1-3": 71.45008551265073,
        "SA_0.3-1-1": 0.8639434518540717,
        "SA_1.0-1-1": 133.18535184561537
      },
      "Damage": {
        "GF.H.S-1": 1,
        "GF.V.S-1": 1,
        "LF.W1.MC-1": 3,
        "collapse-0": 0
      },
      "Loss": {
        "Repair": {
          "Cost": {
            "LF.IND2-LF.W1.MC": 35.5,
            "replacement-collapse": 0.0
          },
          "Time": {
            "LF.IND2-LF.W1.MC": 120.0,
            "replacement-collapse": 0.0
          }
        }
      }
    }
  }
}