{
  "Buildings": {
    "1": {
      "GeneralInformation": {},
      "Demand": {
        "PGA-1-1": 203.5610747916376,
        "PGD-1-1": 4.073351771941819,
        "PGD-1-3": 70.3422923305229,
        "SA_0.3-1-1": 0.9972735595175511,
        "SA_1.0-1-1": 327.14285408021976
      },
      "Damage": {
        "GF.H.S-1": 2,
        "GF.V.S-1": 1,
        "LF.W1.MC-1": 2,
        "collapse-0": 0
      },
      "Loss": {
        "Repair": {
          "Cost": {
            "LF.IND2-LF.W1.MC": 10.0,
            "replacement-collapse": 0.0
          },
          "Time": {
            "LF.IND2-LF.W1.MC": 30.0,
            "replacement-collapse": 0.0
          }
        }
      }
    },
    "2": {
      "GeneralInformation": {},
      "Demand": {
        "PGA-1-1": 203.5610747916376,
        "PGD-1-1": 4.073351771941819,
        "PGD-1-3": 70.3422923305229,
        "SA_0.3-1-1": 0.9972735595175511,
        "SA_1.0-1-1": 327.14285408021976
      },
      "Damage": {
        "GF.H.S-1": 1,
        "GF.V.S-1": 1,
        "LF.W1.MC-1": 2,
        "collapse-0": 0
      },
      "Loss": {
        "Repair": {
          "Cost": {
            "LF.IND2-LF.W1.MC": 10.0,
            "replacement-collapse": 0.0
          },
          "Time": {
            "LF.IND2-LF.W1.MC": 30.0,
            "replacement-collapse": 0.0
          }
        }
      }
    }
  }
}