{
  "Buildings": {
    "1": {
      "GeneralInformation": {},
      "Demand": {
        "PGA-1-1": 110.40380951813681,
        "PGD-1-1": 2.461140627495912,
        "PGD-1-3": 37.501631923031006,
        "SA_0.3-1-1": 0.7631060067119286,
        "SA_1.0-1-1": 145.4964014865757
      },
      "Damage": {
        "GF.H.S-1": 1,
        "GF.V.S-1": 0,
        "LF.W1.MC-1": 0,
        "collapse-0": 0
      },
      "Loss": {
        "Repair": {
          "Cost": {
            "LF.IND2-LF.W1.MC": 0.0,
            "replacement-collapse": 0.0
          },
          "Time": {
            "LF.IND2-LF.W1.MC": 0.0,
            "replacement-collapse": 0.0
          }
        }
      }
    },
    "2": {
      "GeneralInformation": {},
      "Demand": {
        "PGA-1-1": 110.40380951813681,
        "PGD-1-1": 2.461140627495912,
        "PGD-1-3": 37.501631923031006,
        "SA_0.3-1-1": 0.7631060067119286,
        "SA_1.0-1-1": 145.4964014865757
      },
      "Damage": {
        "GF.H.S-1": 0,
        "GF.V.S-1": 1,
        "LF.W1.MC-1": 0,
        "collapse-0": 0
      },
      "Loss": {
        "Repair": {
          "Cost": {
            "LF.IND2-LF.W1.MC": 0.0,
            "replacement-collapse": 0.0
          },
          "Time": {
            "LF.IND2-LF.W1.MC": 0.0,
            "replacement-collapse": 0.0
          }
        }
      }
    }
  }
}