{
  "Buildings": {
    "1": {
      "GeneralInformation": {},
      "Demand": {
        "PGA-1-1": 85.04886373317056,
        "PGD-1-1": 1.532367611220947,
        "PGD-1-3": 20.94054673740581,
        "SA_0.3-1-1": 1.1626647574359474,
        "SA_1.0-1-1": 195.30160277352658
      },
      "Damage": {
        "GF.H.S-1": 0,
        "GF.V.S-1": 1,
        "LF.W1.MC-1": 0,
        "collapse-0": 0
      },
      "Loss": {
        "Repair": {
          "Cost": {
            "LF.IND2-LF.W1.MC": 0.0,
            "replacement-collapse": 0.0
          },
          "Time": {
            "LF.IND2-LF.W1.MC": 0.0,
            "replacement-collapse": 0.0
          }
        }
      }
    },
    "2": {
      "GeneralInformation": {},
      "Demand": {
        "PGA-1-1": 85.04886373317056,
        "PGD-1-1": 1.532367611220947,
        "PGD-1-3": 20.94054673740581,
        "SA_0.3-1-1": 1.1626647574359474,
        "SA_1.0-1-1": 195.30160277352658
      },
      "Damage": {
        "GF.H.S-1": 2,
        "GF.V.S-1": 0,
        "LF.W1.MC-1": 1,
        "collapse-0": 0
      },
      "Loss": {
        "Repair": {
          "Cost": {
            "LF.IND2-LF.W1.MC": 2.0,
            "replacement-collapse": 0.0
          },
          "Time": {
            "LF.IND2-LF.W1.MC": 10.0,
            "replacement-collapse": 0.0
          }
        }
      }
    }
  }
}