{
  "Buildings": {
    "1": {
      "GeneralInformation": {},
      "Demand": {
        "PGA-1-1": 161.89285947556428,
        "PGD-1-1": 3.508374328507782,
        "PGD-1-3": 58.720067373132764,
        "SA_0.3-1-1": 0.8635396501642773,
        "SA_1.0-1-1": 129.8917585569344
      },
      "Damage": {
        "GF.H.S-1": 1,
        "GF.V.S-1": 0,
        "LF.W1.MC-1": 2,
        "collapse-0": 0
      },
      "Loss": {
        "Repair": {
          "Cost": {
            "LF.IND2-LF.W1.MC": 10.0,
            "replacement-collapse": 0.0
          },
          "Time": {
            "LF.IND2-LF.W1.MC": 30.0,
            "replacement-collapse": 0.0
          }
        }
      }
    },
    "2": {
      "GeneralInformation": {},
      "Demand": {
        "PGA-1-1": 190.5669477137344,
        "PGD-1-1": 58.86228077126762,
        "PGD-1-3": 3.663795531234253,
        "SA_0.3-1-1": 345.82891066701865,
        "SA_1.0-1-1": 152.4536806689888
      },
      "Damage": {
        "GF.H.S-1": 1,
        "GF.V.S-1": 1,
        "LF.W1.MC-1": 3,
        "collapse-0": 0
      },
      "Loss": {
        "Repair": {
          "Cost": {
            "LF.IND2-LF.W1.MC": 35.5,
            "replacement-collapse": 0.0
          },
          "Time": {
            "LF.IND2-LF.W1.MC": 120.0,
            "replacement-collapse": 0.0
          }
        }
      }
    }
  }
}