{
  "Buildings": {
    "1": {
      "GeneralInformation": {},
      "Demand": {
        "PGA-1-1": 111.43963621325113,
        "PGD-1-1": 36.68576394216791,
        "PGD-1-3": 2.462812284772616,
        "SA_0.3-1-1": 306.004867851868,
        "SA_1.0-1-1": 180.66278890118903
      },
      "Damage": {
        "GF.H.S-1": 0,
        "GF.V.S-1": 2,
        "LF.W1.MC-1": 1,
        "collapse-0": 0
      },
      "Loss": {
        "Repair": {
          "Cost": {
            "LF.IND2-LF.W1.MC": 2.0,
            "replacement-collapse": 0.0
          },
          "Time": {
            "LF.IND2-LF.W1.MC": 10.0,
            "replacement-collapse": 0.0
          }
        }
      }
    },
    "2": {
      "GeneralInformation": {},
      "Demand": {
        "PGA-1-1": 109.37059078802447,
        "PGD-1-1": 2.4405460612376384,
        "PGD-1-3": 36.9783789595971,
        "SA_0.3-1-1": 0.6236405793338332,
        "SA_1.0-1-1": 185.2608842864036
      },
      "Damage": {
        "GF.H.S-1": 1,
        "GF.V.S-1": 1,
        "LF.W1.MC-1": 0,
        "collapse-0": 0
      },
      "Loss": {
        "Repair": {
          "Cost": {
            "LF.IND2-LF.W1.MC": 0.0,
            "replacement-collapse": 0.0
          },
          "Time": {
            "LF.IND2-LF.W1.MC": 0.0,
            "replacement-collapse": 0.0
          }
        }
      }
    }
  }
}