{
  "Buildings": {
    "1": {
      "GeneralInformation": {},
      "Demand": {
        "PGA-1-1": 176.12919464328385,
        "PGD-1-1": 50.93138863037391,
        "PGD-1-3": 3.2995596210626768,
        "SA_0.3-1-1": 273.43583052642964,
        "SA_1.0-1-1": 98.61951904244788
      },
      "Damage": {
        "GF.H.S-1": 0,
        "GF.V.S-1": 2,
        "LF.W1.MC-1": 2,
        "collapse-0": 0
      },
      "Loss": {
        "Repair": {
          "Cost": {
            "LF.IND2-LF.W1.MC": 10.0,
            "replacement-collapse": 0.0
          },
          "Time": {
            "LF.IND2-LF.W1.MC": 30.0,
            "replacement-collapse": 0.0
          }
        }
      }
    },
    "2": {
      "GeneralInformation": {},
      "Demand": {
        "PGA-1-1": 135.36042920999205,
        "PGD-1-1": 3.0496613653425766,
        "PGD-1-3": 48.54096020112323,
        "SA_0.3-1-1": 0.7394995049860865,
        "SA_1.0-1-1": 129.07772385003483
      },
      "Damage": {
        "GF.H.S-1": 1,
        "GF.V.S-1": 1,
        "LF.W1.MC-1": 1,
        "collapse-0": 0
      },
      "Loss": {
        "Repair": {
          "Cost": {
            "LF.IND2-LF.W1.MC": 2.0,
            "replacement-collapse": 0.0
          },
          "Time": {
            "LF.IND2-LF.W1.MC": 10.0,
            "replacement-collapse": 0.0
          }
        }
      }
    }
  }
}