{
  "Buildings": {
    "1": {
      "GeneralInformation": {},
      "Demand": {
        "PGA-1-1": 93.13103097226849,
        "PGD-1-1": 32.44023254939544,
        "PGD-1-3": 2.3636134951761343,
        "SA_0.3-1-1": 217.25080398328828,
        "SA_1.0-1-1": 206.92261156940216
      },
      "Damage": {
        "GF.H.S-1": 1,
        "GF.V.S-1": 2,
        "LF.W1.MC-1": 0,
        "collapse-0": 0
      },
      "Loss": {
        "Repair": {
          "Cost": {
            "LF.IND2-LF.W1.MC": 0.0,
            "replacement-collapse": 0.0
          },
          "Time": {
            "LF.IND2-LF.W1.MC": 0.0,
            "replacement-collapse": 0.0
          }
        }
      }
    },
    "2": {
      "GeneralInformation": {},
      "Demand": {
        "PGA-1-1": 97.70511615919062,
        "PGD-1-1": 2.0882888099593644,
        "PGD-1-3": 29.974556456875614,
        "SA_0.3-1-1": 0.4982394434452513,
        "SA_1.0-1-1": 217.75707712983197
      },
      "Damage": {
        "GF.H.S-1": 0,
        "GF.V.S-1": 1,
        "LF.W1.MC-1": 2,
        "collapse-0": 0
      },
      "Loss": {
        "Repair": {
          "Cost": {
            "LF.IND2-LF.W1.MC": 10.0,
            "replacement-collapse": 0.0
          },
          "Time": {
            "LF.IND2-LF.W1.MC": 30.0,
            "replacement-collapse": 0.0
          }
        }
      }
    }
  }
}