{
  "Buildings": {
    "1": {
      "GeneralInformation": {},
      "Demand": {
        "PGA-1-1": 156.68491216577635,
        "PGD-1-1": 3.428906959092079,
        "PGD-1-3": 56.808076912299505,
        "SA_0.3-1-1": 1.4448576865387999,
        "SA_1.0-1-1": 320.87634100215007
      },
      "Damage": {
        "GF.H.S-1": 2,
        "GF.V.S-1": 1,
        "LF.W1.MC-1": 1,
        "collapse-0": 0
      },
      "Loss": {
        "Repair": {
          "Cost": {
            "LF.IND2-LF.W1.MC": 2.0,
            "replacement-collapse": 0.0
          },
          "Time": {
            "LF.IND2-LF.W1.MC": 10.0,
            "replacement-collapse": 0.0
          }
        }
      }
    },
    "2": {
      "GeneralInformation": {},
      "Demand": {
        "PGA-1-1": 156.68491216577635,
        "PGD-1-1": 3.428906959092079,
        "PGD-1-3": 56.808076912299505,
        "SA_0.3-1-1": 1.4448576865387999,
        "SA_1.0-1-1": 320.87634100215007
      },
      "Damage": {
        "GF.H.S-1": 0,
        "GF.V.S-1": 1,
        "LF.W1.MC-1": 2,
        "collapse-0": 0
      },
      "Loss": {
        "Repair": {
          "Cost": {
            "LF.IND2-LF.W1.MC": 10.0,
            "replacement-collapse": 0.0
          },
          "Time": {
            "LF.IND2-LF.W1.MC": 30.0,
            "replacement-collapse": 0.0
          }
        }
      }
    }
  }
}