{
  "Buildings": {
    "1": {
      "GeneralInformation": {},
      "Demand": {
        "PGA-1-1": 102.42663596860857,
        "PGD-1-1": 2.261027410785912,
        "PGD-1-3": 33.0921626499787,
        "SA_0.3-1-1": 0.811413765327211,
        "SA_1.0-1-1": 67.92083467132848
      },
      "Damage": {
        "GF.H.S-1": 0,
        "GF.V.S-1": 1,
        "LF.W1.MC-1": 1,
        "collapse-0": 0
      },
      "Loss": {
        "Repair": {
          "Cost": {
            "LF.IND2-LF.W1.MC": 2.0,
            "replacement-collapse": 0.0
          },
          "Time": {
            "LF.IND2-LF.W1.MC": 10.0,
            "replacement-collapse": 0.0
          }
        }
      }
    },
    "2": {
      "GeneralInformation": {},
      "Demand": {
        "PGA-1-1": 102.42663596860857,
        "PGD-1-1": 2.261027410785912,
        "PGD-1-3": 33.0921626499787,
        "SA_0.3-1-1": 0.811413765327211,
        "SA_1.0-1-1": 67.92083467132848
      },
      "Damage": {
        "GF.H.S-1": 0,
        "GF.V.S-1": 0,
        "LF.W1.MC-1": 1,
        "collapse-0": 0
      },
      "Loss": {
        "Repair": {
          "Cost": {
            "LF.IND2-LF.W1.MC": 2.0,
            "replacement-collapse": 0.0
          },
          "Time": {
            "LF.IND2-LF.W1.MC": 10.0,
            "replacement-collapse": 0.0
          }
        }
      }
    }
  }
}