{
  "Buildings": {
    "1": {
      "GeneralInformation": {},
      "Demand": {
        "PGA-1-1": 100.22598519895799,
        "PGD-1-1": 2.1804214159957795,
        "PGD-1-3": 31.688913869018645,
        "SA_0.3-1-1": 0.3279038882414472,
        "SA_1.0-1-1": 112.94754269530344
      },
      "Damage": {
        "GF.H.S-1": 1,
        "GF.V.S-1": 2,
        "LF.W1.MC-1": 1,
        "collapse-0": 0
      },
      "Loss": {
        "Repair": {
          "Cost": {
            "LF.IND2-LF.W1.MC": 2.0,
            "replacement-collapse": 0.0
          },
          "Time": {
            "LF.IND2-LF.W1.MC": 10.0,
            "replacement-collapse": 0.0
          }
        }
      }
    },
    "2": {
      "GeneralInformation": {},
      "Demand": {
        "PGA-1-1": 100.22598519895799,
        "PGD-1-1": 2.1804214159957795,
        "PGD-1-3": 31.688913869018645,
        "SA_0.3-1-1": 0.3279038882414472,
        "SA_1.0-1-1": 112.94754269530344
      },
      "Damage": {
        "GF.H.S-1": 2,
        "GF.V.S-1": 0,
        "LF.W1.MC-1": 1,
        "collapse-0": 0
      },
      "Loss": {
        "Repair": {
          "Cost": {
            "LF.IND2-LF.W1.MC": 2.0,
            "replacement-collapse": 0.0
          },
          "Time": {
            "LF.IND2-LF.W1.MC": 10.0,
            "replacement-collapse": 0.0
          }
        }
      }
    }
  }
}