{
  "repair_cost-": {
    "count": 100.0,
    "mean": 1.2153999999999998,
    "std": 0.4577225572264703,
    "log_std": NaN,
    "min": 0.0,
    "0.1%": 0.0594,
    "2.3%": 0.7,
    "10%": 0.7,
    "15.9%": 0.7,
    "50%": 1.4,
    "84.1%": 1.7,
    "90%": 1.7,
    "97.7%": 1.7,
    "99.9%": 1.7,
    "max": 1.7
  },
  "repair_time-parallel": {
    "count": 100.0,
    "mean": 132.5,
    "std": 158.25158974419708,
    "log_std": NaN,
    "min": 0.0,
    "0.1%": 0.396,
    "2.3%": 10.0,
    "10%": 10.0,
    "15.9%": 10.0,
    "50%": 20.0,
    "84.1%": 375.0,
    "90%": 375.0,
    "97.7%": 375.0,
    "99.9%": 375.0,
    "max": 375.0
  },
  "repair_time-sequential": {
    "count": 100.0,
    "mean": 132.5,
    "std": 158.25158974419708,
    "log_std": NaN,
    "min": 0.0,
    "0.1%": 0.396,
    "2.3%": 10.0,
    "10%": 10.0,
    "15.9%": 10.0,
    "50%": 20.0,
    "84.1%": 375.0,
    "90%": 375.0,
    "97.7%": 375.0,
    "99.9%": 375.0,
    "max": 375.0
  },
  "collapse": {
    "count": 100.0,
    "mean": 0.0,
    "std": 0.0,
    "log_std": NaN,
    "min": 0.0,
    "0.1%": 0.0,
    "2.3%": 0.0,
    "10%": 0.0,
    "15.9%": 0.0,
    "50%": 0.0,
    "84.1%": 0.0,
    "90%": 0.0,
    "97.7%": 0.0,
    "99.9%": 0.0,
    "max": 0.0
  },
  "irreparable": {
    "count": 100.0,
    "mean": 0.0,
    "std": 0.0,
    "log_std": NaN,
    "min": 0.0,
    "0.1%": 0.0,
    "2.3%": 0.0,
    "10%": 0.0,
    "15.9%": 0.0,
    "50%": 0.0,
    "84.1%": 0.0,
    "90%": 0.0,
    "97.7%": 0.0,
    "99.9%": 0.0,
    "max": 0.0
  }
}