{
  "ONE-0-1": [
    1.0,
    1.0,
    1.0,
    1.0,
    1.0,
    1.0,
    1.0,
    1.0,
    1.0,
    1.0,
    1.0,
    1.0,
    1.0,
    1.0,
    1.0,
    1.0,
    1.0,
    1.0,
    1.0,
    1.0,
    1.0,
    1.0,
    1.0,
    1.0,
    1.0,
    1.0,
    1.0,
    1.0,
    1.0,
    1.0,
    1.0,
    1.0,
    1.0,
    1.0,
    1.0,
    1.0,
    1.0,
    1.0,
    1.0,
    1.0,
    1.0,
    1.0,
    1.0,
    1.0,
    1.0,
    1.0,
    1.0,
    1.0,
    1.0,
    1.0,
    1.0,
    1.0,
    1.0,
    1.0,
    1.0,
    1.0,
    1.0,
    1.0,
    1.0,
    1.0,
    1.0,
    1.0,
    1.0,
    1.0,
    1.0,
    1.0,
    1.0,
    1.0,
    1.0,
    1.0,
    1.0,
    1.0,
    1.0,
    1.0,
    1.0,
    1.0,
    1.0,
    1.0,
    1.0,
    1.0,
    1.0,
    1.0,
    1.0,
    1.0,
    1.0,
    1.0,
    1.0,
    1.0,
    1.0,
    1.0,
    1.0,
    1.0,
    1.0,
    1.0,
    1.0,
    1.0,
    1.0,
    1.0,
    1.0,
    1.0
  ],
  "PGA-1-1": [
    85.59401106109013,
    85.10429798696252,
    172.79104818363075,
    162.1303090020828,
    85.6081830500437,
    95.61826826552931,
    82.82322531556369,
    296.72232636768206,
    132.03076606378417,
    313.35884608327166,
    128.22095672784187,
    202.20204145084216,
    129.86920660239807,
    280.13458353078966,
    75.73127911384091,
    227.28569491774184,
    123.78596352915439,
    120.08316930418192,
    96.00517646921968,
    133.19159683826626,
    136.1081624721048,
    163.61687401984693,
    142.48208725167856,
    181.25239450341286,
    156.57196166342752,
    239.89650465858287,
    114.16497045317996,
    116.91874132856351,
    131.92887833478775,
    66.29518319938052,
    235.25693998235005,
    54.70101747979872,
    375.60674330417805,
    187.42727380526955,
    274.42687794753505,
    377.3276446894946,
    210.36276774122416,
    131.24890497368605,
    181.18845191274568,
    255.86240820586477,
    283.60138065177864,
    64.96700869647808,
    132.01567482136736,
    131.37999232910462,
    182.38518925321654,
    103.75831141612775,
    55.35230067534414,
    257.54549073966103,
    177.6918167563611,
    426.7925795321932,
    129.86286363017055,
    143.43006428131363,
    379.0061161022188,
    95.82578517426788,
    205.61253752245048,
    165.4889370909202,
    105.60193114852474,
    219.61569260921593,
    113.87139866090779,
    86.17099745926294,
    105.34859871012053,
    169.24811046955125,
    249.5423083882728,
    65.26304717507647,
    186.51641383632276,
    195.94148408170372,
    79.83855334756447,
    73.00134214841117,
    90.74447428200521,
    95.20947308546958,
    95.487982908582,
    92.20465570122867,
    126.44818540675342,
    195.78778985994356,
    339.8809023159887,
    330.88179901941845,
    84.73997550104134,
    34.54396066024337,
    56.858502260568365,
    70.04562346817355,
    212.55326594703126,
    104.083267367065,
    207.1415262324408,
    149.81267350190524,
    64.30477016101277,
    108.57455817549824,
    167.33021427501404,
    88.89633196983411,
    90.72163253805762,
    187.89375659157315,
    76.95038111341297,
    144.0199777042781,
    173.539352652046,
    96.85984044223208,
    91.74447619467408,
    143.97902773736743,
    182.5927403417776,
    200.6402158615171,
    33.34418522035568,
    294.296068836494
  ],
  "PGD-1-1": [
    3.145154269606592,
    1.694992253173805,
    0.20771058873788825,
    5.2780859013790415,
    1.1327419949975253,
    2.310293977734915,
    0.9590002920068237,
    0.7197884649183879,
    5.15432150950944,
    0.837355409249755,
    0.14138370627030017,
    0.2588515968412302,
    16.85192691864835,
    0.6041289612609044,
    0.05987879832696612,
    8.063079559812488,
    0.1357601055897224,
    13.887937698353715,
    2.3608031001815006,
    15.244629383002247,
    4.982468261786161,
    0.19407365210405703,
    4.609484276527616,
    5.078172182491145,
    0.18480957660608213,
    6.916535466217479,
    0.12526778298316144,
    9.91207563696436,
    3.152499513545625,
    0.0315961826681479,
    13.385030320684875,
    2.5671258037244162,
    16.074567393136423,
    0.23254661679119754,
    24.066526031092376,
    1.310932049100647,
    7.167695671749636,
    0.14553969940400377,
    0.2215009331025544,
    27.33282432112913,
    13.896641336533692,
    0.028968407287341052,
    0.14662862515925543,
    3.497869321109664,
    6.182707565543506,
    4.032113821273085,
    1.2861054405937848,
    0.4534363757524875,
    5.9913484763271,
    44.117474588694016,
    3.2936240995747887,
    3.9700930529348737,
    20.85857910453846,
    2.0079817085554748,
    0.26383663163630217,
    0.1967243226816568,
    11.094248186624055,
    5.717112124885404,
    4.057359648236664,
    0.07712525956049372,
    3.9706001273752856,
    0.2022189707654772,
    15.388726911410872,
    0.7659955781438401,
    7.308983651300342,
    5.715439739745708,
    0.07047996281828488,
    7.367292056686415,
    0.0826316203059356,
    3.752054669100109,
    10.20439500733671,
    2.5480427422119583,
    4.3851051407746215,
    8.728939519773691,
    13.891984726336172,
    25.746150345284665,
    6.082418310144038,
    0.006513558318145505,
    0.016380230201384495,
    0.9156247313085801,
    0.2744515985641114,
    3.9990806045167746,
    27.426994377986038,
    0.1771855880293637,
    0.027731777564607627,
    3.8187868357681376,
    0.1993754592855832,
    3.053355131324091,
    0.0826023830977906,
    20.630861013243305,
    2.4062475131521017,
    16.10700631485786,
    5.009690890607792,
    3.1706867026880143,
    14.555793934359215,
    5.809795898594277,
    5.336019967533099,
    0.2566159187653669,
    0.13175988386385315,
    18.934575499136866
  ],