,repair_cost-,repair_time-parallel,repair_time-sequential,collapse,irreparable
count,100.0,100.0,100.0,100.0,100.0
mean,0.277,10.58,10.58,0.0,0.0
std,0.3690979996333404,22.315995078948113,22.315995078948113,0.0,0.0
log_std,,,,,
min,0.0,0.0,0.0,0.0,0.0
0.1%,0.0,0.0,0.0,0.0,0.0
2.3%,0.0,0.0,0.0,0.0,0.0
10%,0.0,0.0,0.0,0.0,0.0
15.9%,0.0,0.0,0.0,0.0,0.0
50%,0.1,2.0,2.0,0.0,0.0
84.1%,0.75,9.0,9.0,0.0,0.0
90%,0.9,70.0,70.0,0.0,0.0
97.7%,0.9,70.0,70.0,0.0,0.0
99.9%,0.9,70.0,70.0,0.0,0.0
max,0.9,70.0,70.0,0.0,0.0
