{
    "Constants": {
        "START_TIME_STEP": 0,
        "MAX_TIME_STEP": 3650,
        "DISASTER_TIME_STEP": 1,
        "DS4_REPAIR_DURATION": 240,
        "MAX_REPAIR_CREW_DEMAND_PER_BUILDING": 50,
        "MAX_RESIDENTS_PER_BUILDING": 2000,
        "HOUSING_RESOURCES": ["Shelter"],
        "REPAIR_CREW_DEMAND_PER_SQFT": {
            "DS1": 5400,
            "DS2": 5400,
            "DS3": 2700,
            "DS4": 2700
        },
        "DEFAULT_REPAIR_DURATION_DICT": {
            "Lognormal": {
                "Median": 0,
                "Dispersion": 0.3
            }
        }
    },
    "Content": {
        "Locality 1": {
            "ComponentsInLocality": {
                "Geometry": "MULTIPOLYGON (((-122.22364700099996 37.756926, -122.22357732199998 37.75599249800007, -122.22456224599995 37.75597736900005, -122.22467158599994 37.75597753200003, -122.22542916299994 37.755978655000035, -122.22546600199996 37.75597871000008, -122.22551963999996 37.756014812000046, -122.22577662299994 37.756187768000075, -122.22582412199995 37.75621976000008, -122.225823607 37.75624449600008, -122.225823435 37.75625273400004, -122.225856755 37.756246334000025, -122.22592165599997 37.75623386500007, -122.22590537499997 37.75665432900007, -122.22589911699998 37.75719210800003, -122.22592568699997 37.757259549000025, -122.22598005499998 37.75731249100005, -122.226048059 37.75736089600008, -122.226277526 37.75752423800003, -122.22667980999995 37.757810594000034, -122.22691135999997 37.75797135800008, -122.22957087299994 37.75981774300004, -122.22959643399997 37.75983548800008, -122.22991061299996 37.76005359800007, -122.22992466999995 37.760063358000025, -122.22966327599994 37.760297398000034, -122.22997482899996 37.760511059000066, -122.22997898799997 37.76051391200008, -122.23043520199997 37.76082677900007, -122.23120207799997 37.76135894000004, -122.23258935099994 37.76232798500007, -122.23268401399997 37.76239410800008, -122.23325963999997 37.76268032300004, -122.23338170099998 37.76274101400003, -122.23359759199997 37.762848965000046, -122.23380266299995 37.76295539500006, -122.23413844299995 37.76312966000006, -122.234653391 37.76340421300006, -122.23486832699996 37.763518807000025, -122.23537030199998 37.76377889300005, -122.23544966699995 37.76382001200005, -122.23585966499996 37.76403244000005, -122.23685493599999 37.76455362200005, -122.23687988999995 37.76456668800006, -122.23725569299995 37.76476347400006, -122.237557945 37.76492039300007, -122.23846358699996 37.76539056400003, -122.23905104099998 37.76570172600003, -122.24058783999999 37.766480631000036, -122.24077944599998 37.76664633200005, -122.24061034899995 37.76684491800006, -122.24021804999995 37.76730563000007, -122.23952896299994 37.76812770500004, -122.238835672 37.76895608900003, -122.23814128799995 37.76977709700003, -122.23745061699998 37.77060420600003, -122.23690589599994 37.771243635000076, -122.23652486099996 37.77170197400005, -122.23462443799997 37.77087001900003, -122.23047294399998 37.769048947000044, -122.23026980699996 37.76895983500003, -122.23026115799996 37.76895593000006, -122.22879846899997 37.76829576600005, -122.22750718199995 37.76742635800008, -122.22733848599995 37.76728722100006, -122.22639242399998 37.76651525700004, -122.22559953099994 37.76565874500005, -122.22494262099997 37.76455645600004, -122.22493579899998 37.764542592000055, -122.22493245699997 37.76453461400007, -122.224357592 37.763162675000046, -122.22405590499994 37.761743403000025, -122.22405604799997 37.76167408200007, -122.22400683799998 37.76131790300008, -122.22400008099999 37.761268991000065, -122.22394055299998 37.76083812100006, -122.22391479299995 37.760494090000066, -122.22391063199996 37.76043850800005, -122.22384844499999 37.75960797700003, -122.22383368199996 37.75941080400003, -122.22380628499997 37.75904489000004, -122.22376968599997 37.75855607600005, -122.22376751299998 37.758527051000044, -122.22375199899994 37.75831984900003, -122.22369651399998 37.757578771000055, -122.22369416299995 37.75754736700003, -122.22365210199996 37.756985574000055, -122.22364710799997 37.75692795800006, -122.22364700099996 37.756926)))",
                "RecoveryResourceSuppliers": [
                    "EmergencyResponseCenter"
                ],
                "BuildingsInfoFolder": "./Example 5/tmp.SimCenter/Results/",
                "BuildingIDsRange": [
                    8000,
                    9000
                ],
                "MaxNumBuildings": 100,
                "AreaPerPerson": 541
            }
        }
    },
    "DamageInput": {
        "Type": "R2DDamageInput",
        "Parameters": {
            "ScenarioID": 1
        }
    },
    "Resources": {
        "Shelter": {
            "Group": "Utilities",
            "DistributionModel": {
                "Type": "UtilityDistributionModel",
                "Parameters": {
                    "DistributionPriority": {
                        "Type": "SupplierOnlyDistributionPriority",
                        "Parameters": {}
                    }                    
                }
            }
        },
        "FirstResponderEngineer": {
            "Group": "RecoveryResources",
            "DistributionModel": {
                "Type": "UtilityDistributionModel",
                "Parameters": {
                    "DistributionPriority": {
                        "Type": "RandomPriority",
                        "Parameters": {
                            "Seed": 42.0,
                            "DemandType": [
                                "RecoveryDemand"
                            ]
                        }
                    }
                }
            }
        },
        "SeniorEngineer": {
            "Group": "RecoveryResources",
            "DistributionModel": {
                "Type": "UtilityDistributionModel",
                "Parameters": {
                    "DistributionPriority": {
                        "Type": "RandomPriority",
                        "Parameters": {
                            "Seed": 42.0,
                            "DemandType": [
                                "RecoveryDemand"
                            ]
                        }
                    }
                }
            }
        },
        "Contractor": {
            "Group": "RecoveryResources",
            "DistributionModel": {
                "Type": "UtilityDistributionModel",
                "Parameters": {
                    "DistributionPriority": {
                        "Type": "RandomPriority",
                        "Parameters": {
                            "Seed": 42.0,
                            "DemandType": [
                                "RecoveryDemand"
                            ]
                        }
                    }
                }
            }
        },
        "Money": {
            "Group": "RecoveryResources",
            "DistributionModel": {
                "Type": "UtilityDistributionModel",
                "Parameters": {
                    "DistributionPriority": {
                        "Type": "RandomPriority",
                        "Parameters": {
                            "Seed": 42.0,
                            "DemandType": [
                                "RecoveryDemand"
                            ]
                        }
                    }
                }
            }
        },
        "PlanCheckEngineeringTeam": {
            "Group": "RecoveryResources",
            "DistributionModel": {
                "Type": "UtilityDistributionModel",
                "Parameters": {
                    "DistributionPriority": {
                        "Type": "RandomPriority",
                        "Parameters": {
                            "Seed": 42.0,