{
  "ONE-0-1": [
    1.0,
    1.0,
    1.0,
    1.0,
    1.0,
    1.0,
    1.0,
    1.0,
    1.0,
    1.0,
    1.0,
    1.0,
    1.0,
    1.0,
    1.0,
    1.0,
    1.0,
    1.0,
    1.0,
    1.0,
    1.0,
    1.0,
    1.0,
    1.0,
    1.0,
    1.0,
    1.0,
    1.0,
    1.0,
    1.0,
    1.0,
    1.0,
    1.0,
    1.0,
    1.0,
    1.0,
    1.0,
    1.0,
    1.0,
    1.0,
    1.0,
    1.0,
    1.0,
    1.0,
    1.0,
    1.0,
    1.0,
    1.0,
    1.0,
    1.0,
    1.0,
    1.0,
    1.0,
    1.0,
    1.0,
    1.0,
    1.0,
    1.0,
    1.0,
    1.0,
    1.0,
    1.0,
    1.0,
    1.0,
    1.0,
    1.0,
    1.0,
    1.0,
    1.0,
    1.0,
    1.0,
    1.0,
    1.0,
    1.0,
    1.0,
    1.0,
    1.0,
    1.0,
    1.0,
    1.0,
    1.0,
    1.0,
    1.0,
    1.0,
    1.0,
    1.0,
    1.0,
    1.0,
    1.0,
    1.0,
    1.0,
    1.0,
    1.0,
    1.0,
    1.0,
    1.0,
    1.0,
    1.0,
    1.0,
    1.0
  ],
  "PGA-1-1": [
    85.59401106109013,
    85.10429798696252,
    177.1474773629812,
    162.1303090020828,
    69.2071801827699,
    95.61826826552931,
    84.94779489582913,
    188.2199263525264,
    132.03076606378417,
    259.7719164511963,
    128.22095672784187,
    202.20204145084216,
    162.8613287755674,
    258.6192336041415,
    87.89226111716651,
    227.28569491774184,
    92.05704921285768,
    105.91582296621648,
    85.45159079587243,
    172.51947892330628,
    160.5855682336482,
    139.05209670330467,
    182.05557640360323,
    181.25239450341286,
    164.44063472773055,
    239.89650465858287,
    95.61401899536051,
    94.638582648629,
    131.92887833478775,
    66.29518319938052,
    259.43761461911214,
    52.8157217896409,
    274.6441522483943,
    152.21581218347333,
    292.978433987734,
    377.3276446894946,
    165.72693951363917,
    157.56845060006899,
    166.64434812168915,
    212.21322033062413,
    366.07361126513234,
    64.96700869647808,
    134.96776482567907,
    131.37999232910462,
    182.38518925321654,
    128.42332931555478,
    55.35230067534414,
    257.54549073966103,
    177.6918167563611,
    403.3896403837241,
    132.1940794077404,
    143.43006428131363,
    379.0061161022188,
    78.10937895636195,
    170.57749860503117,
    170.34793984403845,
    87.7551077736815,
    219.61569260921593,
    144.127623457125,
    86.17099745926294,
    126.4955128836291,
    169.24811046955125,
    282.34797259488823,
    54.277135105959154,
    210.70292993144838,
    204.46733117180904,
    109.65872183101712,
    62.71756832366789,
    100.4071616344512,
    108.68082442197093,
    77.49988051916321,
    92.20465570122867,
    133.00678999000598,
    225.6869966109992,
    189.57545351040028,
    373.3755173438254,
    90.9119720881998,
    30.725739439778142,
    70.0661371248279,
    71.51432057083036,
    212.55326594703126,
    104.083267367065,
    193.40390182024686,
    137.66264155971768,
    74.87741305044345,
    147.83209170240855,
    147.89685653822335,
    88.89633196983411,
    90.72163253805762,
    253.05517247684529,
    76.95038111341297,
    128.41063706665477,
    173.539352652046,
    96.85984044223208,
    169.22458373940805,
    143.97902773736743,
    153.50601715780485,
    200.6402158615171,
    46.34791491687789,
    294.296068836494
  ],
  "PGD-1-1": [
    3.145154269606592,
    1.694992253173805,
    4.853135207953794,
    5.2780859013790415,
    1.7174345100639736,
    2.310293977734915,
    0.6648449994440361,
    16.878647029711843,
    5.15432150950944,
    19.0506378469854,
    0.14138370627030017,
    0.2588515968412302,
    5.3741794030042955,
    16.71267394501155,
    1.4722155277179723,
    8.063079559812488,
    4.105887043847913,
    5.281174312351667,
    3.187949897754044,
    5.012223765481321,
    5.96017503621285,
    4.662507545279745,
    5.695005811979425,
    5.078172182491145,
    5.494915635110614,
    6.916535466217479,
    2.6622428629340957,
    2.884035802988457,
    3.152499513545625,
    0.0315961826681479,
    0.46535114591410953,
    0.4260380892055184,
    0.5666828437411089,
    5.957260083340559,
    14.568391531837682,
    1.310932049100647,
    5.988809115615613,
    4.3679280533933085,
    6.615191551645193,
    17.273293232425054,
    15.369379837243375,
    0.028968407287341052,
    3.44335599333111,
    3.497869321109664,
    6.182707565543506,
    0.14165459451397877,
    1.2861054405937848,
    0.4534363757524875,
    5.9913484763271,
    1.5060079614715476,
    4.306389752586866,
    3.9700930529348737,
    20.85857910453846,
    0.068829476339225,
    5.138949705304693,
    5.796321549255661,
    2.996208916685656,
    5.717112124885404,
    5.0045431127097695,
    0.07712525956049372,
    5.0130297081649,
    0.2022189707654772,
    0.6191554244117311,
    0.013345768335713016,
    6.28068028680716,
    0.26214658219700887,
    1.6511949029048791,
    0.02494551618092237,
    1.8911426994005716,
    0.11541904380146814,
    1.569435494355852,
    2.5480427422119583,
    3.3985279053308335,
    0.2972873355105468,
    12.772169009009843,
    1.2814558420747777,
    0.08284659053822657,
    3.489366884025657e-09,
    0.4666180779825195,
    0.04445304481526845,
    0.2744515985641114,
    3.9990806045167746,
    14.604217017880583,
    4.871394458323182,
    1.9402738222216893,
    2.804594191797296,
    4.635048537098895,
    3.053355131324091,
    0.0826023830977906,
    7.732338976035914,
    2.4062475131521017,
    2.252440231782446,
    5.009690890607792,
    3.1706867026880143,
    4.393268196091589,
    5.809795898594277,
    0.18116403220210917,
    0.2566159187653669,
    0.006627324294197674,
    18.934575499136866
  ],