,repair_cost-,repair_time-parallel,repair_time-sequential,collapse,irreparable
count,100.0,100.0,100.0,100.0,100.0
mean,0.18350000000000002,8.33,8.33,0.0,0.0
std,0.3186980300275393,20.815230923144675,20.815230923144675,0.0,0.0
log_std,,,,,
min,0.0,0.0,0.0,0.0,0.0
0.1%,0.0,0.0,0.0,0.0,0.0
2.3%,0.0,0.0,0.0,0.0,0.0
10%,0.0,0.0,0.0,0.0,0.0
15.9%,0.0,0.0,0.0,0.0,0.0
50%,0.0,0.0,0.0,0.0,0.0
84.1%,0.75,9.0,9.0,0.0,0.0
90%,0.7650000000000012,15.10000000000052,15.10000000000052,0.0,0.0
97.7%,0.9,70.0,70.0,0.0,0.0
99.9%,0.9,70.0,70.0,0.0,0.0
max,0.9,70.0,70.0,0.0,0.0
