{
  "repair_cost-": {
    "count": 100.0,
    "mean": 0.1835,
    "std": 0.3186980300275393,
    "log_std": NaN,
    "min": 0.0,
    "0.1%": 0.0,
    "2.3%": 0.0,
    "10%": 0.0,
    "15.9%": 0.0,
    "50%": 0.0,
    "84.1%": 0.75,
    "90%": 0.7650000000000012,
    "97.7%": 0.9,
    "99.9%": 0.9,
    "max": 0.9
  },
  "repair_time-parallel": {
    "count": 100.0,
    "mean": 8.33,
    "std": 20.815230923144675,
    "log_std": NaN,
    "min": 0.0,
    "0.1%": 0.0,
    "2.3%": 0.0,
    "10%": 0.0,
    "15.9%": 0.0,
    "50%": 0.0,
    "84.1%": 9.0,
    "90%": 15.10000000000052,
    "97.7%": 70.0,
    "99.9%": 70.0,
    "max": 70.0
  },
  "repair_time-sequential": {
    "count": 100.0,
    "mean": 8.33,
    "std": 20.815230923144675,
    "log_std": NaN,
    "min": 0.0,
    "0.1%": 0.0,
    "2.3%": 0.0,
    "10%": 0.0,
    "15.9%": 0.0,
    "50%": 0.0,
    "84.1%": 9.0,
    "90%": 15.10000000000052,
    "97.7%": 70.0,
    "99.9%": 70.0,
    "max": 70.0
  }
}