{
  "ONE-0-1": [
    1.0,
    1.0,
    1.0,
    1.0,
    1.0,
    1.0,
    1.0,
    1.0,
    1.0,
    1.0,
    1.0,
    1.0,
    1.0,
    1.0,
    1.0,
    1.0,
    1.0,
    1.0,
    1.0,
    1.0,
    1.0,
    1.0,
    1.0,
    1.0,
    1.0,
    1.0,
    1.0,
    1.0,
    1.0,
    1.0,
    1.0,
    1.0,
    1.0,
    1.0,
    1.0,
    1.0,
    1.0,
    1.0,
    1.0,
    1.0,
    1.0,
    1.0,
    1.0,
    1.0,
    1.0,
    1.0,
    1.0,
    1.0,
    1.0,
    1.0,
    1.0,
    1.0,
    1.0,
    1.0,
    1.0,
    1.0,
    1.0,
    1.0,
    1.0,
    1.0,
    1.0,
    1.0,
    1.0,
    1.0,
    1.0,
    1.0,
    1.0,
    1.0,
    1.0,
    1.0,
    1.0,
    1.0,
    1.0,
    1.0,
    1.0,
    1.0,
    1.0,
    1.0,
    1.0,
    1.0,
    1.0,
    1.0,
    1.0,
    1.0,
    1.0,
    1.0,
    1.0,
    1.0,
    1.0,
    1.0,
    1.0,
    1.0,
    1.0,
    1.0,
    1.0,
    1.0,
    1.0,
    1.0,
    1.0,
    1.0
  ],
  "PGA-1-1": [
    85.59401106109013,
    68.95133795095377,
    135.53345766237106,
    140.05156215935875,
    61.68297160434131,
    106.31332295683748,
    82.82322531556369,
    195.1822644017784,
    129.5642164385963,
    259.7719164511963,
    110.79866914572986,
    207.0945916823442,
    162.8613287755674,
    280.13458353078966,
    87.89226111716651,
    233.56946645738427,
    123.78596352915439,
    105.91582296621648,
    81.93061451554651,
    145.9688184308125,
    160.5855682336482,
    163.61687401984693,
    142.48208725167856,
    181.25239450341286,
    164.44063472773055,
    229.10793769622293,
    114.16497045317996,
    65.95112830467485,
    131.92887833478775,
    66.29518319938052,
    178.40489227767054,
    58.27132059573631,
    321.6195733637811,
    187.42727380526955,
    292.978433987734,
    249.9202106846656,
    213.58003135171572,
    131.24890497368605,
    166.64434812168915,
    232.29495888821043,
    366.07361126513234,
    64.96700869647808,
    146.9832934223282,
    144.91459995280343,
    182.38518925321654,
    103.75831141612775,
    44.39982914723209,
    208.6356153252808,
    177.6918167563611,
    398.7416075829617,
    121.1800979044514,
    128.2367151779839,
    317.65115225452274,
    103.51362082800782,
    170.57749860503117,
    170.34793984403845,
    96.47943491332045,
    226.49253907445453,
    144.127623457125,
    86.17099745926294,
    140.23128781920383,
    152.44171665692906,
    246.8752687629001,
    59.85299355532687,
    190.01234595088957,
    166.91534044637345,
    79.83855334756447,
    63.60443461147455,
    77.01681838479145,
    108.68082442197093,
    90.71278010775087,
    92.20465570122867,
    178.67505331941337,
    225.6869966109992,
    158.55924043028415,
    373.3755173438254,
    73.5904065826639,
    32.2662763621524,
    56.858502260568365,
    70.04562346817355,
    156.7379852229376,
    132.5335973612346,
    190.5669477137344,
    122.82400781998967,
    74.87741305044345,
    108.57455817549824,
    147.89685653822335,
    88.89633196983411,
    96.27949646794384,
    217.877316167308,
    79.22012882374865,
    117.88896829663815,
    172.127726341249,
    96.85984044223208,
    169.22458373940805,
    145.06752380146187,
    161.97966660116887,
    248.7164541153003,
    34.744229973216555,
    228.69830285662295
  ],
  "PGD-1-1": [
    0.20100756542284287,
    0.04918560038320194,
    0.32539786072568505,
    0.2083315564847199,
    0.04544347756347561,
    0.1919281319189665,
    0.07914796431884163,
    0.7286261325634925,
    0.23200877055432248,
    0.9296133426211962,
    0.1547499559154928,
    0.400513709385609,
    0.3121461301941599,
    14.413985014148931,
    0.10837680952650612,
    0.35017159871059306,
    2.2553445366015934,
    0.30359594764055253,
    0.09803543692018753,
    3.025241483339234,
    0.3348072201995593,
    3.585929045442226,
    0.25838514760985715,
    0.2967963400017188,
    0.3137749754020691,
    0.2648811885873695,
    1.9894597816238784,
    0.09910311749901766,
    0.2054253117019228,
    0.4286946273933393,
    0.4786513341450783,
    0.24676892074543064,
    0.5806622043746217,
    4.322521281445051,
    0.6170956876523345,
    1.3115571607531684,
    0.2719459899420356,
    2.503377993268288,
    0.3665721123250048,
    0.8573173643473968,
    0.6529002892000428,
    0.39201473673614734,
    0.25795216760600304,
    0.15630938118981796,
    0.34704209136915537,
    0.24500834987689918,
    0.014315736607483375,
    0.6597682588908056,
    0.33545393233799164,
    1.6490932703520367,
    2.1816282071068125,
    2.4118521201255465,
    17.893866990231857,
    0.10852395949362798,
    0.27870591093853203,
    0.32688991595148087,
    0.13579377779327848,
    0.37976059592098566,
    0.2930765444733527,
    1.2559586455190936,
    2.846181271829616,
    0.3292735625999513,
    0.7248241405120217,
    0.02211116275488148,
    0.29671954135948686,
    0.27394192569887243,
    0.9526351501154064,
    0.1051145704686545,
    0.08778563032549258,
    1.8247311955559988,
    1.3954431323568828,
    0.1622509186716083,
    0.318511007078653,
    6.625949326767896,
    0.43870781074367754,
    23.493659539637186,
    0.08919662225374142,
    9.556407724135557e-05,
    0.2243235507027444,
    0.07159878570824929,
    0.3930511995969944,
    0.18983887516498732,
    0.4711669011997078,
    0.18984745299942016,
    0.13294800692754544,
    0.23394434104444778,
    0.2589676613264253,
    0.19015688287299923,
    0.2095661004704271,
    5.186881793983494,
    0.9254887876911688,
    0.1966558831065258,
    3.8596218851327233,
    0.19652613682753559,
    0.263987635109258,
    0.2641393134767451,
    0.24697642962799424,
    0.40281320079281346,
    0.00777863223057721,
    0.8052826225299402
  ],