{
  "ONE-0-1": [
    1.0,
    1.0,
    1.0,
    1.0,
    1.0,
    1.0,
    1.0,
    1.0,
    1.0,
    1.0,
    1.0,
    1.0,
    1.0,
    1.0,
    1.0,
    1.0,
    1.0,
    1.0,
    1.0,
    1.0,
    1.0,
    1.0,
    1.0,
    1.0,
    1.0,
    1.0,
    1.0,
    1.0,
    1.0,
    1.0,
    1.0,
    1.0,
    1.0,
    1.0,
    1.0,
    1.0,
    1.0,
    1.0,
    1.0,
    1.0,
    1.0,
    1.0,
    1.0,
    1.0,
    1.0,
    1.0,
    1.0,
    1.0,
    1.0,
    1.0,
    1.0,
    1.0,
    1.0,
    1.0,
    1.0,
    1.0,
    1.0,
    1.0,
    1.0,
    1.0,
    1.0,
    1.0,
    1.0,
    1.0,
    1.0,
    1.0,
    1.0,
    1.0,
    1.0,
    1.0,
    1.0,
    1.0,
    1.0,
    1.0,
    1.0,
    1.0,
    1.0,
    1.0,
    1.0,
    1.0,
    1.0,
    1.0,
    1.0,
    1.0,
    1.0,
    1.0,
    1.0,
    1.0,
    1.0,
    1.0,
    1.0,
    1.0,
    1.0,
    1.0,
    1.0,
    1.0,
    1.0,
    1.0,
    1.0,
    1.0
  ],
  "PGA-1-1": [
    102.11152447285855,
    75.54145366836897,
    172.79104818363075,
    166.50252701257804,
    68.25918434549504,
    106.31332295683748,
    82.82322531556369,
    296.72232636768206,
    132.03076606378417,
    313.35884608327166,
    131.62784182884636,
    202.20204145084216,
    162.8613287755674,
    267.3879966407153,
    75.73127911384091,
    233.56946645738427,
    123.78596352915439,
    105.91582296621648,
    96.00517646921968,
    138.78112442640173,
    173.5207338122821,
    139.05209670330467,
    140.576672928268,
    181.25239450341286,
    164.44063472773055,
    239.89650465858287,
    114.16497045317996,
    94.48209703127841,
    131.92887833478775,
    59.417471843178944,
    236.1288796717407,
    64.2435414537307,
    375.60674330417805,
    152.21581218347333,
    264.1059496308598,
    287.2695181693068,
    200.88200514487733,
    157.56845060006899,
    160.12823799400397,
    232.29495888821043,
    312.42500811175427,
    72.31195700754252,
    134.96776482567907,
    131.37999232910462,
    182.38518925321654,
    128.42332931555478,
    43.481575503708406,
    257.54549073966103,
    177.6918167563611,
    403.3896403837241,
    121.1800979044514,
    143.43006428131363,
    415.2773379515615,
    78.10937895636195,
    205.61253752245048,
    165.4889370909202,
    96.47943491332045,
    219.61569260921593,
    144.127623457125,
    107.93861771568518,
    105.34859871012053,
    152.44171665692906,
    246.8752687629001,
    54.277135105959154,
    186.51641383632276,
    204.46733117180904,
    109.65872183101712,
    62.71756832366789,
    100.4071616344512,
    108.68082442197093,
    90.71278010775087,
    86.61057655335003,
    126.44818540675342,
    189.64750900251903,
    339.8809023159887,
    330.88179901941845,
    90.9119720881998,
    30.725739439778142,
    56.858502260568365,
    71.51432057083036,
    212.55326594703126,
    104.083267367065,
    193.40390182024686,
    139.25249481669067,
    56.125767253714955,
    108.57455817549824,
    167.33021427501404,
    91.5042844427548,
    96.27949646794384,
    253.05517247684529,
    76.95038111341297,
    114.4649263518319,
    182.4488239896185,
    96.85984044223208,
    169.22458373940805,
    145.06752380146187,
    161.97966660116887,
    153.13492242284016,
    33.34418522035568,
    294.296068836494
  ],
  "PGD-1-1": [
    0.10054244863721408,
    1.1514815930729034,
    0.20771058873788825,
    0.19817822378046213,
    0.03589590856100595,
    3.1318781644232887,
    0.9590002920068237,
    0.7197884649183879,
    5.15432150950944,
    0.837355409249755,
    4.367094276937267,
    0.2588515968412302,
    5.3741794030042955,
    28.973311066310536,
    0.05987879832696612,
    6.516169885281717,
    0.1357601055897224,
    5.281174312351667,
    2.3608031001815006,
    4.0523249439232965,
    0.20886446449183158,
    4.662507545279745,
    17.234634533576752,
    5.078172182491145,
    5.494915635110614,
    6.916535466217479,
    0.12526778298316144,
    0.08768533681517388,
    3.152499513545625,
    1.618031241968915,
    14.54126759022517,
    0.6056267082825055,
    16.074567393136423,
    5.957260083340559,
    0.49545591519286414,
    27.091435544829736,
    0.2569601422456987,
    4.3679280533933085,
    5.437356614313464,
    18.10208992477799,
    31.2722395947606,
    1.7261002638221528,
    3.44335599333111,
    3.497869321109664,
    6.182707565543506,
    0.14165459451397877,
    0.004650515331493734,
    0.4534363757524875,
    5.9913484763271,
    1.5060079614715476,
    0.13275845854623144,
    3.9700930529348737,
    19.388947525489023,
    0.068829476339225,
    0.26383663163630217,
    0.1967243226816568,
    2.2196512198001686,
    5.717112124885404,
    5.0045431127097695,
    1.913082914315908,
    3.9706001273752856,
    5.857320714194728,
    16.10494017279123,
    0.013345768335713016,
    7.308983651300342,
    0.26214658219700887,
    1.6511949029048791,
    0.02494551618092237,
    1.8911426994005716,
    0.11541904380146814,
    0.08259105711445909,
    7.922412498066668,
    4.3851051407746215,
    7.739427359248807,
    13.891984726336172,
    25.746150345284665,
    0.08284659053822657,
    3.489366884025657e-09,
    0.016380230201384495,
    0.04445304481526845,
    0.2744515985641114,
    3.9990806045167746,
    14.604217017880583,
    13.564298088163044,
    1.2000041180220549,
    3.8187868357681376,
    0.1993754592855832,
    0.08361499688394412,
    3.455155327693056,
    7.732338976035914,
    2.4062475131521017,
    0.12557202103980947,
    6.076010586491023,
    3.1706867026880143,
    4.393268196091589,
    4.757777956143998,
    4.313934973516873,
    6.114763884464716,
    0.13175988386385315,
    18.934575499136866
  ],