{
  "Buildings": {
    "1": {
      "GeneralInformation": {},
      "Demand": {
        "PGA-1-1": 85.55010549419913,
        "PGD-1-1": 1.5567868193380066,
        "PGD-1-3": 21.332883530338677,
        "SA_0.3-1-1": 0.8098079341044739,
        "SA_1.0-1-1": 303.07521893446796
      },
      "Damage": {
        "GF.H.S-1": 0,
        "GF.V.S-1": 1,
        "LF.W1.MC-1": 1,
        "collapse-0": 0
      },
      "Loss": {
        "Repair": {
          "Cost": {
            "LF.IND2-LF.W1.MC": 2.0,
            "replacement-collapse": 0.0
          },
          "Time": {
            "LF.IND2-LF.W1.MC": 10.0,
            "replacement-collapse": 0.0
          }
        }
      }
    },
    "2": {
      "GeneralInformation": {},
      "Demand": {
        "PGA-1-1": 85.55010549419913,
        "PGD-1-1": 1.5567868193380066,
        "PGD-1-3": 21.332883530338677,
        "SA_0.3-1-1": 0.8098079341044739,
        "SA_1.0-1-1": 303.07521893446796
      },
      "Damage": {
        "GF.H.S-1": 0,
        "GF.V.S-1": 1,
        "LF.W1.MC-1": 0,
        "collapse-0": 0
      },
      "Loss": {
        "Repair": {
          "Cost": {
            "LF.IND2-LF.W1.MC": 0.0,
            "replacement-collapse": 0.0
          },
          "Time": {
            "LF.IND2-LF.W1.MC": 0.0,
            "replacement-collapse": 0.0
          }
        }
      }
    }
  },
  "TransportationNetwork": {
    "Bridge": {
      "0": {
        "GeneralInformation": {},
        "Demand": {
          "PGA-1-1": 111.76276710300111,
          "PGD-1-1": 40.868637965057125,
          "PGD-1-3": 3.25260865313554,
          "SA_0.3-1-1": 392.3439817137412,
          "SA_1.0-1-1": 283.14830914717584
        },
        "Damage": {
          "HWB.GF-1": 2,
          "HWB.GS.1-1": 0,
          "collapse-0": 0
        },
        "Loss": {
          "Repair": {
            "Cost": {
              "HWB-HWB.GF": 0.7,
              "HWB-HWB.GS.1": 0.0,
              "replacement-collapse": 0.0
            },
            "Time": {
              "HWB-HWB.GF": 10.0,
              "HWB-HWB.GS.1": 0.0,
              "replacement-collapse": 0.0
            }
          }
        }
      }
    },
    "Roadway": {
      "3015": {
        "GeneralInformation": {},
        "Demand": {
          "PGA-1-1": 90.9119720881998,
          "PGD-1-1": 0.08284659053822657,
          "PGD-1-3": 1.3990640719830751,
          "SA_0.3-1-1": 0.7753886249635333,
          "SA_1.0-1-1": 234.7291732765188
        },
        "Damage": {
          "HRD.GF.2-1": 0,
          "collapse-0": 0
        },
        "Loss": {
          "Repair": {
            "Cost": {
              "HRD-HRD.GF.2": 0.0,
              "replacement-collapse": 0.0
            },
            "Time": {
              "HRD-HRD.GF.2": 0.0,
              "replacement-collapse": 0.0
            }
          }
        }
      },
      "3016": {
        "GeneralInformation": {},
        "Demand": {
          "PGA-1-1": 84.73997550104134,
          "PGD-1-1": 6.082418310144038,
          "PGD-1-3": 0.441009153526654,
          "SA_0.3-1-1": 344.15596370329513,
          "SA_1.0-1-1": 260.3045234814668
        },
        "Damage": {
          "HRD.GF.2-1": 1,
          "collapse-0": 0
        },
        "Loss": {
          "Repair": {
            "Cost": {
              "HRD-HRD.GF.2": 0.1,
              "replacement-collapse": 0.0
            },
            "Time": {
              "HRD-HRD.GF.2": 2.0,
              "replacement-collapse": 0.0
            }
          }
        }
      },
      "3017": {
        "GeneralInformation": {},
        "Demand": {
          "PGA-1-1": 84.73997550104134,
          "PGD-1-1": 6.082418310144038,
          "PGD-1-3": 0.441009153526654,
          "SA_0.3-1-1": 344.15596370329513,
          "SA_1.0-1-1": 260.3045234814668
        },
        "Damage": {
          "HRD.GF.2-1": 1,
          "collapse-0": 0
        },
        "Loss": {
          "Repair": {
            "Cost": {
              "HRD-HRD.GF.2": 0.1,
              "replacement-collapse": 0.0
            },
            "Time": {
              "HRD-HRD.GF.2": 2.0,
              "replacement-collapse": 0.0
            }
          }
        }
      },
      "3020": {
        "GeneralInformation": {},
        "Demand": {
          "PGA-1-1": 73.5904065826639,
          "PGD-1-1": 0.08919662225374142,
          "PGD-1-3": 1.4798390933876575,
          "SA_0.3-1-1": 298.7608079371832,
          "SA_1.0-1-1": 282.8499828165876
        },
        "Damage": {
          "HRD.GF.2-1": 0,
          "collapse-0": 0
        },
        "Loss": {
          "Repair": {
            "Cost": {
              "HRD-HRD.GF.2": 0.0,
              "replacement-collapse": 0.0
            },
            "Time": {
              "HRD-HRD.GF.2": 0.0,
              "replacement-collapse": 0.0
            }
          }
        }
      },
      "3021": {
        "GeneralInformation": {},
        "Demand": {
          "PGA-1-1": 73.16253518367226,
          "PGD-1-1": 2.159694660176702,
          "PGD-1-3": 0.14143268164422057,
          "SA_0.3-1-1": 288.19342723551273,
          "SA_1.0-1-1": 255.04985238574383
        },
        "Damage": {
          "HRD.GF.2-1": 1,
          "collapse-0": 0
        },
        "Loss": {
          "Repair": {
            "Cost": {
              "HRD-HRD.GF.2": 0.1,
              "replacement-collapse": 0.0
            },
            "Time": {
              "HRD-HRD.GF.2": 2.0,
              "replacement-collapse": 0.0
            }
          }
        }
      },
      "3022": {
        "GeneralInformation": {},
        "Demand": {
          "PGA-1-1": 73.16253518367226,
          "PGD-1-1": 2.159694660176702,
          "PGD-1-3": 0.14143268164422057,
          "SA_0.3-1-1": 288.19342723551273,
          "SA_1.0-1-1": 255.04985238574383
        },
        "Damage": {
          "HRD.GF.2-1": 0,
          "collapse-0": 0
        },
        "Loss": {
          "Repair": {
            "Cost": {
              "HRD-HRD.GF.2": 0.0,
              "replacement-collapse": 0.0
            },
            "Time": {
              "HRD-HRD.GF.2": 0.0,
              "replacement-collapse": 0.0
            }
          }
        }
      },
      "3023": {
        "GeneralInformation": {},
        "Demand": {
          "PGA-1-1": 90.9119720881998,
          "PGD-1-1": 0.08284659053822657,
          "PGD-1-3": 1.3990640719830751,
          "SA_0.3-1-1": 0.7753886249635333,
          "SA_1.0-1-1": 234.7291732765188
        },
        "Damage": {
          "HRD.GF.2-1": 0,
          "collapse-0": 0
        },
        "Loss": {
          "Repair": {
            "Cost": {
              "HRD-HRD.GF.2": 0.0,
              "replacement-collapse": 0.0
            },
            "Time": {
              "HRD-HRD.GF.2": 0.0,
              "replacement-collapse": 0.0
            }
          }
        }
      },
      "3024": {
        "GeneralInformation": {},
        "Demand": {
          "PGA-1-1": 90.9119720881998,
          "PGD-1-1": 0.08284659053822657,
          "PGD-1-3": 1.3990640719830751,
          "SA_0.3-1-1": 0.7753886249635333,
          "SA_1.0-1-1": 234.7291732765188
        },
        "Damage": {
          "HRD.GF.2-1": 0,
          "collapse-0": 0
        },
        "Loss": {
          "Repair": {
            "Cost": {
              "HRD-HRD.GF.2": 0.0,
              "replacement-collapse": 0.0
            },
            "Time": {
              "HRD-HRD.GF.2": 0.0,
              "replacement-collapse": 0.0
            }
          }
        }
      },
      "3025": {
        "GeneralInformation": {},
        "Demand": {
          "PGA-1-1": 84.73997550104134,
          "PGD-1-1": 6.082418310144038,
          "PGD-1-3": 0.441009153526654,
          "SA_0.3-1-1": 344.15596370329513,
          "SA_1.0-1-1": 260.3045234814668
        },
        "Damage": {
          "HRD.GF.2-1": 0,
          "collapse-0": 0
        },