{
  "Buildings": {
    "1": {
      "GeneralInformation": {},
      "Demand": {
        "PGA-1-1": 72.51956290706896,
        "PGD-1-1": 0.9888007066051501,
        "PGD-1-3": 12.535427257506123,
        "SA_0.3-1-1": 0.5915194994309934,
        "SA_1.0-1-1": 73.03959521397255
      },
      "Damage": {
        "GF.H.S-1": 0,
        "GF.V.S-1": 0,
        "LF.W1.MC-1": 0,
        "collapse-0": 0
      },
      "Loss": {
        "Repair": {
          "Cost": {
            "LF.IND2-LF.W1.MC": 0.0,
            "replacement-collapse": 0.0
          },
          "Time": {
            "LF.IND2-LF.W1.MC": 0.0,
            "replacement-collapse": 0.0
          }
        }
      }
    },
    "2": {
      "GeneralInformation": {},
      "Demand": {
        "PGA-1-1": 66.73726062430075,
        "PGD-1-1": 16.245569551034595,
        "PGD-1-3": 1.351741425491568,
        "SA_0.3-1-1": 227.46280464803687,
        "SA_1.0-1-1": 63.42379816234144
      },
      "Damage": {
        "GF.H.S-1": 0,
        "GF.V.S-1": 1,
        "LF.W1.MC-1": 0,
        "collapse-0": 0
      },
      "Loss": {
        "Repair": {
          "Cost": {
            "LF.IND2-LF.W1.MC": 0.0,
            "replacement-collapse": 0.0
          },
          "Time": {
            "LF.IND2-LF.W1.MC": 0.0,
            "replacement-collapse": 0.0
          }
        }
      }
    }
  },
  "TransportationNetwork": {
    "Bridge": {
      "0": {
        "GeneralInformation": {},
        "Demand": {
          "PGA-1-1": 65.42444548390682,
          "PGD-1-1": 21.25183824035996,
          "PGD-1-3": 2.0705762033207886,
          "SA_0.3-1-1": 230.61369116434395,
          "SA_1.0-1-1": 79.11987477364623
        },
        "Damage": {
          "HWB.GF-1": 2,
          "HWB.GS.1-1": 0,
          "collapse-0": 0
        },
        "Loss": {
          "Repair": {
            "Cost": {
              "HWB-HWB.GF": 0.7,
              "HWB-HWB.GS.1": 0.0,
              "replacement-collapse": 0.0
            },
            "Time": {
              "HWB-HWB.GF": 10.0,
              "HWB-HWB.GS.1": 0.0,
              "replacement-collapse": 0.0
            }
          }
        }
      }
    },
    "Roadway": {
      "3015": {
        "GeneralInformation": {},
        "Demand": {
          "PGA-1-1": 72.16015011001953,
          "PGD-1-1": 2.0056752185902944,
          "PGD-1-3": 0.1948673987176537,
          "SA_0.3-1-1": 265.83824781271676,
          "SA_1.0-1-1": 55.40062387585219
        },
        "Damage": {
          "HRD.GF.2-1": 0,
          "collapse-0": 0
        },
        "Loss": {
          "Repair": {
            "Cost": {
              "HRD-HRD.GF.2": 0.0,
              "replacement-collapse": 0.0
            },
            "Time": {
              "HRD-HRD.GF.2": 0.0,
              "replacement-collapse": 0.0
            }
          }
        }
      },
      "3016": {
        "GeneralInformation": {},
        "Demand": {
          "PGA-1-1": 54.70101747979872,
          "PGD-1-1": 2.5671258037244162,
          "PGD-1-3": 0.24626442579395397,
          "SA_0.3-1-1": 177.51297744051115,
          "SA_1.0-1-1": 36.20108740222676
        },
        "Damage": {
          "HRD.GF.2-1": 1,
          "collapse-0": 0
        },
        "Loss": {
          "Repair": {
            "Cost": {
              "HRD-HRD.GF.2": 0.1,
              "replacement-collapse": 0.0
            },
            "Time": {
              "HRD-HRD.GF.2": 2.0,
              "replacement-collapse": 0.0
            }
          }
        }
      },
      "3017": {
        "GeneralInformation": {},
        "Demand": {
          "PGA-1-1": 54.70101747979872,
          "PGD-1-1": 2.5671258037244162,
          "PGD-1-3": 0.24626442579395397,
          "SA_0.3-1-1": 177.51297744051115,
          "SA_1.0-1-1": 36.20108740222676
        },
        "Damage": {
          "HRD.GF.2-1": 0,
          "collapse-0": 0
        },
        "Loss": {
          "Repair": {
            "Cost": {
              "HRD-HRD.GF.2": 0.0,
              "replacement-collapse": 0.0
            },
            "Time": {
              "HRD-HRD.GF.2": 0.0,
              "replacement-collapse": 0.0
            }
          }
        }
      },
      "3020": {
        "GeneralInformation": {},
        "Demand": {
          "PGA-1-1": 58.27132059573631,
          "PGD-1-1": 0.24676892074543064,
          "PGD-1-3": 0.018237215911956355,
          "SA_0.3-1-1": 0.5584622559324595,
          "SA_1.0-1-1": 38.83369231507865
        },
        "Damage": {
          "HRD.GF.2-1": 0,
          "collapse-0": 0
        },
        "Loss": {
          "Repair": {
            "Cost": {
              "HRD-HRD.GF.2": 0.0,
              "replacement-collapse": 0.0
            },
            "Time": {
              "HRD-HRD.GF.2": 0.0,
              "replacement-collapse": 0.0
            }
          }
        }
      },
      "3021": {
        "GeneralInformation": {},
        "Demand": {
          "PGA-1-1": 58.27132059573631,
          "PGD-1-1": 0.018237215911956355,
          "PGD-1-3": 0.24676892074543064,
          "SA_0.3-1-1": 0.5584622559324595,
          "SA_1.0-1-1": 38.83369231507865
        },
        "Damage": {
          "HRD.GF.2-1": 0,
          "collapse-0": 0
        },
        "Loss": {
          "Repair": {
            "Cost": {
              "HRD-HRD.GF.2": 0.0,
              "replacement-collapse": 0.0
            },
            "Time": {
              "HRD-HRD.GF.2": 0.0,
              "replacement-collapse": 0.0
            }
          }
        }
      },
      "3022": {
        "GeneralInformation": {},
        "Demand": {
          "PGA-1-1": 52.8157217896409,
          "PGD-1-1": 0.4260380892055184,
          "PGD-1-3": 0.036686717767899085,
          "SA_0.3-1-1": 193.72528940171642,
          "SA_1.0-1-1": 45.71784779579124
        },
        "Damage": {
          "HRD.GF.2-1": 0,
          "collapse-0": 0
        },
        "Loss": {
          "Repair": {
            "Cost": {
              "HRD-HRD.GF.2": 0.0,
              "replacement-collapse": 0.0
            },
            "Time": {
              "HRD-HRD.GF.2": 0.0,
              "replacement-collapse": 0.0
            }
          }
        }
      },
      "3023": {
        "GeneralInformation": {},
        "Demand": {
          "PGA-1-1": 52.8157217896409,
          "PGD-1-1": 0.4260380892055184,
          "PGD-1-3": 0.036686717767899085,
          "SA_0.3-1-1": 193.72528940171642,
          "SA_1.0-1-1": 45.71784779579124
        },
        "Damage": {
          "HRD.GF.2-1": 0,
          "collapse-0": 0
        },
        "Loss": {
          "Repair": {
            "Cost": {
              "HRD-HRD.GF.2": 0.0,
              "replacement-collapse": 0.0
            },
            "Time": {
              "HRD-HRD.GF.2": 0.0,
              "replacement-collapse": 0.0
            }
          }
        }
      },
      "3024": {
        "GeneralInformation": {},
        "Demand": {
          "PGA-1-1": 64.2435414537307,
          "PGD-1-1": 0.6056267082825055,
          "PGD-1-3": 0.05448634272507857,
          "SA_0.3-1-1": 207.9547860505116,
          "SA_1.0-1-1": 46.4534104801041
        },
        "Damage": {
          "HRD.GF.2-1": 0,
          "collapse-0": 0
        },
        "Loss": {
          "Repair": {
            "Cost": {
              "HRD-HRD.GF.2": 0.0,
              "replacement-collapse": 0.0
            },
            "Time": {
              "HRD-HRD.GF.2": 0.0,
              "replacement-collapse": 0.0
            }
          }
        }
      },
      "3025": {
        "GeneralInformation": {},
        "Demand": {
          "PGA-1-1": 54.70101747979872,
          "PGD-1-1": 2.5671258037244162,
          "PGD-1-3": 0.24626442579395397,
          "SA_0.3-1-1": 177.51297744051115,
          "SA_1.0-1-1": 36.20108740222676
        },
        "Damage": {
          "HRD.GF.2-1": 0,
          "collapse-0": 0
        },