{
  "Buildings": {
    "1": {
      "GeneralInformation": {},
      "Demand": {
        "PGA-1-1": 83.57470226771113,
        "PGD-1-1": 1.4650051258809895,
        "PGD-1-3": 19.85033677726416,
        "SA_0.3-1-1": 0.7935695299857732,
        "SA_1.0-1-1": 158.35157347059254
      },
      "Damage": {
        "GF.H.S-1": 0,
        "GF.V.S-1": 1,
        "LF.W1.MC-1": 1,
        "collapse-0": 0
      },
      "Loss": {
        "Repair": {
          "Cost": {
            "LF.IND2-LF.W1.MC": 2.0,
            "replacement-collapse": 0.0
          },
          "Time": {
            "LF.IND2-LF.W1.MC": 10.0,
            "replacement-collapse": 0.0
          }
        }
      }
    },
    "2": {
      "GeneralInformation": {},
      "Demand": {
        "PGA-1-1": 83.57470226771113,
        "PGD-1-1": 1.4650051258809895,
        "PGD-1-3": 19.85033677726416,
        "SA_0.3-1-1": 0.7935695299857732,
        "SA_1.0-1-1": 158.35157347059254
      },
      "Damage": {
        "GF.H.S-1": 0,
        "GF.V.S-1": 1,
        "LF.W1.MC-1": 0,
        "collapse-0": 0
      },
      "Loss": {
        "Repair": {
          "Cost": {
            "LF.IND2-LF.W1.MC": 0.0,
            "replacement-collapse": 0.0
          },
          "Time": {
            "LF.IND2-LF.W1.MC": 0.0,
            "replacement-collapse": 0.0
          }
        }
      }
    }
  },
  "TransportationNetwork": {
    "Bridge": {
      "0": {
        "GeneralInformation": {},
        "Demand": {
          "PGA-1-1": 130.06046868740088,
          "PGD-1-1": 44.7049116287804,
          "PGD-1-3": 3.4250036505795647,
          "SA_0.3-1-1": 376.91898212861776,
          "SA_1.0-1-1": 121.86552692785956
        },
        "Damage": {
          "HWB.GF-1": 2,
          "HWB.GS.1-1": 4,
          "collapse-0": 0
        },
        "Loss": {
          "Repair": {
            "Cost": {
              "HWB-HWB.GF": 0.7,
              "HWB-HWB.GS.1": 1.0,
              "replacement-collapse": 0.0
            },
            "Time": {
              "HWB-HWB.GF": 10.0,
              "HWB-HWB.GS.1": 365.0,
              "replacement-collapse": 0.0
            }
          }
        }
      }
    },
    "Roadway": {
      "3015": {
        "GeneralInformation": {},
        "Demand": {
          "PGA-1-1": 105.24182352827324,
          "PGD-1-1": 13.173207622086556,
          "PGD-1-3": 0.819563520398456,
          "SA_0.3-1-1": 345.786684819206,
          "SA_1.0-1-1": 149.83806160974257
        },
        "Damage": {
          "HRD.GF.2-1": 3,
          "collapse-0": 0
        },
        "Loss": {
          "Repair": {
            "Cost": {
              "HRD-HRD.GF.2": 0.9,
              "replacement-collapse": 0.0
            },
            "Time": {
              "HRD-HRD.GF.2": 70.0,
              "replacement-collapse": 0.0
            }
          }
        }
      },
      "3016": {
        "GeneralInformation": {},
        "Demand": {
          "PGA-1-1": 109.829653848844,
          "PGD-1-1": 11.088235652751335,
          "PGD-1-3": 0.6888020101134393,
          "SA_0.3-1-1": 321.3170356463423,
          "SA_1.0-1-1": 126.06047831890488
        },
        "Damage": {
          "HRD.GF.2-1": 3,
          "collapse-0": 0
        },
        "Loss": {
          "Repair": {
            "Cost": {
              "HRD-HRD.GF.2": 0.9,
              "replacement-collapse": 0.0
            },
            "Time": {
              "HRD-HRD.GF.2": 70.0,
              "replacement-collapse": 0.0
            }
          }
        }
      },
      "3017": {
        "GeneralInformation": {},
        "Demand": {
          "PGA-1-1": 105.24182352827324,
          "PGD-1-1": 13.173207622086556,
          "PGD-1-3": 0.819563520398456,
          "SA_0.3-1-1": 345.786684819206,
          "SA_1.0-1-1": 149.83806160974257
        },
        "Damage": {
          "HRD.GF.2-1": 1,
          "collapse-0": 0
        },
        "Loss": {
          "Repair": {
            "Cost": {
              "HRD-HRD.GF.2": 0.1,
              "replacement-collapse": 0.0
            },
            "Time": {
              "HRD-HRD.GF.2": 2.0,
              "replacement-collapse": 0.0
            }
          }
        }
      },
      "3020": {
        "GeneralInformation": {},
        "Demand": {
          "PGA-1-1": 108.68082442197093,
          "PGD-1-1": 1.8247311955559988,
          "PGD-1-3": 0.11541904380146814,
          "SA_0.3-1-1": 0.8889792013830701,
          "SA_1.0-1-1": 196.02463935573616
        },
        "Damage": {
          "HRD.GF.2-1": 0,
          "collapse-0": 0
        },
        "Loss": {
          "Repair": {
            "Cost": {
              "HRD-HRD.GF.2": 0.0,
              "replacement-collapse": 0.0
            },
            "Time": {
              "HRD-HRD.GF.2": 0.0,
              "replacement-collapse": 0.0
            }
          }
        }
      },
      "3021": {
        "GeneralInformation": {},
        "Demand": {
          "PGA-1-1": 125.0507359725931,
          "PGD-1-1": 2.845207965806529,
          "PGD-1-3": 0.17845925452923528,
          "SA_0.3-1-1": 361.372943455081,
          "SA_1.0-1-1": 159.8955780359131
        },
        "Damage": {
          "HRD.GF.2-1": 1,
          "collapse-0": 0
        },
        "Loss": {
          "Repair": {
            "Cost": {
              "HRD-HRD.GF.2": 0.1,
              "replacement-collapse": 0.0
            },
            "Time": {
              "HRD-HRD.GF.2": 2.0,
              "replacement-collapse": 0.0
            }
          }
        }
      },
      "3022": {
        "GeneralInformation": {},
        "Demand": {
          "PGA-1-1": 108.68082442197093,
          "PGD-1-1": 0.11541904380146814,
          "PGD-1-3": 1.8247311955559988,
          "SA_0.3-1-1": 0.8889792013830701,
          "SA_1.0-1-1": 196.02463935573616
        },
        "Damage": {
          "HRD.GF.2-1": 0,
          "collapse-0": 0
        },
        "Loss": {
          "Repair": {
            "Cost": {
              "HRD-HRD.GF.2": 0.0,
              "replacement-collapse": 0.0
            },
            "Time": {
              "HRD-HRD.GF.2": 0.0,
              "replacement-collapse": 0.0
            }
          }
        }
      },
      "3023": {
        "GeneralInformation": {},
        "Demand": {
          "PGA-1-1": 108.68082442197093,
          "PGD-1-1": 0.11541904380146814,
          "PGD-1-3": 1.8247311955559988,
          "SA_0.3-1-1": 0.8889792013830701,
          "SA_1.0-1-1": 196.02463935573616
        },
        "Damage": {
          "HRD.GF.2-1": 0,
          "collapse-0": 0
        },
        "Loss": {
          "Repair": {
            "Cost": {
              "HRD-HRD.GF.2": 0.0,
              "replacement-collapse": 0.0
            },
            "Time": {
              "HRD-HRD.GF.2": 0.0,
              "replacement-collapse": 0.0
            }
          }
        }
      },
      "3024": {
        "GeneralInformation": {},
        "Demand": {
          "PGA-1-1": 108.68082442197093,
          "PGD-1-1": 0.11541904380146814,
          "PGD-1-3": 1.8247311955559988,
          "SA_0.3-1-1": 0.8889792013830701,
          "SA_1.0-1-1": 196.02463935573616
        },
        "Damage": {
          "HRD.GF.2-1": 0,
          "collapse-0": 0
        },
        "Loss": {
          "Repair": {
            "Cost": {
              "HRD-HRD.GF.2": 0.0,
              "replacement-collapse": 0.0
            },
            "Time": {
              "HRD-HRD.GF.2": 0.0,
              "replacement-collapse": 0.0
            }
          }
        }
      },
      "3025": {
        "GeneralInformation": {},
        "Demand": {
          "PGA-1-1": 95.20947308546958,
          "PGD-1-1": 3.752054669100109,
          "PGD-1-3": 0.23463896211912155,
          "SA_0.3-1-1": 315.2712046314457,
          "SA_1.0-1-1": 151.27808056387357
        },
        "Damage": {
          "HRD.GF.2-1": 0,
          "collapse-0": 0
        },