{
  "Buildings": {
    "1": {
      "GeneralInformation": {},
      "Demand": {
        "PGA-1-1": 77.49988051916321,
        "PGD-1-1": 13.29023232256302,
        "PGD-1-3": 1.1352832720886155,
        "SA_0.3-1-1": 251.44908637168945,
        "SA_1.0-1-1": 98.07810089440606
      },
      "Damage": {
        "GF.H.S-1": 0,
        "GF.V.S-1": 2,
        "LF.W1.MC-1": 1,
        "collapse-0": 0
      },
      "Loss": {
        "Repair": {
          "Cost": {
            "LF.IND2-LF.W1.MC": 2.0,
            "replacement-collapse": 0.0
          },
          "Time": {
            "LF.IND2-LF.W1.MC": 10.0,
            "replacement-collapse": 0.0
          }
        }
      }
    },
    "2": {
      "GeneralInformation": {},
      "Demand": {
        "PGA-1-1": 67.24167607804223,
        "PGD-1-1": 0.7819520684776496,
        "PGD-1-3": 9.307599624124968,
        "SA_0.3-1-1": 0.6755260513209693,
        "SA_1.0-1-1": 116.21318341435735
      },
      "Damage": {
        "GF.H.S-1": 0,
        "GF.V.S-1": 1,
        "LF.W1.MC-1": 1,
        "collapse-0": 0
      },
      "Loss": {
        "Repair": {
          "Cost": {
            "LF.IND2-LF.W1.MC": 2.0,
            "replacement-collapse": 0.0
          },
          "Time": {
            "LF.IND2-LF.W1.MC": 10.0,
            "replacement-collapse": 0.0
          }
        }
      }
    }
  },
  "TransportationNetwork": {
    "Bridge": {
      "0": {
        "GeneralInformation": {},
        "Demand": {
          "PGA-1-1": 120.49833878728576,
          "PGD-1-1": 49.132193965579376,
          "PGD-1-3": 3.6559613056725033,
          "SA_0.3-1-1": 400.2024321461246,
          "SA_1.0-1-1": 137.91011165716563
        },
        "Damage": {
          "HWB.GF-1": 2,
          "HWB.GS.1-1": 1,
          "collapse-0": 0
        },
        "Loss": {
          "Repair": {
            "Cost": {
              "HWB-HWB.GF": 0.7,
              "HWB-HWB.GS.1": 0.3,
              "replacement-collapse": 0.0
            },
            "Time": {
              "HWB-HWB.GF": 10.0,
              "HWB-HWB.GS.1": 2.0,
              "replacement-collapse": 0.0
            }
          }
        }
      }
    },
    "Roadway": {
      "3015": {
        "GeneralInformation": {},
        "Demand": {
          "PGA-1-1": 90.71278010775087,
          "PGD-1-1": 0.08259105711445909,
          "PGD-1-3": 1.3954431323568828,
          "SA_0.3-1-1": 0.7430553840887646,
          "SA_1.0-1-1": 130.78600993606003
        },
        "Damage": {
          "HRD.GF.2-1": 0,
          "collapse-0": 0
        },
        "Loss": {
          "Repair": {
            "Cost": {
              "HRD-HRD.GF.2": 0.0,
              "replacement-collapse": 0.0
            },
            "Time": {
              "HRD-HRD.GF.2": 0.0,
              "replacement-collapse": 0.0
            }
          }
        }
      },
      "3016": {
        "GeneralInformation": {},
        "Demand": {
          "PGA-1-1": 94.38093625202998,
          "PGD-1-1": 2.881199329932624,
          "PGD-1-3": 0.18322703754133324,
          "SA_0.3-1-1": 313.60756115646006,
          "SA_1.0-1-1": 155.466110599747
        },
        "Damage": {
          "HRD.GF.2-1": 0,
          "collapse-0": 0
        },
        "Loss": {
          "Repair": {
            "Cost": {
              "HRD-HRD.GF.2": 0.0,
              "replacement-collapse": 0.0
            },
            "Time": {
              "HRD-HRD.GF.2": 0.0,
              "replacement-collapse": 0.0
            }
          }
        }
      },
      "3017": {
        "GeneralInformation": {},
        "Demand": {
          "PGA-1-1": 95.487982908582,
          "PGD-1-1": 10.20439500733671,
          "PGD-1-3": 0.6799780002449272,
          "SA_0.3-1-1": 314.4151605641715,
          "SA_1.0-1-1": 127.94313464977424
        },
        "Damage": {
          "HRD.GF.2-1": 1,
          "collapse-0": 0
        },
        "Loss": {
          "Repair": {
            "Cost": {
              "HRD-HRD.GF.2": 0.1,
              "replacement-collapse": 0.0
            },
            "Time": {
              "HRD-HRD.GF.2": 2.0,
              "replacement-collapse": 0.0
            }
          }
        }
      },
      "3020": {
        "GeneralInformation": {},
        "Demand": {
          "PGA-1-1": 90.71278010775087,
          "PGD-1-1": 1.3954431323568828,
          "PGD-1-3": 0.08259105711445909,
          "SA_0.3-1-1": 0.7430553840887646,
          "SA_1.0-1-1": 130.78600993606003
        },
        "Damage": {
          "HRD.GF.2-1": 0,
          "collapse-0": 0
        },
        "Loss": {
          "Repair": {
            "Cost": {
              "HRD-HRD.GF.2": 0.0,
              "replacement-collapse": 0.0
            },
            "Time": {
              "HRD-HRD.GF.2": 0.0,
              "replacement-collapse": 0.0
            }
          }
        }
      },
      "3021": {
        "GeneralInformation": {},
        "Demand": {
          "PGA-1-1": 98.82936354527816,
          "PGD-1-1": 2.180336037605408,
          "PGD-1-3": 0.13572454743134585,
          "SA_0.3-1-1": 327.58572753266225,
          "SA_1.0-1-1": 170.06537158714522
        },
        "Damage": {
          "HRD.GF.2-1": 0,
          "collapse-0": 0
        },
        "Loss": {
          "Repair": {
            "Cost": {
              "HRD-HRD.GF.2": 0.0,
              "replacement-collapse": 0.0
            },
            "Time": {
              "HRD-HRD.GF.2": 0.0,
              "replacement-collapse": 0.0
            }
          }
        }
      },
      "3022": {
        "GeneralInformation": {},
        "Demand": {
          "PGA-1-1": 98.82936354527816,
          "PGD-1-1": 2.180336037605408,
          "PGD-1-3": 0.13572454743134585,
          "SA_0.3-1-1": 327.58572753266225,
          "SA_1.0-1-1": 170.06537158714522
        },
        "Damage": {
          "HRD.GF.2-1": 0,
          "collapse-0": 0
        },
        "Loss": {
          "Repair": {
            "Cost": {
              "HRD-HRD.GF.2": 0.0,
              "replacement-collapse": 0.0
            },
            "Time": {
              "HRD-HRD.GF.2": 0.0,
              "replacement-collapse": 0.0
            }
          }
        }
      },
      "3023": {
        "GeneralInformation": {},
        "Demand": {
          "PGA-1-1": 77.49988051916321,
          "PGD-1-1": 1.569435494355852,
          "PGD-1-3": 0.09435024098218912,
          "SA_0.3-1-1": 251.44908637168945,
          "SA_1.0-1-1": 98.07810089440606
        },
        "Damage": {
          "HRD.GF.2-1": 0,
          "collapse-0": 0
        },
        "Loss": {
          "Repair": {
            "Cost": {
              "HRD-HRD.GF.2": 0.0,
              "replacement-collapse": 0.0
            },
            "Time": {
              "HRD-HRD.GF.2": 0.0,
              "replacement-collapse": 0.0
            }
          }
        }
      },
      "3024": {
        "GeneralInformation": {},
        "Demand": {
          "PGA-1-1": 90.71278010775087,
          "PGD-1-1": 0.08259105711445909,
          "PGD-1-3": 1.3954431323568828,
          "SA_0.3-1-1": 0.7430553840887646,
          "SA_1.0-1-1": 130.78600993606003
        },
        "Damage": {
          "HRD.GF.2-1": 0,
          "collapse-0": 0
        },
        "Loss": {
          "Repair": {
            "Cost": {
              "HRD-HRD.GF.2": 0.0,
              "replacement-collapse": 0.0
            },
            "Time": {
              "HRD-HRD.GF.2": 0.0,
              "replacement-collapse": 0.0
            }
          }
        }
      },
      "3025": {
        "GeneralInformation": {},
        "Demand": {
          "PGA-1-1": 95.487982908582,
          "PGD-1-1": 10.20439500733671,
          "PGD-1-3": 0.6799780002449272,
          "SA_0.3-1-1": 314.4151605641715,
          "SA_1.0-1-1": 127.94313464977424
        },
        "Damage": {
          "HRD.GF.2-1": 2,
          "collapse-0": 0
        },