{
  "Buildings": {
    "1": {
      "GeneralInformation": {},
      "Demand": {
        "PGA-1-1": 102.31529951014326,
        "PGD-1-1": 2.2571803360234406,
        "PGD-1-3": 33.020495409373524,
        "SA_0.3-1-1": 0.5720393064851217,
        "SA_1.0-1-1": 162.53564377585687
      },
      "Damage": {
        "GF.H.S-1": 0,
        "GF.V.S-1": 0,
        "LF.W1.MC-1": 1,
        "collapse-0": 0
      },
      "Loss": {
        "Repair": {
          "Cost": {
            "LF.IND2-LF.W1.MC": 2.0,
            "replacement-collapse": 0.0
          },
          "Time": {
            "LF.IND2-LF.W1.MC": 10.0,
            "replacement-collapse": 0.0
          }
        }
      }
    },
    "2": {
      "GeneralInformation": {},
      "Demand": {
        "PGA-1-1": 81.93061451554651,
        "PGD-1-1": 34.35268226474342,
        "PGD-1-3": 2.470541903980352,
        "SA_0.3-1-1": 163.42182242736737,
        "SA_1.0-1-1": 113.04381590521764
      },
      "Damage": {
        "GF.H.S-1": 0,
        "GF.V.S-1": 2,
        "LF.W1.MC-1": 0,
        "collapse-0": 0
      },
      "Loss": {
        "Repair": {
          "Cost": {
            "LF.IND2-LF.W1.MC": 0.0,
            "replacement-collapse": 0.0
          },
          "Time": {
            "LF.IND2-LF.W1.MC": 0.0,
            "replacement-collapse": 0.0
          }
        }
      }
    }
  },
  "TransportationNetwork": {
    "Bridge": {
      "0": {
        "GeneralInformation": {},
        "Demand": {
          "PGA-1-1": 113.19818641172245,
          "PGD-1-1": 41.6982495256774,
          "PGD-1-3": 3.31729568454008,
          "SA_0.3-1-1": 241.8659635003605,
          "SA_1.0-1-1": 154.28269602248892
        },
        "Damage": {
          "HWB.GF-1": 2,
          "HWB.GS.1-1": 0,
          "collapse-0": 0
        },
        "Loss": {
          "Repair": {
            "Cost": {
              "HWB-HWB.GF": 0.7,
              "HWB-HWB.GS.1": 0.0,
              "replacement-collapse": 0.0
            },
            "Time": {
              "HWB-HWB.GF": 10.0,
              "HWB-HWB.GS.1": 0.0,
              "replacement-collapse": 0.0
            }
          }
        }
      }
    },
    "Roadway": {
      "3015": {
        "GeneralInformation": {},
        "Demand": {
          "PGA-1-1": 90.26747360867176,
          "PGD-1-1": 11.832670922231701,
          "PGD-1-3": 0.7412108591471928,
          "SA_0.3-1-1": 164.8760647269847,
          "SA_1.0-1-1": 104.80695383856391
        },
        "Damage": {
          "HRD.GF.2-1": 3,
          "collapse-0": 0
        },
        "Loss": {
          "Repair": {
            "Cost": {
              "HRD-HRD.GF.2": 0.9,
              "replacement-collapse": 0.0
            },
            "Time": {
              "HRD-HRD.GF.2": 70.0,
              "replacement-collapse": 0.0
            }
          }
        }
      },
      "3016": {
        "GeneralInformation": {},
        "Demand": {
          "PGA-1-1": 90.26747360867176,
          "PGD-1-1": 11.832670922231701,
          "PGD-1-3": 0.7412108591471928,
          "SA_0.3-1-1": 164.8760647269847,
          "SA_1.0-1-1": 104.80695383856391
        },
        "Damage": {
          "HRD.GF.2-1": 2,
          "collapse-0": 0
        },
        "Loss": {
          "Repair": {
            "Cost": {
              "HRD-HRD.GF.2": 0.75,
              "replacement-collapse": 0.0
            },
            "Time": {
              "HRD-HRD.GF.2": 9.0,
              "replacement-collapse": 0.0
            }
          }
        }
      },
      "3017": {
        "GeneralInformation": {},
        "Demand": {
          "PGA-1-1": 90.26747360867176,
          "PGD-1-1": 11.832670922231701,
          "PGD-1-3": 0.7412108591471928,
          "SA_0.3-1-1": 164.8760647269847,
          "SA_1.0-1-1": 104.80695383856391
        },
        "Damage": {
          "HRD.GF.2-1": 2,
          "collapse-0": 0
        },
        "Loss": {
          "Repair": {
            "Cost": {
              "HRD-HRD.GF.2": 0.75,
              "replacement-collapse": 0.0
            },
            "Time": {
              "HRD-HRD.GF.2": 9.0,
              "replacement-collapse": 0.0
            }
          }
        }
      },
      "3020": {
        "GeneralInformation": {},
        "Demand": {
          "PGA-1-1": 81.93061451554651,
          "PGD-1-1": 0.09803543692018753,
          "PGD-1-3": 1.6378249330858443,
          "SA_0.3-1-1": 163.42182242736737,
          "SA_1.0-1-1": 113.04381590521764
        },
        "Damage": {
          "HRD.GF.2-1": 0,
          "collapse-0": 0
        },
        "Loss": {
          "Repair": {
            "Cost": {
              "HRD-HRD.GF.2": 0.0,
              "replacement-collapse": 0.0
            },
            "Time": {
              "HRD-HRD.GF.2": 0.0,
              "replacement-collapse": 0.0
            }
          }
        }
      },
      "3021": {
        "GeneralInformation": {},
        "Demand": {
          "PGA-1-1": 92.6058172255196,
          "PGD-1-1": 0.08507919415967756,
          "PGD-1-3": 1.4302947076861203,
          "SA_0.3-1-1": 0.49445898086287,
          "SA_1.0-1-1": 122.8356318123644
        },
        "Damage": {
          "HRD.GF.2-1": 0,
          "collapse-0": 0
        },
        "Loss": {
          "Repair": {
            "Cost": {
              "HRD-HRD.GF.2": 0.0,
              "replacement-collapse": 0.0
            },
            "Time": {
              "HRD-HRD.GF.2": 0.0,
              "replacement-collapse": 0.0
            }
          }
        }
      },
      "3022": {
        "GeneralInformation": {},
        "Demand": {
          "PGA-1-1": 85.45159079587243,
          "PGD-1-1": 3.187949897754044,
          "PGD-1-3": 0.1955996432818857,
          "SA_0.3-1-1": 191.67206891118823,
          "SA_1.0-1-1": 100.65552307727624
        },
        "Damage": {
          "HRD.GF.2-1": 0,
          "collapse-0": 0
        },
        "Loss": {
          "Repair": {
            "Cost": {
              "HRD-HRD.GF.2": 0.0,
              "replacement-collapse": 0.0
            },
            "Time": {
              "HRD-HRD.GF.2": 0.0,
              "replacement-collapse": 0.0
            }
          }
        }
      },
      "3023": {
        "GeneralInformation": {},
        "Demand": {
          "PGA-1-1": 85.45159079587243,
          "PGD-1-1": 3.187949897754044,
          "PGD-1-3": 0.1955996432818857,
          "SA_0.3-1-1": 191.67206891118823,
          "SA_1.0-1-1": 100.65552307727624
        },
        "Damage": {
          "HRD.GF.2-1": 0,
          "collapse-0": 0
        },
        "Loss": {
          "Repair": {
            "Cost": {
              "HRD-HRD.GF.2": 0.0,
              "replacement-collapse": 0.0
            },
            "Time": {
              "HRD-HRD.GF.2": 0.0,
              "replacement-collapse": 0.0
            }
          }
        }
      },
      "3024": {
        "GeneralInformation": {},
        "Demand": {
          "PGA-1-1": 96.00517646921968,
          "PGD-1-1": 2.3608031001815006,
          "PGD-1-3": 0.14348043694398252,
          "SA_0.3-1-1": 180.84221034217944,
          "SA_1.0-1-1": 109.92419991981723
        },
        "Damage": {
          "HRD.GF.2-1": 1,
          "collapse-0": 0
        },
        "Loss": {
          "Repair": {
            "Cost": {
              "HRD-HRD.GF.2": 0.1,
              "replacement-collapse": 0.0
            },
            "Time": {
              "HRD-HRD.GF.2": 2.0,
              "replacement-collapse": 0.0
            }
          }
        }
      },
      "3025": {
        "GeneralInformation": {},
        "Demand": {
          "PGA-1-1": 96.00517646921968,
          "PGD-1-1": 2.3608031001815006,
          "PGD-1-3": 0.14348043694398252,
          "SA_0.3-1-1": 180.84221034217944,
          "SA_1.0-1-1": 109.92419991981723
        },
        "Damage": {
          "HRD.GF.2-1": 1,
          "collapse-0": 0
        },