{
  "Buildings": {
    "1": {
      "GeneralInformation": {},
      "Demand": {
        "PGA-1-1": 105.75392746111628,
        "PGD-1-1": 2.3614818466969822,
        "PGD-1-3": 35.06580413135942,
        "SA_0.3-1-1": 1.382729920596257,
        "SA_1.0-1-1": 136.24860005765595
      },
      "Damage": {
        "GF.H.S-1": 0,
        "GF.V.S-1": 2,
        "LF.W1.MC-1": 2,
        "collapse-0": 0
      },
      "Loss": {
        "Repair": {
          "Cost": {
            "LF.IND2-LF.W1.MC": 10.0,
            "replacement-collapse": 0.0
          },
          "Time": {
            "LF.IND2-LF.W1.MC": 30.0,
            "replacement-collapse": 0.0
          }
        }
      }
    },
    "2": {
      "GeneralInformation": {},
      "Demand": {
        "PGA-1-1": 105.75392746111628,
        "PGD-1-1": 2.3614818466969822,
        "PGD-1-3": 35.06580413135942,
        "SA_0.3-1-1": 1.382729920596257,
        "SA_1.0-1-1": 136.24860005765595
      },
      "Damage": {
        "GF.H.S-1": 0,
        "GF.V.S-1": 1,
        "LF.W1.MC-1": 1,
        "collapse-0": 0
      },
      "Loss": {
        "Repair": {
          "Cost": {
            "LF.IND2-LF.W1.MC": 2.0,
            "replacement-collapse": 0.0
          },
          "Time": {
            "LF.IND2-LF.W1.MC": 10.0,
            "replacement-collapse": 0.0
          }
        }
      }
    }
  },
  "TransportationNetwork": {
    "Bridge": {
      "0": {
        "GeneralInformation": {},
        "Demand": {
          "PGA-1-1": 91.85422161740003,
          "PGD-1-1": 71.18303911448079,
          "PGD-1-3": 5.054867374659585,
          "SA_0.3-1-1": 455.6729074341844,
          "SA_1.0-1-1": 160.72893413668177
        },
        "Damage": {
          "HWB.GF-1": 2,
          "HWB.GS.1-1": 0,
          "collapse-0": 0
        },
        "Loss": {
          "Repair": {
            "Cost": {
              "HWB-HWB.GF": 0.7,
              "HWB-HWB.GS.1": 0.0,
              "replacement-collapse": 0.0
            },
            "Time": {
              "HWB-HWB.GF": 10.0,
              "HWB-HWB.GS.1": 0.0,
              "replacement-collapse": 0.0
            }
          }
        }
      }
    },
    "Roadway": {
      "3015": {
        "GeneralInformation": {},
        "Demand": {
          "PGA-1-1": 129.4840590772921,
          "PGD-1-1": 9.659487550755891,
          "PGD-1-3": 0.6107224042936152,
          "SA_0.3-1-1": 693.4035196441284,
          "SA_1.0-1-1": 108.087443967151
        },
        "Damage": {
          "HRD.GF.2-1": 2,
          "collapse-0": 0
        },
        "Loss": {
          "Repair": {
            "Cost": {
              "HRD-HRD.GF.2": 0.75,
              "replacement-collapse": 0.0
            },
            "Time": {
              "HRD-HRD.GF.2": 9.0,
              "replacement-collapse": 0.0
            }
          }
        }
      },
      "3016": {
        "GeneralInformation": {},
        "Demand": {
          "PGA-1-1": 96.85984044223208,
          "PGD-1-1": 3.1706867026880143,
          "PGD-1-3": 0.19652613682753559,
          "SA_0.3-1-1": 565.2078073546148,
          "SA_1.0-1-1": 78.09193786368806
        },
        "Damage": {
          "HRD.GF.2-1": 0,
          "collapse-0": 0
        },
        "Loss": {
          "Repair": {
            "Cost": {
              "HRD-HRD.GF.2": 0.0,
              "replacement-collapse": 0.0
            },
            "Time": {
              "HRD-HRD.GF.2": 0.0,
              "replacement-collapse": 0.0
            }
          }
        }
      },
      "3017": {
        "GeneralInformation": {},
        "Demand": {
          "PGA-1-1": 102.41207131779007,
          "PGD-1-1": 11.619161061890184,
          "PGD-1-3": 0.736969934415181,
          "SA_0.3-1-1": 555.6368227197586,
          "SA_1.0-1-1": 129.99434364929
        },
        "Damage": {
          "HRD.GF.2-1": 1,
          "collapse-0": 0
        },
        "Loss": {
          "Repair": {
            "Cost": {
              "HRD-HRD.GF.2": 0.1,
              "replacement-collapse": 0.0
            },
            "Time": {
              "HRD-HRD.GF.2": 2.0,
              "replacement-collapse": 0.0
            }
          }
        }
      },
      "3020": {
        "GeneralInformation": {},
        "Demand": {
          "PGA-1-1": 96.85984044223208,
          "PGD-1-1": 0.19652613682753559,
          "PGD-1-3": 3.1706867026880143,
          "SA_0.3-1-1": 565.2078073546148,
          "SA_1.0-1-1": 78.09193786368806
        },
        "Damage": {
          "HRD.GF.2-1": 2,
          "collapse-0": 0
        },
        "Loss": {
          "Repair": {
            "Cost": {
              "HRD-HRD.GF.2": 0.75,
              "replacement-collapse": 0.0
            },
            "Time": {
              "HRD-HRD.GF.2": 9.0,
              "replacement-collapse": 0.0
            }
          }
        }
      },
      "3021": {
        "GeneralInformation": {},
        "Demand": {
          "PGA-1-1": 126.74588547736711,
          "PGD-1-1": 2.3671013163639274,
          "PGD-1-3": 0.14518072859371553,
          "SA_0.3-1-1": 685.839640349732,
          "SA_1.0-1-1": 106.50317860678392
        },
        "Damage": {
          "HRD.GF.2-1": 0,
          "collapse-0": 0
        },
        "Loss": {
          "Repair": {
            "Cost": {
              "HRD-HRD.GF.2": 0.0,
              "replacement-collapse": 0.0
            },
            "Time": {
              "HRD-HRD.GF.2": 0.0,
              "replacement-collapse": 0.0
            }
          }
        }
      },
      "3022": {
        "GeneralInformation": {},
        "Demand": {
          "PGA-1-1": 94.83989711629336,
          "PGD-1-1": 0.08819933651155061,
          "PGD-1-3": 1.4726538719745987,
          "SA_0.3-1-1": 1.220455241245574,
          "SA_1.0-1-1": 98.60923186134
        },
        "Damage": {
          "HRD.GF.2-1": 0,
          "collapse-0": 0
        },
        "Loss": {
          "Repair": {
            "Cost": {
              "HRD-HRD.GF.2": 0.0,
              "replacement-collapse": 0.0
            },
            "Time": {
              "HRD-HRD.GF.2": 0.0,
              "replacement-collapse": 0.0
            }
          }
        }
      },
      "3023": {
        "GeneralInformation": {},
        "Demand": {
          "PGA-1-1": 96.85984044223208,
          "PGD-1-1": 3.1706867026880143,
          "PGD-1-3": 0.19652613682753559,
          "SA_0.3-1-1": 565.2078073546148,
          "SA_1.0-1-1": 78.09193786368806
        },
        "Damage": {
          "HRD.GF.2-1": 1,
          "collapse-0": 0
        },
        "Loss": {
          "Repair": {
            "Cost": {
              "HRD-HRD.GF.2": 0.1,
              "replacement-collapse": 0.0
            },
            "Time": {
              "HRD-HRD.GF.2": 2.0,
              "replacement-collapse": 0.0
            }
          }
        }
      },
      "3024": {
        "GeneralInformation": {},
        "Demand": {
          "PGA-1-1": 96.85984044223208,
          "PGD-1-1": 3.1706867026880143,
          "PGD-1-3": 0.19652613682753559,
          "SA_0.3-1-1": 565.2078073546148,
          "SA_1.0-1-1": 78.09193786368806
        },
        "Damage": {
          "HRD.GF.2-1": 1,
          "collapse-0": 0
        },
        "Loss": {
          "Repair": {
            "Cost": {
              "HRD-HRD.GF.2": 0.1,
              "replacement-collapse": 0.0
            },
            "Time": {
              "HRD-HRD.GF.2": 2.0,
              "replacement-collapse": 0.0
            }
          }
        }
      },
      "3025": {
        "GeneralInformation": {},
        "Demand": {
          "PGA-1-1": 96.85984044223208,
          "PGD-1-1": 3.1706867026880143,
          "PGD-1-3": 0.19652613682753559,
          "SA_0.3-1-1": 565.2078073546148,
          "SA_1.0-1-1": 78.09193786368806
        },
        "Damage": {
          "HRD.GF.2-1": 0,
          "collapse-0": 0
        },