{
  "Buildings": {
    "1": {
      "GeneralInformation": {},
      "Demand": {
        "PGA-1-1": 100.42934844346456,
        "PGD-1-1": 2.187597219218544,
        "PGD-1-3": 31.815079455840245,
        "SA_0.3-1-1": 1.0506694809520936,
        "SA_1.0-1-1": 303.3337093522473
      },
      "Damage": {
        "GF.H.S-1": 0,
        "GF.V.S-1": 0,
        "LF.W1.MC-1": 0,
        "collapse-0": 0
      },
      "Loss": {
        "Repair": {
          "Cost": {
            "LF.IND2-LF.W1.MC": 0.0,
            "replacement-collapse": 0.0
          },
          "Time": {
            "LF.IND2-LF.W1.MC": 0.0,
            "replacement-collapse": 0.0
          }
        }
      }
    },
    "2": {
      "GeneralInformation": {},
      "Demand": {
        "PGA-1-1": 100.42934844346456,
        "PGD-1-1": 2.187597219218544,
        "PGD-1-3": 31.815079455840245,
        "SA_0.3-1-1": 1.0506694809520936,
        "SA_1.0-1-1": 303.3337093522473
      },
      "Damage": {
        "GF.H.S-1": 0,
        "GF.V.S-1": 0,
        "LF.W1.MC-1": 1,
        "collapse-0": 0
      },
      "Loss": {
        "Repair": {
          "Cost": {
            "LF.IND2-LF.W1.MC": 2.0,
            "replacement-collapse": 0.0
          },
          "Time": {
            "LF.IND2-LF.W1.MC": 10.0,
            "replacement-collapse": 0.0
          }
        }
      }
    }
  },
  "TransportationNetwork": {
    "Bridge": {
      "0": {
        "GeneralInformation": {},
        "Demand": {
          "PGA-1-1": 166.62508537876832,
          "PGD-1-1": 87.55617677897986,
          "PGD-1-3": 5.943663580428386,
          "SA_0.3-1-1": 590.9590558911025,
          "SA_1.0-1-1": 333.85026594117505
        },
        "Damage": {
          "HWB.GF-1": 2,
          "HWB.GS.1-1": 4,
          "collapse-0": 0
        },
        "Loss": {
          "Repair": {
            "Cost": {
              "HWB-HWB.GF": 0.7,
              "HWB-HWB.GS.1": 1.0,
              "replacement-collapse": 0.0
            },
            "Time": {
              "HWB-HWB.GF": 10.0,
              "HWB-HWB.GS.1": 365.0,
              "replacement-collapse": 0.0
            }
          }
        }
      }
    },
    "Roadway": {
      "3015": {
        "GeneralInformation": {},
        "Demand": {
          "PGA-1-1": 128.22095672784187,
          "PGD-1-1": 0.14138370627030017,
          "PGD-1-3": 2.411377069291623,
          "SA_0.3-1-1": 1.3418364536160536,
          "SA_1.0-1-1": 273.1057980681701
        },
        "Damage": {
          "HRD.GF.2-1": 0,
          "collapse-0": 0
        },
        "Loss": {
          "Repair": {
            "Cost": {
              "HRD-HRD.GF.2": 0.0,
              "replacement-collapse": 0.0
            },
            "Time": {
              "HRD-HRD.GF.2": 0.0,
              "replacement-collapse": 0.0
            }
          }
        }
      },
      "3016": {
        "GeneralInformation": {},
        "Demand": {
          "PGA-1-1": 143.1549110312444,
          "PGD-1-1": 14.246202837874664,
          "PGD-1-3": 0.8758374156953218,
          "SA_0.3-1-1": 553.3888233372904,
          "SA_1.0-1-1": 200.71611689365784
        },
        "Damage": {
          "HRD.GF.2-1": 0,
          "collapse-0": 0
        },
        "Loss": {
          "Repair": {
            "Cost": {
              "HRD-HRD.GF.2": 0.0,
              "replacement-collapse": 0.0
            },
            "Time": {
              "HRD-HRD.GF.2": 0.0,
              "replacement-collapse": 0.0
            }
          }
        }
      },
      "3017": {
        "GeneralInformation": {},
        "Demand": {
          "PGA-1-1": 143.1549110312444,
          "PGD-1-1": 14.246202837874664,
          "PGD-1-3": 0.8758374156953218,
          "SA_0.3-1-1": 553.3888233372904,
          "SA_1.0-1-1": 200.71611689365784
        },
        "Damage": {
          "HRD.GF.2-1": 3,
          "collapse-0": 0
        },
        "Loss": {
          "Repair": {
            "Cost": {
              "HRD-HRD.GF.2": 0.9,
              "replacement-collapse": 0.0
            },
            "Time": {
              "HRD-HRD.GF.2": 70.0,
              "replacement-collapse": 0.0
            }
          }
        }
      },
      "3020": {
        "GeneralInformation": {},
        "Demand": {
          "PGA-1-1": 110.79866914572986,
          "PGD-1-1": 0.1547499559154928,
          "PGD-1-3": 2.628298991454532,
          "SA_0.3-1-1": 490.3833183074761,
          "SA_1.0-1-1": 264.3038697482765
        },
        "Damage": {
          "HRD.GF.2-1": 0,
          "collapse-0": 0
        },
        "Loss": {
          "Repair": {
            "Cost": {
              "HRD-HRD.GF.2": 0.0,
              "replacement-collapse": 0.0
            },
            "Time": {
              "HRD-HRD.GF.2": 0.0,
              "replacement-collapse": 0.0
            }
          }
        }
      },
      "3021": {
        "GeneralInformation": {},
        "Demand": {
          "PGA-1-1": 128.22095672784187,
          "PGD-1-1": 0.14138370627030017,
          "PGD-1-3": 2.411377069291623,
          "SA_0.3-1-1": 1.3418364536160536,
          "SA_1.0-1-1": 273.1057980681701
        },
        "Damage": {
          "HRD.GF.2-1": 0,
          "collapse-0": 0
        },
        "Loss": {
          "Repair": {
            "Cost": {
              "HRD-HRD.GF.2": 0.0,
              "replacement-collapse": 0.0
            },
            "Time": {
              "HRD-HRD.GF.2": 0.0,
              "replacement-collapse": 0.0
            }
          }
        }
      },
      "3022": {
        "GeneralInformation": {},
        "Demand": {
          "PGA-1-1": 131.62784182884636,
          "PGD-1-1": 4.367094276937267,
          "PGD-1-3": 0.2623623596310441,
          "SA_0.3-1-1": 570.9503098014732,
          "SA_1.0-1-1": 186.5659083227284
        },
        "Damage": {
          "HRD.GF.2-1": 1,
          "collapse-0": 0
        },
        "Loss": {
          "Repair": {
            "Cost": {
              "HRD-HRD.GF.2": 0.1,
              "replacement-collapse": 0.0
            },
            "Time": {
              "HRD-HRD.GF.2": 2.0,
              "replacement-collapse": 0.0
            }
          }
        }
      },
      "3023": {
        "GeneralInformation": {},
        "Demand": {
          "PGA-1-1": 128.22095672784187,
          "PGD-1-1": 0.14138370627030017,
          "PGD-1-3": 2.411377069291623,
          "SA_0.3-1-1": 1.3418364536160536,
          "SA_1.0-1-1": 273.1057980681701
        },
        "Damage": {
          "HRD.GF.2-1": 0,
          "collapse-0": 0
        },
        "Loss": {
          "Repair": {
            "Cost": {
              "HRD-HRD.GF.2": 0.0,
              "replacement-collapse": 0.0
            },
            "Time": {
              "HRD-HRD.GF.2": 0.0,
              "replacement-collapse": 0.0
            }
          }
        }
      },
      "3024": {
        "GeneralInformation": {},
        "Demand": {
          "PGA-1-1": 131.62784182884636,
          "PGD-1-1": 4.367094276937267,
          "PGD-1-3": 0.2623623596310441,
          "SA_0.3-1-1": 570.9503098014732,
          "SA_1.0-1-1": 186.5659083227284
        },
        "Damage": {
          "HRD.GF.2-1": 0,
          "collapse-0": 0
        },
        "Loss": {
          "Repair": {
            "Cost": {
              "HRD-HRD.GF.2": 0.0,
              "replacement-collapse": 0.0
            },
            "Time": {
              "HRD-HRD.GF.2": 0.0,
              "replacement-collapse": 0.0
            }
          }
        }
      },
      "3025": {
        "GeneralInformation": {},
        "Demand": {
          "PGA-1-1": 128.22095672784187,
          "PGD-1-1": 0.14138370627030017,
          "PGD-1-3": 2.411377069291623,
          "SA_0.3-1-1": 1.3418364536160536,
          "SA_1.0-1-1": 273.1057980681701
        },
        "Damage": {
          "HRD.GF.2-1": 2,
          "collapse-0": 0
        },