{
  "Buildings": {
    "1": {
      "GeneralInformation": {},
      "Demand": {
        "PGA-1-1": 83.39878186789527,
        "PGD-1-1": 1.4573651726848185,
        "PGD-1-3": 19.719853869929484,
        "SA_0.3-1-1": 0.5586615181722736,
        "SA_1.0-1-1": 43.06592942759036
      },
      "Damage": {
        "GF.H.S-1": 2,
        "GF.V.S-1": 1,
        "LF.W1.MC-1": 0,
        "collapse-0": 0
      },
      "Loss": {
        "Repair": {
          "Cost": {
            "LF.IND2-LF.W1.MC": 0.0,
            "replacement-collapse": 0.0
          },
          "Time": {
            "LF.IND2-LF.W1.MC": 0.0,
            "replacement-collapse": 0.0
          }
        }
      }
    },
    "2": {
      "GeneralInformation": {},
      "Demand": {
        "PGA-1-1": 83.39878186789527,
        "PGD-1-1": 1.4573651726848185,
        "PGD-1-3": 19.719853869929484,
        "SA_0.3-1-1": 0.5586615181722736,
        "SA_1.0-1-1": 43.06592942759036
      },
      "Damage": {
        "GF.H.S-1": 0,
        "GF.V.S-1": 1,
        "LF.W1.MC-1": 1,
        "collapse-0": 0
      },
      "Loss": {
        "Repair": {
          "Cost": {
            "LF.IND2-LF.W1.MC": 2.0,
            "replacement-collapse": 0.0
          },
          "Time": {
            "LF.IND2-LF.W1.MC": 10.0,
            "replacement-collapse": 0.0
          }
        }
      }
    }
  },
  "TransportationNetwork": {
    "Bridge": {
      "0": {
        "GeneralInformation": {},
        "Demand": {
          "PGA-1-1": 79.5161975635637,
          "PGD-1-1": 4.004179050536713,
          "PGD-1-3": 48.6654636862397,
          "SA_0.3-1-1": 0.5144893974269057,
          "SA_1.0-1-1": 71.09165003561269
        },
        "Damage": {
          "HWB.GF-1": 2,
          "HWB.GS.1-1": 0,
          "collapse-0": 0
        },
        "Loss": {
          "Repair": {
            "Cost": {
              "HWB-HWB.GF": 0.7,
              "HWB-HWB.GS.1": 0.0,
              "replacement-collapse": 0.0
            },
            "Time": {
              "HWB-HWB.GF": 10.0,
              "HWB-HWB.GS.1": 0.0,
              "replacement-collapse": 0.0
            }
          }
        }
      }
    },
    "Roadway": {
      "3015": {
        "GeneralInformation": {},
        "Demand": {
          "PGA-1-1": 59.417471843178944,
          "PGD-1-1": 1.618031241968915,
          "PGD-1-3": 0.11201888831435708,
          "SA_0.3-1-1": 198.45840906551263,
          "SA_1.0-1-1": 33.31836603054775
        },
        "Damage": {
          "HRD.GF.2-1": 0,
          "collapse-0": 0
        },
        "Loss": {
          "Repair": {
            "Cost": {
              "HRD-HRD.GF.2": 0.0,
              "replacement-collapse": 0.0
            },
            "Time": {
              "HRD-HRD.GF.2": 0.0,
              "replacement-collapse": 0.0
            }
          }
        }
      },
      "3016": {
        "GeneralInformation": {},
        "Demand": {
          "PGA-1-1": 74.22510590514281,
          "PGD-1-1": 7.438697529248411,
          "PGD-1-3": 0.5092885911547747,
          "SA_0.3-1-1": 188.86740096373808,
          "SA_1.0-1-1": 42.2118918533133
        },
        "Damage": {
          "HRD.GF.2-1": 0,
          "collapse-0": 0
        },
        "Loss": {
          "Repair": {
            "Cost": {
              "HRD-HRD.GF.2": 0.0,
              "replacement-collapse": 0.0
            },
            "Time": {
              "HRD-HRD.GF.2": 0.0,
              "replacement-collapse": 0.0
            }
          }
        }
      },
      "3017": {
        "GeneralInformation": {},
        "Demand": {
          "PGA-1-1": 74.22510590514281,
          "PGD-1-1": 7.438697529248411,
          "PGD-1-3": 0.5092885911547747,
          "SA_0.3-1-1": 188.86740096373808,
          "SA_1.0-1-1": 42.2118918533133
        },
        "Damage": {
          "HRD.GF.2-1": 2,
          "collapse-0": 0
        },
        "Loss": {
          "Repair": {
            "Cost": {
              "HRD-HRD.GF.2": 0.75,
              "replacement-collapse": 0.0
            },
            "Time": {
              "HRD-HRD.GF.2": 9.0,
              "replacement-collapse": 0.0
            }
          }
        }
      },
      "3020": {
        "GeneralInformation": {},
        "Demand": {
          "PGA-1-1": 66.29518319938052,
          "PGD-1-1": 0.4286946273933393,
          "PGD-1-3": 0.0315961826681479,
          "SA_0.3-1-1": 0.4297744439831845,
          "SA_1.0-1-1": 31.780608241107103
        },
        "Damage": {
          "HRD.GF.2-1": 0,
          "collapse-0": 0
        },
        "Loss": {
          "Repair": {
            "Cost": {
              "HRD-HRD.GF.2": 0.0,
              "replacement-collapse": 0.0
            },
            "Time": {
              "HRD-HRD.GF.2": 0.0,
              "replacement-collapse": 0.0
            }
          }
        }
      },
      "3021": {
        "GeneralInformation": {},
        "Demand": {
          "PGA-1-1": 66.29518319938052,
          "PGD-1-1": 0.0315961826681479,
          "PGD-1-3": 0.4286946273933393,
          "SA_0.3-1-1": 0.4297744439831845,
          "SA_1.0-1-1": 31.780608241107103
        },
        "Damage": {
          "HRD.GF.2-1": 0,
          "collapse-0": 0
        },
        "Loss": {
          "Repair": {
            "Cost": {
              "HRD-HRD.GF.2": 0.0,
              "replacement-collapse": 0.0
            },
            "Time": {
              "HRD-HRD.GF.2": 0.0,
              "replacement-collapse": 0.0
            }
          }
        }
      },
      "3022": {
        "GeneralInformation": {},
        "Demand": {
          "PGA-1-1": 59.417471843178944,
          "PGD-1-1": 1.618031241968915,
          "PGD-1-3": 0.11201888831435708,
          "SA_0.3-1-1": 198.45840906551263,
          "SA_1.0-1-1": 33.31836603054775
        },
        "Damage": {
          "HRD.GF.2-1": 0,
          "collapse-0": 0
        },
        "Loss": {
          "Repair": {
            "Cost": {
              "HRD-HRD.GF.2": 0.0,
              "replacement-collapse": 0.0
            },
            "Time": {
              "HRD-HRD.GF.2": 0.0,
              "replacement-collapse": 0.0
            }
          }
        }
      },
      "3023": {
        "GeneralInformation": {},
        "Demand": {
          "PGA-1-1": 66.29518319938052,
          "PGD-1-1": 0.0315961826681479,
          "PGD-1-3": 0.4286946273933393,
          "SA_0.3-1-1": 0.4297744439831845,
          "SA_1.0-1-1": 31.780608241107103
        },
        "Damage": {
          "HRD.GF.2-1": 0,
          "collapse-0": 0
        },
        "Loss": {
          "Repair": {
            "Cost": {
              "HRD-HRD.GF.2": 0.0,
              "replacement-collapse": 0.0
            },
            "Time": {
              "HRD-HRD.GF.2": 0.0,
              "replacement-collapse": 0.0
            }
          }
        }
      },
      "3024": {
        "GeneralInformation": {},
        "Demand": {
          "PGA-1-1": 59.417471843178944,
          "PGD-1-1": 1.618031241968915,
          "PGD-1-3": 0.11201888831435708,
          "SA_0.3-1-1": 198.45840906551263,
          "SA_1.0-1-1": 33.31836603054775
        },
        "Damage": {
          "HRD.GF.2-1": 0,
          "collapse-0": 0
        },
        "Loss": {
          "Repair": {
            "Cost": {
              "HRD-HRD.GF.2": 0.0,
              "replacement-collapse": 0.0
            },
            "Time": {
              "HRD-HRD.GF.2": 0.0,
              "replacement-collapse": 0.0
            }
          }
        }
      },
      "3025": {
        "GeneralInformation": {},
        "Demand": {
          "PGA-1-1": 66.29518319938052,
          "PGD-1-1": 0.0315961826681479,
          "PGD-1-3": 0.4286946273933393,
          "SA_0.3-1-1": 0.4297744439831845,
          "SA_1.0-1-1": 31.780608241107103
        },
        "Damage": {
          "HRD.GF.2-1": 0,
          "collapse-0": 0
        },