{
  "Buildings": {
    "1": {
      "GeneralInformation": {},
      "Demand": {
        "PGA-1-1": 85.04886373317056,
        "PGD-1-1": 1.532367611220947,
        "PGD-1-3": 20.94054673740581,
        "SA_0.3-1-1": 1.1626647574359474,
        "SA_1.0-1-1": 195.30160277352658
      },
      "Damage": {
        "GF.H.S-1": 0,
        "GF.V.S-1": 1,
        "LF.W1.MC-1": 0,
        "collapse-0": 0
      },
      "Loss": {
        "Repair": {
          "Cost": {
            "LF.IND2-LF.W1.MC": 0.0,
            "replacement-collapse": 0.0
          },
          "Time": {
            "LF.IND2-LF.W1.MC": 0.0,
            "replacement-collapse": 0.0
          }
        }
      }
    },
    "2": {
      "GeneralInformation": {},
      "Demand": {
        "PGA-1-1": 85.04886373317056,
        "PGD-1-1": 1.532367611220947,
        "PGD-1-3": 20.94054673740581,
        "SA_0.3-1-1": 1.1626647574359474,
        "SA_1.0-1-1": 195.30160277352658
      },
      "Damage": {
        "GF.H.S-1": 2,
        "GF.V.S-1": 0,
        "LF.W1.MC-1": 1,
        "collapse-0": 0
      },
      "Loss": {
        "Repair": {
          "Cost": {
            "LF.IND2-LF.W1.MC": 2.0,
            "replacement-collapse": 0.0
          },
          "Time": {
            "LF.IND2-LF.W1.MC": 10.0,
            "replacement-collapse": 0.0
          }
        }
      }
    }
  },
  "TransportationNetwork": {
    "Bridge": {
      "0": {
        "GeneralInformation": {},
        "Demand": {
          "PGA-1-1": 125.39254723905859,
          "PGD-1-1": 64.99423799038844,
          "PGD-1-3": 4.796972713557875,
          "SA_0.3-1-1": 672.0333224097229,
          "SA_1.0-1-1": 206.852510433978
        },
        "Damage": {
          "HWB.GF-1": 2,
          "HWB.GS.1-1": 2,
          "collapse-0": 0
        },
        "Loss": {
          "Repair": {
            "Cost": {
              "HWB-HWB.GF": 0.7,
              "HWB-HWB.GS.1": 0.7,
              "replacement-collapse": 0.0
            },
            "Time": {
              "HWB-HWB.GF": 10.0,
              "HWB-HWB.GS.1": 10.0,
              "replacement-collapse": 0.0
            }
          }
        }
      }
    },
    "Roadway": {
      "3015": {
        "GeneralInformation": {},
        "Demand": {
          "PGA-1-1": 87.7551077736815,
          "PGD-1-1": 2.996208916685656,
          "PGD-1-3": 0.1862713798643024,
          "SA_0.3-1-1": 648.1440089035665,
          "SA_1.0-1-1": 194.3036901150585
        },
        "Damage": {
          "HRD.GF.2-1": 0,
          "collapse-0": 0
        },
        "Loss": {
          "Repair": {
            "Cost": {
              "HRD-HRD.GF.2": 0.0,
              "replacement-collapse": 0.0
            },
            "Time": {
              "HRD-HRD.GF.2": 0.0,
              "replacement-collapse": 0.0
            }
          }
        }
      },
      "3016": {
        "GeneralInformation": {},
        "Demand": {
          "PGA-1-1": 105.60193114852474,
          "PGD-1-1": 11.094248186624055,
          "PGD-1-3": 0.7133498543452249,
          "SA_0.3-1-1": 533.9630495722771,
          "SA_1.0-1-1": 203.5734892265674
        },
        "Damage": {
          "HRD.GF.2-1": 2,
          "collapse-0": 0
        },
        "Loss": {
          "Repair": {
            "Cost": {
              "HRD-HRD.GF.2": 0.75,
              "replacement-collapse": 0.0
            },
            "Time": {
              "HRD-HRD.GF.2": 9.0,
              "replacement-collapse": 0.0
            }
          }
        }
      },
      "3017": {
        "GeneralInformation": {},
        "Demand": {
          "PGA-1-1": 120.4255590078537,
          "PGD-1-1": 9.270762215124238,
          "PGD-1-3": 0.5937289970694114,
          "SA_0.3-1-1": 720.3908225427662,
          "SA_1.0-1-1": 178.31144375071145
        },
        "Damage": {
          "HRD.GF.2-1": 2,
          "collapse-0": 0
        },
        "Loss": {
          "Repair": {
            "Cost": {
              "HRD-HRD.GF.2": 0.75,
              "replacement-collapse": 0.0
            },
            "Time": {
              "HRD-HRD.GF.2": 9.0,
              "replacement-collapse": 0.0
            }
          }
        }
      },
      "3020": {
        "GeneralInformation": {},
        "Demand": {
          "PGA-1-1": 96.47943491332045,
          "PGD-1-1": 0.13579377779327848,
          "PGD-1-3": 2.2196512198001686,
          "SA_0.3-1-1": 560.3210745600887,
          "SA_1.0-1-1": 246.2519200551352
        },
        "Damage": {
          "HRD.GF.2-1": 0,
          "collapse-0": 0
        },
        "Loss": {
          "Repair": {
            "Cost": {
              "HRD-HRD.GF.2": 0.0,
              "replacement-collapse": 0.0
            },
            "Time": {
              "HRD-HRD.GF.2": 0.0,
              "replacement-collapse": 0.0
            }
          }
        }
      },
      "3021": {
        "GeneralInformation": {},
        "Demand": {
          "PGA-1-1": 88.16201433158697,
          "PGD-1-1": 0.07944000705453756,
          "PGD-1-3": 1.350067114814856,
          "SA_0.3-1-1": 1.2336745705127483,
          "SA_1.0-1-1": 130.12399120968684
        },
        "Damage": {
          "HRD.GF.2-1": 0,
          "collapse-0": 0
        },
        "Loss": {
          "Repair": {
            "Cost": {
              "HRD-HRD.GF.2": 0.0,
              "replacement-collapse": 0.0
            },
            "Time": {
              "HRD-HRD.GF.2": 0.0,
              "replacement-collapse": 0.0
            }
          }
        }
      },
      "3022": {
        "GeneralInformation": {},
        "Demand": {
          "PGA-1-1": 87.7551077736815,
          "PGD-1-1": 2.996208916685656,
          "PGD-1-3": 0.1862713798643024,
          "SA_0.3-1-1": 648.1440089035665,
          "SA_1.0-1-1": 194.3036901150585
        },
        "Damage": {
          "HRD.GF.2-1": 0,
          "collapse-0": 0
        },
        "Loss": {
          "Repair": {
            "Cost": {
              "HRD-HRD.GF.2": 0.0,
              "replacement-collapse": 0.0
            },
            "Time": {
              "HRD-HRD.GF.2": 0.0,
              "replacement-collapse": 0.0
            }
          }
        }
      },
      "3023": {
        "GeneralInformation": {},
        "Demand": {
          "PGA-1-1": 87.7551077736815,
          "PGD-1-1": 2.996208916685656,
          "PGD-1-3": 0.1862713798643024,
          "SA_0.3-1-1": 648.1440089035665,
          "SA_1.0-1-1": 194.3036901150585
        },
        "Damage": {
          "HRD.GF.2-1": 0,
          "collapse-0": 0
        },
        "Loss": {
          "Repair": {
            "Cost": {
              "HRD-HRD.GF.2": 0.0,
              "replacement-collapse": 0.0
            },
            "Time": {
              "HRD-HRD.GF.2": 0.0,
              "replacement-collapse": 0.0
            }
          }
        }
      },
      "3024": {
        "GeneralInformation": {},
        "Demand": {
          "PGA-1-1": 96.47943491332045,
          "PGD-1-1": 2.2196512198001686,
          "PGD-1-3": 0.13579377779327848,
          "SA_0.3-1-1": 560.3210745600887,
          "SA_1.0-1-1": 246.2519200551352
        },
        "Damage": {
          "HRD.GF.2-1": 0,
          "collapse-0": 0
        },
        "Loss": {
          "Repair": {
            "Cost": {
              "HRD-HRD.GF.2": 0.0,
              "replacement-collapse": 0.0
            },
            "Time": {
              "HRD-HRD.GF.2": 0.0,
              "replacement-collapse": 0.0
            }
          }
        }
      },
      "3025": {
        "GeneralInformation": {},
        "Demand": {
          "PGA-1-1": 105.60193114852474,
          "PGD-1-1": 11.094248186624055,
          "PGD-1-3": 0.7133498543452249,
          "SA_0.3-1-1": 533.9630495722771,
          "SA_1.0-1-1": 203.5734892265674
        },
        "Damage": {
          "HRD.GF.2-1": 2,
          "collapse-0": 0
        },