{
  "Buildings": {
    "1": {
      "GeneralInformation": {},
      "Demand": {
        "PGA-1-1": 107.57216097867585,
        "PGD-1-1": 2.4055248713271253,
        "PGD-1-3": 36.07060418248401,
        "SA_0.3-1-1": 0.5689697864856008,
        "SA_1.0-1-1": 155.23967867671186
      },
      "Damage": {
        "GF.H.S-1": 0,
        "GF.V.S-1": 0,
        "LF.W1.MC-1": 2,
        "collapse-0": 0
      },
      "Loss": {
        "Repair": {
          "Cost": {
            "LF.IND2-LF.W1.MC": 10.0,
            "replacement-collapse": 0.0
          },
          "Time": {
            "LF.IND2-LF.W1.MC": 30.0,
            "replacement-collapse": 0.0
          }
        }
      }
    },
    "2": {
      "GeneralInformation": {},
      "Demand": {
        "PGA-1-1": 107.57216097867585,
        "PGD-1-1": 2.4055248713271253,
        "PGD-1-3": 36.07060418248401,
        "SA_0.3-1-1": 0.5689697864856008,
        "SA_1.0-1-1": 155.23967867671186
      },
      "Damage": {
        "GF.H.S-1": 1,
        "GF.V.S-1": 1,
        "LF.W1.MC-1": 1,
        "collapse-0": 0
      },
      "Loss": {
        "Repair": {
          "Cost": {
            "LF.IND2-LF.W1.MC": 2.0,
            "replacement-collapse": 0.0
          },
          "Time": {
            "LF.IND2-LF.W1.MC": 10.0,
            "replacement-collapse": 0.0
          }
        }
      }
    }
  },
  "TransportationNetwork": {
    "Bridge": {
      "0": {
        "GeneralInformation": {},
        "Demand": {
          "PGA-1-1": 112.2675311675542,
          "PGD-1-1": 64.73127394960889,
          "PGD-1-3": 4.451025080636004,
          "SA_0.3-1-1": 211.08293876586356,
          "SA_1.0-1-1": 122.20509817876749
        },
        "Damage": {
          "HWB.GF-1": 2,
          "HWB.GS.1-1": 0,
          "collapse-0": 0
        },
        "Loss": {
          "Repair": {
            "Cost": {
              "HWB-HWB.GF": 0.7,
              "HWB-HWB.GS.1": 0.0,
              "replacement-collapse": 0.0
            },
            "Time": {
              "HWB-HWB.GF": 10.0,
              "HWB-HWB.GS.1": 0.0,
              "replacement-collapse": 0.0
            }
          }
        }
      }
    },
    "Roadway": {
      "3015": {
        "GeneralInformation": {},
        "Demand": {
          "PGA-1-1": 91.74447619467408,
          "PGD-1-1": 14.555793934359215,
          "PGD-1-3": 0.8923809449708879,
          "SA_0.3-1-1": 214.28130679276947,
          "SA_1.0-1-1": 146.60861732578917
        },
        "Damage": {
          "HRD.GF.2-1": 1,
          "collapse-0": 0
        },
        "Loss": {
          "Repair": {
            "Cost": {
              "HRD-HRD.GF.2": 0.1,
              "replacement-collapse": 0.0
            },
            "Time": {
              "HRD-HRD.GF.2": 2.0,
              "replacement-collapse": 0.0
            }
          }
        }
      },
      "3016": {
        "GeneralInformation": {},
        "Demand": {
          "PGA-1-1": 91.74447619467408,
          "PGD-1-1": 14.555793934359215,
          "PGD-1-3": 0.8923809449708879,
          "SA_0.3-1-1": 214.28130679276947,
          "SA_1.0-1-1": 146.60861732578917
        },
        "Damage": {
          "HRD.GF.2-1": 2,
          "collapse-0": 0
        },
        "Loss": {
          "Repair": {
            "Cost": {
              "HRD-HRD.GF.2": 0.75,
              "replacement-collapse": 0.0
            },
            "Time": {
              "HRD-HRD.GF.2": 9.0,
              "replacement-collapse": 0.0
            }
          }
        }
      },
      "3017": {
        "GeneralInformation": {},
        "Demand": {
          "PGA-1-1": 91.74447619467408,
          "PGD-1-1": 14.555793934359215,
          "PGD-1-3": 0.8923809449708879,
          "SA_0.3-1-1": 214.28130679276947,
          "SA_1.0-1-1": 146.60861732578917
        },
        "Damage": {
          "HRD.GF.2-1": 2,
          "collapse-0": 0
        },
        "Loss": {
          "Repair": {
            "Cost": {
              "HRD-HRD.GF.2": 0.75,
              "replacement-collapse": 0.0
            },
            "Time": {
              "HRD-HRD.GF.2": 9.0,
              "replacement-collapse": 0.0
            }
          }
        }
      },
      "3020": {
        "GeneralInformation": {},
        "Demand": {
          "PGA-1-1": 169.22458373940805,
          "PGD-1-1": 0.263987635109258,
          "PGD-1-3": 4.393268196091589,
          "SA_0.3-1-1": 323.09428321898207,
          "SA_1.0-1-1": 215.89397273549605
        },
        "Damage": {
          "HRD.GF.2-1": 0,
          "collapse-0": 0
        },
        "Loss": {
          "Repair": {
            "Cost": {
              "HRD-HRD.GF.2": 0.0,
              "replacement-collapse": 0.0
            },
            "Time": {
              "HRD-HRD.GF.2": 0.0,
              "replacement-collapse": 0.0
            }
          }
        }
      },
      "3021": {
        "GeneralInformation": {},
        "Demand": {
          "PGA-1-1": 133.75505023868476,
          "PGD-1-1": 3.434752626430856,
          "PGD-1-3": 0.20479949893483776,
          "SA_0.3-1-1": 300.9123261582355,
          "SA_1.0-1-1": 194.2881920729468
        },
        "Damage": {
          "HRD.GF.2-1": 0,
          "collapse-0": 0
        },
        "Loss": {
          "Repair": {
            "Cost": {
              "HRD-HRD.GF.2": 0.0,
              "replacement-collapse": 0.0
            },
            "Time": {
              "HRD-HRD.GF.2": 0.0,
              "replacement-collapse": 0.0
            }
          }
        }
      },
      "3022": {
        "GeneralInformation": {},
        "Demand": {
          "PGA-1-1": 169.22458373940805,
          "PGD-1-1": 4.393268196091589,
          "PGD-1-3": 0.263987635109258,
          "SA_0.3-1-1": 323.09428321898207,
          "SA_1.0-1-1": 215.89397273549605
        },
        "Damage": {
          "HRD.GF.2-1": 1,
          "collapse-0": 0
        },
        "Loss": {
          "Repair": {
            "Cost": {
              "HRD-HRD.GF.2": 0.1,
              "replacement-collapse": 0.0
            },
            "Time": {
              "HRD-HRD.GF.2": 2.0,
              "replacement-collapse": 0.0
            }
          }
        }
      },
      "3023": {
        "GeneralInformation": {},
        "Demand": {
          "PGA-1-1": 169.22458373940805,
          "PGD-1-1": 4.393268196091589,
          "PGD-1-3": 0.263987635109258,
          "SA_0.3-1-1": 323.09428321898207,
          "SA_1.0-1-1": 215.89397273549605
        },
        "Damage": {
          "HRD.GF.2-1": 0,
          "collapse-0": 0
        },
        "Loss": {
          "Repair": {
            "Cost": {
              "HRD-HRD.GF.2": 0.0,
              "replacement-collapse": 0.0
            },
            "Time": {
              "HRD-HRD.GF.2": 0.0,
              "replacement-collapse": 0.0
            }
          }
        }
      },
      "3024": {
        "GeneralInformation": {},
        "Demand": {
          "PGA-1-1": 169.22458373940805,
          "PGD-1-1": 4.393268196091589,
          "PGD-1-3": 0.263987635109258,
          "SA_0.3-1-1": 323.09428321898207,
          "SA_1.0-1-1": 215.89397273549605
        },
        "Damage": {
          "HRD.GF.2-1": 0,
          "collapse-0": 0
        },
        "Loss": {
          "Repair": {
            "Cost": {
              "HRD-HRD.GF.2": 0.0,
              "replacement-collapse": 0.0
            },
            "Time": {
              "HRD-HRD.GF.2": 0.0,
              "replacement-collapse": 0.0
            }
          }
        }
      },
      "3025": {
        "GeneralInformation": {},
        "Demand": {
          "PGA-1-1": 91.74447619467408,
          "PGD-1-1": 14.555793934359215,
          "PGD-1-3": 0.8923809449708879,
          "SA_0.3-1-1": 214.28130679276947,
          "SA_1.0-1-1": 146.60861732578917
        },
        "Damage": {
          "HRD.GF.2-1": 3,
          "collapse-0": 0
        },