{
  "Buildings": {
    "1": {
      "GeneralInformation": {},
      "Demand": {
        "PGA-1-1": 156.4502661033467,
        "PGD-1-1": 3.425135465780591,
        "PGD-1-3": 56.72285411604689,
        "SA_0.3-1-1": 1.1359148652604731,
        "SA_1.0-1-1": 222.1645734602808
      },
      "Damage": {
        "GF.H.S-1": 1,
        "GF.V.S-1": 1,
        "LF.W1.MC-1": 2,
        "collapse-0": 0
      },
      "Loss": {
        "Repair": {
          "Cost": {
            "LF.IND2-LF.W1.MC": 10.0,
            "replacement-collapse": 0.0
          },
          "Time": {
            "LF.IND2-LF.W1.MC": 30.0,
            "replacement-collapse": 0.0
          }
        }
      }
    },
    "2": {
      "GeneralInformation": {},
      "Demand": {
        "PGA-1-1": 156.4502661033467,
        "PGD-1-1": 3.425135465780591,
        "PGD-1-3": 56.72285411604689,
        "SA_0.3-1-1": 1.1359148652604731,
        "SA_1.0-1-1": 222.1645734602808
      },
      "Damage": {
        "GF.H.S-1": 1,
        "GF.V.S-1": 1,
        "LF.W1.MC-1": 4,
        "collapse-0": 0
      },
      "Loss": {
        "Repair": {
          "Cost": {
            "LF.IND2-LF.W1.MC": 100.0,
            "replacement-collapse": 0.0
          },
          "Time": {
            "LF.IND2-LF.W1.MC": 240.0,
            "replacement-collapse": 0.0
          }
        }
      }
    }
  },
  "TransportationNetwork": {
    "Bridge": {
      "0": {
        "GeneralInformation": {},
        "Demand": {
          "PGA-1-1": 211.26901527411127,
          "PGD-1-1": 79.72606301624246,
          "PGD-1-3": 5.297594917128361,
          "SA_0.3-1-1": 465.7911932583903,
          "SA_1.0-1-1": 384.01651271482154
        },
        "Damage": {
          "HWB.GF-1": 2,
          "HWB.GS.1-1": 4,
          "collapse-0": 0
        },
        "Loss": {
          "Repair": {
            "Cost": {
              "HWB-HWB.GF": 0.7,
              "HWB-HWB.GS.1": 1.0,
              "replacement-collapse": 0.0
            },
            "Time": {
              "HWB-HWB.GF": 10.0,
              "HWB-HWB.GS.1": 365.0,
              "replacement-collapse": 0.0
            }
          }
        }
      }
    },
    "Roadway": {
      "3015": {
        "GeneralInformation": {},
        "Demand": {
          "PGA-1-1": 196.48143294021796,
          "PGD-1-1": 15.086336886303046,
          "PGD-1-3": 0.9191089522918061,
          "SA_0.3-1-1": 580.0913497334838,
          "SA_1.0-1-1": 255.8925920892536
        },
        "Damage": {
          "HRD.GF.2-1": 2,
          "collapse-0": 0
        },
        "Loss": {
          "Repair": {
            "Cost": {
              "HRD-HRD.GF.2": 0.75,
              "replacement-collapse": 0.0
            },
            "Time": {
              "HRD-HRD.GF.2": 9.0,
              "replacement-collapse": 0.0
            }
          }
        }
      },
      "3016": {
        "GeneralInformation": {},
        "Demand": {
          "PGA-1-1": 153.64621951970318,
          "PGD-1-1": 12.981180322999135,
          "PGD-1-3": 0.7830319422057894,
          "SA_0.3-1-1": 428.9947498877224,
          "SA_1.0-1-1": 234.88731429488024
        },
        "Damage": {
          "HRD.GF.2-1": 1,
          "collapse-0": 0
        },
        "Loss": {
          "Repair": {
            "Cost": {
              "HRD-HRD.GF.2": 0.1,
              "replacement-collapse": 0.0
            },
            "Time": {
              "HRD-HRD.GF.2": 2.0,
              "replacement-collapse": 0.0
            }
          }
        }
      },
      "3017": {
        "GeneralInformation": {},
        "Demand": {
          "PGA-1-1": 196.48143294021796,
          "PGD-1-1": 15.086336886303046,
          "PGD-1-3": 0.9191089522918061,
          "SA_0.3-1-1": 580.0913497334838,
          "SA_1.0-1-1": 255.8925920892536
        },
        "Damage": {
          "HRD.GF.2-1": 2,
          "collapse-0": 0
        },
        "Loss": {
          "Repair": {
            "Cost": {
              "HRD-HRD.GF.2": 0.75,
              "replacement-collapse": 0.0
            },
            "Time": {
              "HRD-HRD.GF.2": 9.0,
              "replacement-collapse": 0.0
            }
          }
        }
      },
      "3020": {
        "GeneralInformation": {},
        "Demand": {
          "PGA-1-1": 166.91534044637345,
          "PGD-1-1": 0.27394192569887243,
          "PGD-1-3": 5.025894145995652,
          "SA_0.3-1-1": 464.0153582280847,
          "SA_1.0-1-1": 302.13852114397
        },
        "Damage": {
          "HRD.GF.2-1": 0,
          "collapse-0": 0
        },
        "Loss": {
          "Repair": {
            "Cost": {
              "HRD-HRD.GF.2": 0.0,
              "replacement-collapse": 0.0
            },
            "Time": {
              "HRD-HRD.GF.2": 0.0,
              "replacement-collapse": 0.0
            }
          }
        }
      },
      "3021": {
        "GeneralInformation": {},
        "Demand": {
          "PGA-1-1": 204.46733117180904,
          "PGD-1-1": 0.26214658219700887,
          "PGD-1-3": 4.840727554866125,
          "SA_0.3-1-1": 1.487891599351906,
          "SA_1.0-1-1": 264.2575651934083
        },
        "Damage": {
          "HRD.GF.2-1": 2,
          "collapse-0": 0
        },
        "Loss": {
          "Repair": {
            "Cost": {
              "HRD-HRD.GF.2": 0.75,
              "replacement-collapse": 0.0
            },
            "Time": {
              "HRD-HRD.GF.2": 9.0,
              "replacement-collapse": 0.0
            }
          }
        }
      },
      "3022": {
        "GeneralInformation": {},
        "Demand": {
          "PGA-1-1": 156.7558290968398,
          "PGD-1-1": 6.52252471486692,
          "PGD-1-3": 0.3696980829780769,
          "SA_0.3-1-1": 430.9073031773264,
          "SA_1.0-1-1": 208.2438802781152
        },
        "Damage": {
          "HRD.GF.2-1": 2,
          "collapse-0": 0
        },
        "Loss": {
          "Repair": {
            "Cost": {
              "HRD-HRD.GF.2": 0.75,
              "replacement-collapse": 0.0
            },
            "Time": {
              "HRD-HRD.GF.2": 9.0,
              "replacement-collapse": 0.0
            }
          }
        }
      },
      "3023": {
        "GeneralInformation": {},
        "Demand": {
          "PGA-1-1": 204.46733117180904,
          "PGD-1-1": 0.26214658219700887,
          "PGD-1-3": 4.840727554866125,
          "SA_0.3-1-1": 1.487891599351906,
          "SA_1.0-1-1": 264.2575651934083
        },
        "Damage": {
          "HRD.GF.2-1": 0,
          "collapse-0": 0
        },
        "Loss": {
          "Repair": {
            "Cost": {
              "HRD-HRD.GF.2": 0.0,
              "replacement-collapse": 0.0
            },
            "Time": {
              "HRD-HRD.GF.2": 0.0,
              "replacement-collapse": 0.0
            }
          }
        }
      },
      "3024": {
        "GeneralInformation": {},
        "Demand": {
          "PGA-1-1": 204.46733117180904,
          "PGD-1-1": 0.26214658219700887,
          "PGD-1-3": 4.840727554866125,
          "SA_0.3-1-1": 1.487891599351906,
          "SA_1.0-1-1": 264.2575651934083
        },
        "Damage": {
          "HRD.GF.2-1": 0,
          "collapse-0": 0
        },
        "Loss": {
          "Repair": {
            "Cost": {
              "HRD-HRD.GF.2": 0.0,
              "replacement-collapse": 0.0
            },
            "Time": {
              "HRD-HRD.GF.2": 0.0,
              "replacement-collapse": 0.0
            }
          }
        }
      },
      "3025": {
        "GeneralInformation": {},
        "Demand": {
          "PGA-1-1": 195.94148408170372,
          "PGD-1-1": 5.715439739745708,
          "PGD-1-3": 0.3180308626581832,
          "SA_0.3-1-1": 645.2854705979129,
          "SA_1.0-1-1": 222.2507121553238
        },
        "Damage": {
          "HRD.GF.2-1": 1,
          "collapse-0": 0
        },