{
  "Buildings": {
    "1": {
      "GeneralInformation": {},
      "Demand": {
        "PGA-1-1": 137.3465269812267,
        "PGD-1-1": 3.0937223767035382,
        "PGD-1-3": 49.33990316809798,
        "SA_0.3-1-1": 0.8945043081876416,
        "SA_1.0-1-1": 97.35631529431683
      },
      "Damage": {
        "GF.H.S-1": 1,
        "GF.V.S-1": 1,
        "LF.W1.MC-1": 1,
        "collapse-0": 0
      },
      "Loss": {
        "Repair": {
          "Cost": {
            "LF.IND2-LF.W1.MC": 2.0,
            "replacement-collapse": 0.0
          },
          "Time": {
            "LF.IND2-LF.W1.MC": 10.0,
            "replacement-collapse": 0.0
          }
        }
      }
    },
    "2": {
      "GeneralInformation": {},
      "Demand": {
        "PGA-1-1": 137.3465269812267,
        "PGD-1-1": 3.0937223767035382,
        "PGD-1-3": 49.33990316809798,
        "SA_0.3-1-1": 0.8945043081876416,
        "SA_1.0-1-1": 97.35631529431683
      },
      "Damage": {
        "GF.H.S-1": 0,
        "GF.V.S-1": 1,
        "LF.W1.MC-1": 1,
        "collapse-0": 0
      },
      "Loss": {
        "Repair": {
          "Cost": {
            "LF.IND2-LF.W1.MC": 2.0,
            "replacement-collapse": 0.0
          },
          "Time": {
            "LF.IND2-LF.W1.MC": 10.0,
            "replacement-collapse": 0.0
          }
        }
      }
    }
  },
  "TransportationNetwork": {
    "Bridge": {
      "0": {
        "GeneralInformation": {},
        "Demand": {
          "PGA-1-1": 125.68171830919212,
          "PGD-1-1": 75.95555156196518,
          "PGD-1-3": 5.261362413253001,
          "SA_0.3-1-1": 315.42005690662654,
          "SA_1.0-1-1": 102.18530855871684
        },
        "Damage": {
          "HWB.GF-1": 2,
          "HWB.GS.1-1": 0,
          "collapse-0": 0
        },
        "Loss": {
          "Repair": {
            "Cost": {
              "HWB-HWB.GF": 0.7,
              "HWB-HWB.GS.1": 0.0,
              "replacement-collapse": 0.0
            },
            "Time": {
              "HWB-HWB.GF": 10.0,
              "HWB-HWB.GS.1": 0.0,
              "replacement-collapse": 0.0
            }
          }
        }
      }
    },
    "Roadway": {
      "3015": {
        "GeneralInformation": {},
        "Demand": {
          "PGA-1-1": 134.60223884295695,
          "PGD-1-1": 12.93766706541621,
          "PGD-1-3": 0.7776874403175252,
          "SA_0.3-1-1": 402.3870340816976,
          "SA_1.0-1-1": 82.8644777555314
        },
        "Damage": {
          "HRD.GF.2-1": 0,
          "collapse-0": 0
        },
        "Loss": {
          "Repair": {
            "Cost": {
              "HRD-HRD.GF.2": 0.0,
              "replacement-collapse": 0.0
            },
            "Time": {
              "HRD-HRD.GF.2": 0.0,
              "replacement-collapse": 0.0
            }
          }
        }
      },
      "3016": {
        "GeneralInformation": {},
        "Demand": {
          "PGA-1-1": 144.5062111018811,
          "PGD-1-1": 15.279649365102667,
          "PGD-1-3": 0.9265667335223976,
          "SA_0.3-1-1": 402.58838540817226,
          "SA_1.0-1-1": 106.20956581723316
        },
        "Damage": {
          "HRD.GF.2-1": 3,
          "collapse-0": 0
        },
        "Loss": {
          "Repair": {
            "Cost": {
              "HRD-HRD.GF.2": 0.9,
              "replacement-collapse": 0.0
            },
            "Time": {
              "HRD-HRD.GF.2": 70.0,
              "replacement-collapse": 0.0
            }
          }
        }
      },
      "3017": {
        "GeneralInformation": {},
        "Demand": {
          "PGA-1-1": 135.6190798843251,
          "PGD-1-1": 13.406188760875745,
          "PGD-1-3": 0.8148298736700592,
          "SA_0.3-1-1": 469.6310370761264,
          "SA_1.0-1-1": 101.16972286116257
        },
        "Damage": {
          "HRD.GF.2-1": 2,
          "collapse-0": 0
        },
        "Loss": {
          "Repair": {
            "Cost": {
              "HRD-HRD.GF.2": 0.75,
              "replacement-collapse": 0.0
            },
            "Time": {
              "HRD-HRD.GF.2": 9.0,
              "replacement-collapse": 0.0
            }
          }
        }
      },
      "3020": {
        "GeneralInformation": {},
        "Demand": {
          "PGA-1-1": 135.53345766237106,
          "PGD-1-1": 0.32539786072568505,
          "PGD-1-3": 5.7506502469080685,
          "SA_0.3-1-1": 478.6000148992888,
          "SA_1.0-1-1": 80.01018408897201
        },
        "Damage": {
          "HRD.GF.2-1": 0,
          "collapse-0": 0
        },
        "Loss": {
          "Repair": {
            "Cost": {
              "HRD-HRD.GF.2": 0.0,
              "replacement-collapse": 0.0
            },
            "Time": {
              "HRD-HRD.GF.2": 0.0,
              "replacement-collapse": 0.0
            }
          }
        }
      },
      "3021": {
        "GeneralInformation": {},
        "Demand": {
          "PGA-1-1": 172.79104818363075,
          "PGD-1-1": 0.20771058873788825,
          "PGD-1-3": 3.87922262203344,
          "SA_0.3-1-1": 1.1607814220976405,
          "SA_1.0-1-1": 117.8572775541981
        },
        "Damage": {
          "HRD.GF.2-1": 0,
          "collapse-0": 0
        },
        "Loss": {
          "Repair": {
            "Cost": {
              "HRD-HRD.GF.2": 0.0,
              "replacement-collapse": 0.0
            },
            "Time": {
              "HRD-HRD.GF.2": 0.0,
              "replacement-collapse": 0.0
            }
          }
        }
      },
      "3022": {
        "GeneralInformation": {},
        "Demand": {
          "PGA-1-1": 172.79104818363075,
          "PGD-1-1": 0.20771058873788825,
          "PGD-1-3": 3.87922262203344,
          "SA_0.3-1-1": 1.1607814220976405,
          "SA_1.0-1-1": 117.8572775541981
        },
        "Damage": {
          "HRD.GF.2-1": 0,
          "collapse-0": 0
        },
        "Loss": {
          "Repair": {
            "Cost": {
              "HRD-HRD.GF.2": 0.0,
              "replacement-collapse": 0.0
            },
            "Time": {
              "HRD-HRD.GF.2": 0.0,
              "replacement-collapse": 0.0
            }
          }
        }
      },
      "3023": {
        "GeneralInformation": {},
        "Demand": {
          "PGA-1-1": 177.1474773629812,
          "PGD-1-1": 4.853135207953794,
          "PGD-1-3": 0.26887957596538725,
          "SA_0.3-1-1": 433.36375546074737,
          "SA_1.0-1-1": 100.40915141229027
        },
        "Damage": {
          "HRD.GF.2-1": 0,
          "collapse-0": 0
        },
        "Loss": {
          "Repair": {
            "Cost": {
              "HRD-HRD.GF.2": 0.0,
              "replacement-collapse": 0.0
            },
            "Time": {
              "HRD-HRD.GF.2": 0.0,
              "replacement-collapse": 0.0
            }
          }
        }
      },
      "3024": {
        "GeneralInformation": {},
        "Demand": {
          "PGA-1-1": 172.79104818363075,
          "PGD-1-1": 0.20771058873788825,
          "PGD-1-3": 3.87922262203344,
          "SA_0.3-1-1": 1.1607814220976405,
          "SA_1.0-1-1": 117.8572775541981
        },
        "Damage": {
          "HRD.GF.2-1": 0,
          "collapse-0": 0
        },
        "Loss": {
          "Repair": {
            "Cost": {
              "HRD-HRD.GF.2": 0.0,
              "replacement-collapse": 0.0
            },
            "Time": {
              "HRD-HRD.GF.2": 0.0,
              "replacement-collapse": 0.0
            }
          }
        }
      },
      "3025": {
        "GeneralInformation": {},
        "Demand": {
          "PGA-1-1": 172.79104818363075,
          "PGD-1-1": 0.20771058873788825,
          "PGD-1-3": 3.87922262203344,
          "SA_0.3-1-1": 1.1607814220976405,
          "SA_1.0-1-1": 117.8572775541981
        },
        "Damage": {
          "HRD.GF.2-1": 2,
          "collapse-0": 0
        },