{
  "Buildings": {
    "1": {
      "GeneralInformation": {},
      "Demand": {
        "PGA-1-1": 166.64434812168915,
        "PGD-1-1": 53.774590782796864,
        "PGD-1-3": 3.391881263406437,
        "SA_0.3-1-1": 300.27381439131864,
        "SA_1.0-1-1": 339.1009531589135
      },
      "Damage": {
        "GF.H.S-1": 0,
        "GF.V.S-1": 1,
        "LF.W1.MC-1": 1,
        "collapse-0": 0
      },
      "Loss": {
        "Repair": {
          "Cost": {
            "LF.IND2-LF.W1.MC": 2.0,
            "replacement-collapse": 0.0
          },
          "Time": {
            "LF.IND2-LF.W1.MC": 10.0,
            "replacement-collapse": 0.0
          }
        }
      }
    },
    "2": {
      "GeneralInformation": {},
      "Demand": {
        "PGA-1-1": 159.9950573156592,
        "PGD-1-1": 3.4805734588649444,
        "PGD-1-3": 58.04946019569624,
        "SA_0.3-1-1": 0.7118279802672831,
        "SA_1.0-1-1": 474.77622423027924
      },
      "Damage": {
        "GF.H.S-1": 1,
        "GF.V.S-1": 1,
        "LF.W1.MC-1": 2,
        "collapse-0": 0
      },
      "Loss": {
        "Repair": {
          "Cost": {
            "LF.IND2-LF.W1.MC": 10.0,
            "replacement-collapse": 0.0
          },
          "Time": {
            "LF.IND2-LF.W1.MC": 30.0,
            "replacement-collapse": 0.0
          }
        }
      }
    }
  },
  "TransportationNetwork": {
    "Bridge": {
      "0": {
        "GeneralInformation": {},
        "Demand": {
          "PGA-1-1": 177.36670193164267,
          "PGD-1-1": 72.93704485562297,
          "PGD-1-3": 4.8575385717270345,
          "SA_0.3-1-1": 289.05841914481704,
          "SA_1.0-1-1": 457.5877667026406
        },
        "Damage": {
          "HWB.GF-1": 2,
          "HWB.GS.1-1": 4,
          "collapse-0": 0
        },
        "Loss": {
          "Repair": {
            "Cost": {
              "HWB-HWB.GF": 0.7,
              "HWB-HWB.GS.1": 1.0,
              "replacement-collapse": 0.0
            },
            "Time": {
              "HWB-HWB.GF": 10.0,
              "HWB-HWB.GS.1": 365.0,
              "replacement-collapse": 0.0
            }
          }
        }
      }
    },
    "Roadway": {
      "3015": {
        "GeneralInformation": {},
        "Demand": {
          "PGA-1-1": 187.18876973518448,
          "PGD-1-1": 18.98818505246009,
          "PGD-1-3": 1.09434266487173,
          "SA_0.3-1-1": 354.5679604775548,
          "SA_1.0-1-1": 370.4639139887677
        },
        "Damage": {
          "HRD.GF.2-1": 1,
          "collapse-0": 0
        },
        "Loss": {
          "Repair": {
            "Cost": {
              "HRD-HRD.GF.2": 0.1,
              "replacement-collapse": 0.0
            },
            "Time": {
              "HRD-HRD.GF.2": 2.0,
              "replacement-collapse": 0.0
            }
          }
        }
      },
      "3016": {
        "GeneralInformation": {},
        "Demand": {
          "PGA-1-1": 187.18876973518448,
          "PGD-1-1": 18.98818505246009,
          "PGD-1-3": 1.09434266487173,
          "SA_0.3-1-1": 354.5679604775548,
          "SA_1.0-1-1": 370.4639139887677
        },
        "Damage": {
          "HRD.GF.2-1": 3,
          "collapse-0": 0
        },
        "Loss": {
          "Repair": {
            "Cost": {
              "HRD-HRD.GF.2": 0.9,
              "replacement-collapse": 0.0
            },
            "Time": {
              "HRD-HRD.GF.2": 70.0,
              "replacement-collapse": 0.0
            }
          }
        }
      },
      "3017": {
        "GeneralInformation": {},
        "Demand": {
          "PGA-1-1": 187.18876973518448,
          "PGD-1-1": 18.98818505246009,
          "PGD-1-3": 1.09434266487173,
          "SA_0.3-1-1": 354.5679604775548,
          "SA_1.0-1-1": 370.4639139887677
        },
        "Damage": {
          "HRD.GF.2-1": 1,
          "collapse-0": 0
        },
        "Loss": {
          "Repair": {
            "Cost": {
              "HRD-HRD.GF.2": 0.1,
              "replacement-collapse": 0.0
            },
            "Time": {
              "HRD-HRD.GF.2": 2.0,
              "replacement-collapse": 0.0
            }
          }
        }
      },
      "3020": {
        "GeneralInformation": {},
        "Demand": {
          "PGA-1-1": 166.64434812168915,
          "PGD-1-1": 0.3665721123250048,
          "PGD-1-3": 6.615191551645193,
          "SA_0.3-1-1": 300.27381439131864,
          "SA_1.0-1-1": 339.1009531589135
        },
        "Damage": {
          "HRD.GF.2-1": 1,
          "collapse-0": 0
        },
        "Loss": {
          "Repair": {
            "Cost": {
              "HRD-HRD.GF.2": 0.1,
              "replacement-collapse": 0.0
            },
            "Time": {
              "HRD-HRD.GF.2": 2.0,
              "replacement-collapse": 0.0
            }
          }
        }
      },
      "3021": {
        "GeneralInformation": {},
        "Demand": {
          "PGA-1-1": 166.64434812168915,
          "PGD-1-1": 6.615191551645193,
          "PGD-1-3": 0.3665721123250048,
          "SA_0.3-1-1": 300.27381439131864,
          "SA_1.0-1-1": 339.1009531589135
        },
        "Damage": {
          "HRD.GF.2-1": 0,
          "collapse-0": 0
        },
        "Loss": {
          "Repair": {
            "Cost": {
              "HRD-HRD.GF.2": 0.0,
              "replacement-collapse": 0.0
            },
            "Time": {
              "HRD-HRD.GF.2": 0.0,
              "replacement-collapse": 0.0
            }
          }
        }
      },
      "3022": {
        "GeneralInformation": {},
        "Demand": {
          "PGA-1-1": 181.18845191274568,
          "PGD-1-1": 0.2215009331025544,
          "PGD-1-3": 4.131199485625849,
          "SA_0.3-1-1": 0.7826576127142275,
          "SA_1.0-1-1": 320.64564779473125
        },
        "Damage": {
          "HRD.GF.2-1": 1,
          "collapse-0": 0
        },
        "Loss": {
          "Repair": {
            "Cost": {
              "HRD-HRD.GF.2": 0.1,
              "replacement-collapse": 0.0
            },
            "Time": {
              "HRD-HRD.GF.2": 2.0,
              "replacement-collapse": 0.0
            }
          }
        }
      },
      "3023": {
        "GeneralInformation": {},
        "Demand": {
          "PGA-1-1": 166.64434812168915,
          "PGD-1-1": 6.615191551645193,
          "PGD-1-3": 0.3665721123250048,
          "SA_0.3-1-1": 300.27381439131864,
          "SA_1.0-1-1": 339.1009531589135
        },
        "Damage": {
          "HRD.GF.2-1": 2,
          "collapse-0": 0
        },
        "Loss": {
          "Repair": {
            "Cost": {
              "HRD-HRD.GF.2": 0.75,
              "replacement-collapse": 0.0
            },
            "Time": {
              "HRD-HRD.GF.2": 9.0,
              "replacement-collapse": 0.0
            }
          }
        }
      },
      "3024": {
        "GeneralInformation": {},
        "Demand": {
          "PGA-1-1": 160.12823799400397,
          "PGD-1-1": 5.437356614313464,
          "PGD-1-3": 0.29754700251392047,
          "SA_0.3-1-1": 310.77333480478205,
          "SA_1.0-1-1": 274.51561083832894
        },
        "Damage": {
          "HRD.GF.2-1": 0,
          "collapse-0": 0
        },
        "Loss": {
          "Repair": {
            "Cost": {
              "HRD-HRD.GF.2": 0.0,
              "replacement-collapse": 0.0
            },
            "Time": {
              "HRD-HRD.GF.2": 0.0,
              "replacement-collapse": 0.0
            }
          }
        }
      },
      "3025": {
        "GeneralInformation": {},
        "Demand": {
          "PGA-1-1": 181.18845191274568,
          "PGD-1-1": 0.2215009331025544,
          "PGD-1-3": 4.131199485625849,
          "SA_0.3-1-1": 0.7826576127142275,
          "SA_1.0-1-1": 320.64564779473125
        },
        "Damage": {
          "HRD.GF.2-1": 1,
          "collapse-0": 0
        },