{
  "Buildings": {
    "1": {
      "GeneralInformation": {},
      "Demand": {
        "PGA-1-1": 122.82400781998967,
        "PGD-1-1": 47.97673203812564,
        "PGD-1-3": 3.155610550642636,
        "SA_0.3-1-1": 317.8890765435792,
        "SA_1.0-1-1": 203.64276581365505
      },
      "Damage": {
        "GF.H.S-1": 0,
        "GF.V.S-1": 2,
        "LF.W1.MC-1": 1,
        "collapse-0": 0
      },
      "Loss": {
        "Repair": {
          "Cost": {
            "LF.IND2-LF.W1.MC": 2.0,
            "replacement-collapse": 0.0
          },
          "Time": {
            "LF.IND2-LF.W1.MC": 10.0,
            "replacement-collapse": 0.0
          }
        }
      }
    },
    "2": {
      "GeneralInformation": {},
      "Demand": {
        "PGA-1-1": 132.5518458506593,
        "PGD-1-1": 2.9803503236298443,
        "PGD-1-3": 47.44778761198644,
        "SA_0.3-1-1": 0.8171094660347163,
        "SA_1.0-1-1": 205.37825887101422
      },
      "Damage": {
        "GF.H.S-1": 2,
        "GF.V.S-1": 1,
        "LF.W1.MC-1": 2,
        "collapse-0": 0
      },
      "Loss": {
        "Repair": {
          "Cost": {
            "LF.IND2-LF.W1.MC": 10.0,
            "replacement-collapse": 0.0
          },
          "Time": {
            "LF.IND2-LF.W1.MC": 30.0,
            "replacement-collapse": 0.0
          }
        }
      }
    }
  },
  "TransportationNetwork": {
    "Bridge": {
      "0": {
        "GeneralInformation": {},
        "Demand": {
          "PGA-1-1": 128.10874474559824,
          "PGD-1-1": 5.870341358524783,
          "PGD-1-3": 86.49277344947923,
          "SA_0.3-1-1": 0.7260552568172605,
          "SA_1.0-1-1": 344.6726387096559
        },
        "Damage": {
          "HWB.GF-1": 2,
          "HWB.GS.1-1": 4,
          "collapse-0": 0
        },
        "Loss": {
          "Repair": {
            "Cost": {
              "HWB-HWB.GF": 0.7,
              "HWB-HWB.GS.1": 1.0,
              "replacement-collapse": 0.0
            },
            "Time": {
              "HWB-HWB.GF": 10.0,
              "HWB-HWB.GS.1": 365.0,
              "replacement-collapse": 0.0
            }
          }
        }
      }
    },
    "Roadway": {
      "3015": {
        "GeneralInformation": {},
        "Demand": {
          "PGA-1-1": 139.25249481669067,
          "PGD-1-1": 13.564298088163044,
          "PGD-1-3": 0.8352789584444265,
          "SA_0.3-1-1": 335.3593173599868,
          "SA_1.0-1-1": 193.85600334552524
        },
        "Damage": {
          "HRD.GF.2-1": 2,
          "collapse-0": 0
        },
        "Loss": {
          "Repair": {
            "Cost": {
              "HRD-HRD.GF.2": 0.75,
              "replacement-collapse": 0.0
            },
            "Time": {
              "HRD-HRD.GF.2": 9.0,
              "replacement-collapse": 0.0
            }
          }
        }
      },
      "3016": {
        "GeneralInformation": {},
        "Demand": {
          "PGA-1-1": 137.66264155971768,
          "PGD-1-1": 4.871394458323182,
          "PGD-1-3": 0.2874050895874872,
          "SA_0.3-1-1": 341.26549944386613,
          "SA_1.0-1-1": 240.36434742339796
        },
        "Damage": {
          "HRD.GF.2-1": 1,
          "collapse-0": 0
        },
        "Loss": {
          "Repair": {
            "Cost": {
              "HRD-HRD.GF.2": 0.1,
              "replacement-collapse": 0.0
            },
            "Time": {
              "HRD-HRD.GF.2": 2.0,
              "replacement-collapse": 0.0
            }
          }
        }
      },
      "3017": {
        "GeneralInformation": {},
        "Demand": {
          "PGA-1-1": 139.25249481669067,
          "PGD-1-1": 13.564298088163044,
          "PGD-1-3": 0.8352789584444265,
          "SA_0.3-1-1": 335.3593173599868,
          "SA_1.0-1-1": 193.85600334552524
        },
        "Damage": {
          "HRD.GF.2-1": 3,
          "collapse-0": 0
        },
        "Loss": {
          "Repair": {
            "Cost": {
              "HRD-HRD.GF.2": 0.9,
              "replacement-collapse": 0.0
            },
            "Time": {
              "HRD-HRD.GF.2": 70.0,
              "replacement-collapse": 0.0
            }
          }
        }
      },
      "3020": {
        "GeneralInformation": {},
        "Demand": {
          "PGA-1-1": 122.82400781998967,
          "PGD-1-1": 0.18984745299942016,
          "PGD-1-3": 3.3180606569619395,
          "SA_0.3-1-1": 317.8890765435792,
          "SA_1.0-1-1": 203.64276581365505
        },
        "Damage": {
          "HRD.GF.2-1": 1,
          "collapse-0": 0
        },
        "Loss": {
          "Repair": {
            "Cost": {
              "HRD-HRD.GF.2": 0.1,
              "replacement-collapse": 0.0
            },
            "Time": {
              "HRD-HRD.GF.2": 2.0,
              "replacement-collapse": 0.0
            }
          }
        }
      },
      "3021": {
        "GeneralInformation": {},
        "Demand": {
          "PGA-1-1": 127.101488690647,
          "PGD-1-1": 4.039665581660569,
          "PGD-1-3": 0.23512578497347356,
          "SA_0.3-1-1": 350.33304771968955,
          "SA_1.0-1-1": 161.99651051714082
        },
        "Damage": {
          "HRD.GF.2-1": 0,
          "collapse-0": 0
        },
        "Loss": {
          "Repair": {
            "Cost": {
              "HRD-HRD.GF.2": 0.0,
              "replacement-collapse": 0.0
            },
            "Time": {
              "HRD-HRD.GF.2": 0.0,
              "replacement-collapse": 0.0
            }
          }
        }
      },
      "3022": {
        "GeneralInformation": {},
        "Demand": {
          "PGA-1-1": 149.81267350190524,
          "PGD-1-1": 0.1771855880293637,
          "PGD-1-3": 3.1152508356532,
          "SA_0.3-1-1": 1.0132003128277491,
          "SA_1.0-1-1": 150.8583203504162
        },
        "Damage": {
          "HRD.GF.2-1": 0,
          "collapse-0": 0
        },
        "Loss": {
          "Repair": {
            "Cost": {
              "HRD-HRD.GF.2": 0.0,
              "replacement-collapse": 0.0
            },
            "Time": {
              "HRD-HRD.GF.2": 0.0,
              "replacement-collapse": 0.0
            }
          }
        }
      },
      "3023": {
        "GeneralInformation": {},
        "Demand": {
          "PGA-1-1": 137.66264155971768,
          "PGD-1-1": 4.871394458323182,
          "PGD-1-3": 0.2874050895874872,
          "SA_0.3-1-1": 341.26549944386613,
          "SA_1.0-1-1": 240.36434742339796
        },
        "Damage": {
          "HRD.GF.2-1": 1,
          "collapse-0": 0
        },
        "Loss": {
          "Repair": {
            "Cost": {
              "HRD-HRD.GF.2": 0.1,
              "replacement-collapse": 0.0
            },
            "Time": {
              "HRD-HRD.GF.2": 2.0,
              "replacement-collapse": 0.0
            }
          }
        }
      },
      "3024": {
        "GeneralInformation": {},
        "Demand": {
          "PGA-1-1": 139.25249481669067,
          "PGD-1-1": 13.564298088163044,
          "PGD-1-3": 0.8352789584444265,
          "SA_0.3-1-1": 335.3593173599868,
          "SA_1.0-1-1": 193.85600334552524
        },
        "Damage": {
          "HRD.GF.2-1": 3,
          "collapse-0": 0
        },
        "Loss": {
          "Repair": {
            "Cost": {
              "HRD-HRD.GF.2": 0.9,
              "replacement-collapse": 0.0
            },
            "Time": {
              "HRD-HRD.GF.2": 70.0,
              "replacement-collapse": 0.0
            }
          }
        }
      },
      "3025": {
        "GeneralInformation": {},
        "Demand": {
          "PGA-1-1": 149.81267350190524,
          "PGD-1-1": 0.1771855880293637,
          "PGD-1-3": 3.1152508356532,
          "SA_0.3-1-1": 1.0132003128277491,
          "SA_1.0-1-1": 150.8583203504162
        },
        "Damage": {
          "HRD.GF.2-1": 0,
          "collapse-0": 0
        },