{
  "Buildings": {
    "1": {
      "GeneralInformation": {},
      "Demand": {
        "PGA-1-1": 108.70265048479612,
        "PGD-1-1": 37.199233986203275,
        "PGD-1-3": 2.6175098138794843,
        "SA_0.3-1-1": 212.2198321095052,
        "SA_1.0-1-1": 112.64973151380909
      },
      "Damage": {
        "GF.H.S-1": 0,
        "GF.V.S-1": 1,
        "LF.W1.MC-1": 1,
        "collapse-0": 0
      },
      "Loss": {
        "Repair": {
          "Cost": {
            "LF.IND2-LF.W1.MC": 2.0,
            "replacement-collapse": 0.0
          },
          "Time": {
            "LF.IND2-LF.W1.MC": 10.0,
            "replacement-collapse": 0.0
          }
        }
      }
    },
    "2": {
      "GeneralInformation": {},
      "Demand": {
        "PGA-1-1": 106.76269335651708,
        "PGD-1-1": 2.388173400071304,
        "PGD-1-3": 35.65934785906653,
        "SA_0.3-1-1": 0.45473164111096626,
        "SA_1.0-1-1": 105.31975660595488
      },
      "Damage": {
        "GF.H.S-1": 0,
        "GF.V.S-1": 1,
        "LF.W1.MC-1": 1,
        "collapse-0": 0
      },
      "Loss": {
        "Repair": {
          "Cost": {
            "LF.IND2-LF.W1.MC": 2.0,
            "replacement-collapse": 0.0
          },
          "Time": {
            "LF.IND2-LF.W1.MC": 10.0,
            "replacement-collapse": 0.0
          }
        }
      }
    }
  },
  "TransportationNetwork": {
    "Bridge": {
      "0": {
        "GeneralInformation": {},
        "Demand": {
          "PGA-1-1": 77.8605365999878,
          "PGD-1-1": 3.8895771693684975,
          "PGD-1-3": 46.647155624728114,
          "SA_0.3-1-1": 0.46262077206519125,
          "SA_1.0-1-1": 91.72090405600733
        },
        "Damage": {
          "HWB.GF-1": 2,
          "HWB.GS.1-1": 0,
          "collapse-0": 0
        },
        "Loss": {
          "Repair": {
            "Cost": {
              "HWB-HWB.GF": 0.7,
              "HWB-HWB.GS.1": 0.0,
              "replacement-collapse": 0.0
            },
            "Time": {
              "HWB-HWB.GF": 10.0,
              "HWB-HWB.GS.1": 0.0,
              "replacement-collapse": 0.0
            }
          }
        }
      }
    },
    "Roadway": {
      "3015": {
        "GeneralInformation": {},
        "Demand": {
          "PGA-1-1": 106.38172862368124,
          "PGD-1-1": 11.687907074701355,
          "PGD-1-3": 0.7335483668437088,
          "SA_0.3-1-1": 204.09789602683287,
          "SA_1.0-1-1": 84.42548778741474
        },
        "Damage": {
          "HRD.GF.2-1": 1,
          "collapse-0": 0
        },
        "Loss": {
          "Repair": {
            "Cost": {
              "HRD-HRD.GF.2": 0.1,
              "replacement-collapse": 0.0
            },
            "Time": {
              "HRD-HRD.GF.2": 2.0,
              "replacement-collapse": 0.0
            }
          }
        }
      },
      "3016": {
        "GeneralInformation": {},
        "Demand": {
          "PGA-1-1": 106.38172862368124,
          "PGD-1-1": 11.687907074701355,
          "PGD-1-3": 0.7335483668437088,
          "SA_0.3-1-1": 204.09789602683287,
          "SA_1.0-1-1": 84.42548778741474
        },
        "Damage": {
          "HRD.GF.2-1": 3,
          "collapse-0": 0
        },
        "Loss": {
          "Repair": {
            "Cost": {
              "HRD-HRD.GF.2": 0.9,
              "replacement-collapse": 0.0
            },
            "Time": {
              "HRD-HRD.GF.2": 70.0,
              "replacement-collapse": 0.0
            }
          }
        }
      },
      "3017": {
        "GeneralInformation": {},
        "Demand": {
          "PGA-1-1": 106.38172862368124,
          "PGD-1-1": 11.687907074701355,
          "PGD-1-3": 0.7335483668437088,
          "SA_0.3-1-1": 204.09789602683287,
          "SA_1.0-1-1": 84.42548778741474
        },
        "Damage": {
          "HRD.GF.2-1": 3,
          "collapse-0": 0
        },
        "Loss": {
          "Repair": {
            "Cost": {
              "HRD-HRD.GF.2": 0.9,
              "replacement-collapse": 0.0
            },
            "Time": {
              "HRD-HRD.GF.2": 70.0,
              "replacement-collapse": 0.0
            }
          }
        }
      },
      "3020": {
        "GeneralInformation": {},
        "Demand": {
          "PGA-1-1": 106.31332295683748,
          "PGD-1-1": 0.1919281319189665,
          "PGD-1-3": 3.1318781644232887,
          "SA_0.3-1-1": 214.7639310827703,
          "SA_1.0-1-1": 84.48626823621161
        },
        "Damage": {
          "HRD.GF.2-1": 0,
          "collapse-0": 0
        },
        "Loss": {
          "Repair": {
            "Cost": {
              "HRD-HRD.GF.2": 0.0,
              "replacement-collapse": 0.0
            },
            "Time": {
              "HRD-HRD.GF.2": 0.0,
              "replacement-collapse": 0.0
            }
          }
        }
      },
      "3021": {
        "GeneralInformation": {},
        "Demand": {
          "PGA-1-1": 95.61826826552931,
          "PGD-1-1": 2.310293977734915,
          "PGD-1-3": 0.1400180155649594,
          "SA_0.3-1-1": 185.63201696706344,
          "SA_1.0-1-1": 86.95600084488467
        },
        "Damage": {
          "HRD.GF.2-1": 0,
          "collapse-0": 0
        },
        "Loss": {
          "Repair": {
            "Cost": {
              "HRD-HRD.GF.2": 0.0,
              "replacement-collapse": 0.0
            },
            "Time": {
              "HRD-HRD.GF.2": 0.0,
              "replacement-collapse": 0.0
            }
          }
        }
      },
      "3022": {
        "GeneralInformation": {},
        "Demand": {
          "PGA-1-1": 108.70265048479612,
          "PGD-1-1": 1.5892654591180293,
          "PGD-1-3": 0.0945898975935108,
          "SA_0.3-1-1": 212.2198321095052,
          "SA_1.0-1-1": 112.64973151380909
        },
        "Damage": {
          "HRD.GF.2-1": 0,
          "collapse-0": 0
        },
        "Loss": {
          "Repair": {
            "Cost": {
              "HRD-HRD.GF.2": 0.0,
              "replacement-collapse": 0.0
            },
            "Time": {
              "HRD-HRD.GF.2": 0.0,
              "replacement-collapse": 0.0
            }
          }
        }
      },
      "3023": {
        "GeneralInformation": {},
        "Demand": {
          "PGA-1-1": 95.61826826552931,
          "PGD-1-1": 2.310293977734915,
          "PGD-1-3": 0.1400180155649594,
          "SA_0.3-1-1": 185.63201696706344,
          "SA_1.0-1-1": 86.95600084488467
        },
        "Damage": {
          "HRD.GF.2-1": 0,
          "collapse-0": 0
        },
        "Loss": {
          "Repair": {
            "Cost": {
              "HRD-HRD.GF.2": 0.0,
              "replacement-collapse": 0.0
            },
            "Time": {
              "HRD-HRD.GF.2": 0.0,
              "replacement-collapse": 0.0
            }
          }
        }
      },
      "3024": {
        "GeneralInformation": {},
        "Demand": {
          "PGA-1-1": 106.31332295683748,
          "PGD-1-1": 3.1318781644232887,
          "PGD-1-3": 0.1919281319189665,
          "SA_0.3-1-1": 214.7639310827703,
          "SA_1.0-1-1": 84.48626823621161
        },
        "Damage": {
          "HRD.GF.2-1": 0,
          "collapse-0": 0
        },
        "Loss": {
          "Repair": {
            "Cost": {
              "HRD-HRD.GF.2": 0.0,
              "replacement-collapse": 0.0
            },
            "Time": {
              "HRD-HRD.GF.2": 0.0,
              "replacement-collapse": 0.0
            }
          }
        }
      },
      "3025": {
        "GeneralInformation": {},
        "Demand": {
          "PGA-1-1": 95.61826826552931,
          "PGD-1-1": 2.310293977734915,
          "PGD-1-3": 0.1400180155649594,
          "SA_0.3-1-1": 185.63201696706344,
          "SA_1.0-1-1": 86.95600084488467
        },
        "Damage": {
          "HRD.GF.2-1": 0,
          "collapse-0": 0
        },