{
  "Buildings": {
    "1": {
      "GeneralInformation": {},
      "Demand": {
        "PGA-1-1": 218.28526254156765,
        "PGD-1-1": 89.17255980927226,
        "PGD-1-3": 5.002096424847019,
        "SA_0.3-1-1": 531.2159894969491,
        "SA_1.0-1-1": 146.27413927594873
      },
      "Damage": {
        "GF.H.S-1": 1,
        "GF.V.S-1": 2,
        "LF.W1.MC-1": 1,
        "collapse-0": 0
      },
      "Loss": {
        "Repair": {
          "Cost": {
            "LF.IND2-LF.W1.MC": 2.0,
            "replacement-collapse": 0.0
          },
          "Time": {
            "LF.IND2-LF.W1.MC": 10.0,
            "replacement-collapse": 0.0
          }
        }
      }
    },
    "2": {
      "GeneralInformation": {},
      "Demand": {
        "PGA-1-1": 302.8838065884515,
        "PGD-1-1": 5.25165637444138,
        "PGD-1-3": 98.03590078087043,
        "SA_0.3-1-1": 1.6757128190051704,
        "SA_1.0-1-1": 224.22006939107192
      },
      "Damage": {
        "GF.H.S-1": 1,
        "GF.V.S-1": 2,
        "LF.W1.MC-1": 3,
        "collapse-0": 0
      },
      "Loss": {
        "Repair": {
          "Cost": {
            "LF.IND2-LF.W1.MC": 35.5,
            "replacement-collapse": 0.0
          },
          "Time": {
            "LF.IND2-LF.W1.MC": 120.0,
            "replacement-collapse": 0.0
          }
        }
      }
    }
  },
  "TransportationNetwork": {
    "Bridge": {
      "0": {
        "GeneralInformation": {},
        "Demand": {
          "PGA-1-1": 233.21913137774263,
          "PGD-1-1": 124.99793079572909,
          "PGD-1-3": 7.758798023040979,
          "SA_0.3-1-1": 518.9898816274346,
          "SA_1.0-1-1": 188.56387973109824
        },
        "Damage": {
          "HWB.GF-1": 2,
          "HWB.GS.1-1": 2,
          "collapse-0": 0
        },
        "Loss": {
          "Repair": {
            "Cost": {
              "HWB-HWB.GF": 0.7,
              "HWB-HWB.GS.1": 0.7,
              "replacement-collapse": 0.0
            },
            "Time": {
              "HWB-HWB.GF": 10.0,
              "HWB-HWB.GS.1": 10.0,
              "replacement-collapse": 0.0
            }
          }
        }
      }
    },
    "Roadway": {
      "3015": {
        "GeneralInformation": {},
        "Demand": {
          "PGA-1-1": 280.13458353078966,
          "PGD-1-1": 0.6041289612609044,
          "PGD-1-3": 14.413985014148931,
          "SA_0.3-1-1": 1.7065757368162815,
          "SA_1.0-1-1": 218.832331102702
        },
        "Damage": {
          "HRD.GF.2-1": 2,
          "collapse-0": 0
        },
        "Loss": {
          "Repair": {
            "Cost": {
              "HRD-HRD.GF.2": 0.75,
              "replacement-collapse": 0.0
            },
            "Time": {
              "HRD-HRD.GF.2": 9.0,
              "replacement-collapse": 0.0
            }
          }
        }
      },
      "3016": {
        "GeneralInformation": {},
        "Demand": {
          "PGA-1-1": 267.3879966407153,
          "PGD-1-1": 28.973311066310536,
          "PGD-1-3": 1.4617793136494492,
          "SA_0.3-1-1": 608.241075652824,
          "SA_1.0-1-1": 263.32296893739465
        },
        "Damage": {
          "HRD.GF.2-1": 2,
          "collapse-0": 0
        },
        "Loss": {
          "Repair": {
            "Cost": {
              "HRD-HRD.GF.2": 0.75,
              "replacement-collapse": 0.0
            },
            "Time": {
              "HRD-HRD.GF.2": 9.0,
              "replacement-collapse": 0.0
            }
          }
        }
      },
      "3017": {
        "GeneralInformation": {},
        "Demand": {
          "PGA-1-1": 267.3879966407153,
          "PGD-1-1": 28.973311066310536,
          "PGD-1-3": 1.4617793136494492,
          "SA_0.3-1-1": 608.241075652824,
          "SA_1.0-1-1": 263.32296893739465
        },
        "Damage": {
          "HRD.GF.2-1": 3,
          "collapse-0": 0
        },
        "Loss": {
          "Repair": {
            "Cost": {
              "HRD-HRD.GF.2": 0.9,
              "replacement-collapse": 0.0
            },
            "Time": {
              "HRD-HRD.GF.2": 70.0,
              "replacement-collapse": 0.0
            }
          }
        }
      },
      "3020": {
        "GeneralInformation": {},
        "Demand": {
          "PGA-1-1": 280.13458353078966,
          "PGD-1-1": 14.413985014148931,
          "PGD-1-3": 0.6041289612609044,
          "SA_0.3-1-1": 1.7065757368162815,
          "SA_1.0-1-1": 218.832331102702
        },
        "Damage": {
          "HRD.GF.2-1": 0,
          "collapse-0": 0
        },
        "Loss": {
          "Repair": {
            "Cost": {
              "HRD-HRD.GF.2": 0.0,
              "replacement-collapse": 0.0
            },
            "Time": {
              "HRD-HRD.GF.2": 0.0,
              "replacement-collapse": 0.0
            }
          }
        }
      },
      "3021": {
        "GeneralInformation": {},
        "Demand": {
          "PGA-1-1": 288.8202723608232,
          "PGD-1-1": 15.581991234941489,
          "PGD-1-3": 0.6736278416291247,
          "SA_0.3-1-1": 700.8257044076735,
          "SA_1.0-1-1": 232.9247001818462
        },
        "Damage": {
          "HRD.GF.2-1": 1,
          "collapse-0": 0
        },
        "Loss": {
          "Repair": {
            "Cost": {
              "HRD-HRD.GF.2": 0.1,
              "replacement-collapse": 0.0
            },
            "Time": {
              "HRD-HRD.GF.2": 2.0,
              "replacement-collapse": 0.0
            }
          }
        }
      },
      "3022": {
        "GeneralInformation": {},
        "Demand": {
          "PGA-1-1": 258.6192336041415,
          "PGD-1-1": 16.71267394501155,
          "PGD-1-3": 0.7402336026051779,
          "SA_0.3-1-1": 663.2221460404467,
          "SA_1.0-1-1": 163.6100170701216
        },
        "Damage": {
          "HRD.GF.2-1": 2,
          "collapse-0": 0
        },
        "Loss": {
          "Repair": {
            "Cost": {
              "HRD-HRD.GF.2": 0.75,
              "replacement-collapse": 0.0
            },
            "Time": {
              "HRD-HRD.GF.2": 9.0,
              "replacement-collapse": 0.0
            }
          }
        }
      },
      "3023": {
        "GeneralInformation": {},
        "Demand": {
          "PGA-1-1": 258.6192336041415,
          "PGD-1-1": 16.71267394501155,
          "PGD-1-3": 0.7402336026051779,
          "SA_0.3-1-1": 663.2221460404467,
          "SA_1.0-1-1": 163.6100170701216
        },
        "Damage": {
          "HRD.GF.2-1": 1,
          "collapse-0": 0
        },
        "Loss": {
          "Repair": {
            "Cost": {
              "HRD-HRD.GF.2": 0.1,
              "replacement-collapse": 0.0
            },
            "Time": {
              "HRD-HRD.GF.2": 2.0,
              "replacement-collapse": 0.0
            }
          }
        }
      },
      "3024": {
        "GeneralInformation": {},
        "Demand": {
          "PGA-1-1": 267.3879966407153,
          "PGD-1-1": 28.973311066310536,
          "PGD-1-3": 1.4617793136494492,
          "SA_0.3-1-1": 608.241075652824,
          "SA_1.0-1-1": 263.32296893739465
        },
        "Damage": {
          "HRD.GF.2-1": 3,
          "collapse-0": 0
        },
        "Loss": {
          "Repair": {
            "Cost": {
              "HRD-HRD.GF.2": 0.9,
              "replacement-collapse": 0.0
            },
            "Time": {
              "HRD-HRD.GF.2": 70.0,
              "replacement-collapse": 0.0
            }
          }
        }
      },
      "3025": {
        "GeneralInformation": {},
        "Demand": {
          "PGA-1-1": 280.13458353078966,
          "PGD-1-1": 0.6041289612609044,
          "PGD-1-3": 14.413985014148931,
          "SA_0.3-1-1": 1.7065757368162815,
          "SA_1.0-1-1": 218.832331102702
        },
        "Damage": {
          "HRD.GF.2-1": 1,
          "collapse-0": 0
        },