{
  "Buildings": {
    "1": {
      "GeneralInformation": {},
      "Demand": {
        "PGA-1-1": 244.9002460693046,
        "PGD-1-1": 4.589192615803757,
        "PGD-1-3": 83.9284726667309,
        "SA_0.3-1-1": 1.2721832518902796,
        "SA_1.0-1-1": 142.78895226970403
      },
      "Damage": {
        "GF.H.S-1": 1,
        "GF.V.S-1": 2,
        "LF.W1.MC-1": 2,
        "collapse-0": 0
      },
      "Loss": {
        "Repair": {
          "Cost": {
            "LF.IND2-LF.W1.MC": 10.0,
            "replacement-collapse": 0.0
          },
          "Time": {
            "LF.IND2-LF.W1.MC": 30.0,
            "replacement-collapse": 0.0
          }
        }
      }
    },
    "2": {
      "GeneralInformation": {},
      "Demand": {
        "PGA-1-1": 244.9678151146944,
        "PGD-1-1": 79.239145992735,
        "PGD-1-3": 4.415450902190209,
        "SA_0.3-1-1": 511.3909865661325,
        "SA_1.0-1-1": 195.20940532165457
      },
      "Damage": {
        "GF.H.S-1": 1,
        "GF.V.S-1": 1,
        "LF.W1.MC-1": 2,
        "collapse-0": 0
      },
      "Loss": {
        "Repair": {
          "Cost": {
            "LF.IND2-LF.W1.MC": 10.0,
            "replacement-collapse": 0.0
          },
          "Time": {
            "LF.IND2-LF.W1.MC": 30.0,
            "replacement-collapse": 0.0
          }
        }
      }
    }
  },
  "TransportationNetwork": {
    "Bridge": {
      "0": {
        "GeneralInformation": {},
        "Demand": {
          "PGA-1-1": 323.3049710310332,
          "PGD-1-1": 104.0166852625932,
          "PGD-1-3": 6.48750953821675,
          "SA_0.3-1-1": 608.5960884301772,
          "SA_1.0-1-1": 111.91327545871545
        },
        "Damage": {
          "HWB.GF-1": 2,
          "HWB.GS.1-1": 1,
          "collapse-0": 0
        },
        "Loss": {
          "Repair": {
            "Cost": {
              "HWB-HWB.GF": 0.7,
              "HWB-HWB.GS.1": 0.3,
              "replacement-collapse": 0.0
            },
            "Time": {
              "HWB-HWB.GF": 10.0,
              "HWB-HWB.GS.1": 2.0,
              "replacement-collapse": 0.0
            }
          }
        }
      }
    },
    "Roadway": {
      "3015": {
        "GeneralInformation": {},
        "Demand": {
          "PGA-1-1": 282.34797259488823,
          "PGD-1-1": 0.6191554244117311,
          "PGD-1-3": 14.66304925926974,
          "SA_0.3-1-1": 1.4807987262377398,
          "SA_1.0-1-1": 181.36048838731125
        },
        "Damage": {
          "HRD.GF.2-1": 3,
          "collapse-0": 0
        },
        "Loss": {
          "Repair": {
            "Cost": {
              "HRD-HRD.GF.2": 0.9,
              "replacement-collapse": 0.0
            },
            "Time": {
              "HRD-HRD.GF.2": 70.0,
              "replacement-collapse": 0.0
            }
          }
        }
      },
      "3016": {
        "GeneralInformation": {},
        "Demand": {
          "PGA-1-1": 282.34797259488823,
          "PGD-1-1": 0.6191554244117311,
          "PGD-1-3": 14.66304925926974,
          "SA_0.3-1-1": 1.4807987262377398,
          "SA_1.0-1-1": 181.36048838731125
        },
        "Damage": {
          "HRD.GF.2-1": 2,
          "collapse-0": 0
        },
        "Loss": {
          "Repair": {
            "Cost": {
              "HRD-HRD.GF.2": 0.75,
              "replacement-collapse": 0.0
            },
            "Time": {
              "HRD-HRD.GF.2": 9.0,
              "replacement-collapse": 0.0
            }
          }
        }
      },
      "3017": {
        "GeneralInformation": {},
        "Demand": {
          "PGA-1-1": 259.2398630565572,
          "PGD-1-1": 23.91549283975214,
          "PGD-1-3": 1.2902095569475451,
          "SA_0.3-1-1": 545.9565218524057,
          "SA_1.0-1-1": 151.12864920419153
        },
        "Damage": {
          "HRD.GF.2-1": 1,
          "collapse-0": 0
        },
        "Loss": {
          "Repair": {
            "Cost": {
              "HRD-HRD.GF.2": 0.1,
              "replacement-collapse": 0.0
            },
            "Time": {
              "HRD-HRD.GF.2": 2.0,
              "replacement-collapse": 0.0
            }
          }
        }
      },
      "3020": {
        "GeneralInformation": {},
        "Demand": {
          "PGA-1-1": 246.8752687629001,
          "PGD-1-1": 0.7248241405120217,
          "PGD-1-3": 16.10494017279123,
          "SA_0.3-1-1": 639.1436413297475,
          "SA_1.0-1-1": 153.2553871539402
        },
        "Damage": {
          "HRD.GF.2-1": 3,
          "collapse-0": 0
        },
        "Loss": {
          "Repair": {
            "Cost": {
              "HRD-HRD.GF.2": 0.9,
              "replacement-collapse": 0.0
            },
            "Time": {
              "HRD-HRD.GF.2": 70.0,
              "replacement-collapse": 0.0
            }
          }
        }
      },
      "3021": {
        "GeneralInformation": {},
        "Demand": {
          "PGA-1-1": 282.34797259488823,
          "PGD-1-1": 0.6191554244117311,
          "PGD-1-3": 14.66304925926974,
          "SA_0.3-1-1": 1.4807987262377398,
          "SA_1.0-1-1": 181.36048838731125
        },
        "Damage": {
          "HRD.GF.2-1": 2,
          "collapse-0": 0
        },
        "Loss": {
          "Repair": {
            "Cost": {
              "HRD-HRD.GF.2": 0.75,
              "replacement-collapse": 0.0
            },
            "Time": {
              "HRD-HRD.GF.2": 9.0,
              "replacement-collapse": 0.0
            }
          }
        }
      },
      "3022": {
        "GeneralInformation": {},
        "Demand": {
          "PGA-1-1": 246.8752687629001,
          "PGD-1-1": 16.10494017279123,
          "PGD-1-3": 0.7248241405120217,
          "SA_0.3-1-1": 639.1436413297475,
          "SA_1.0-1-1": 153.2553871539402
        },
        "Damage": {
          "HRD.GF.2-1": 3,
          "collapse-0": 0
        },
        "Loss": {
          "Repair": {
            "Cost": {
              "HRD-HRD.GF.2": 0.9,
              "replacement-collapse": 0.0
            },
            "Time": {
              "HRD-HRD.GF.2": 70.0,
              "replacement-collapse": 0.0
            }
          }
        }
      },
      "3023": {
        "GeneralInformation": {},
        "Demand": {
          "PGA-1-1": 282.34797259488823,
          "PGD-1-1": 0.6191554244117311,
          "PGD-1-3": 14.66304925926974,
          "SA_0.3-1-1": 1.4807987262377398,
          "SA_1.0-1-1": 181.36048838731125
        },
        "Damage": {
          "HRD.GF.2-1": 3,
          "collapse-0": 0
        },
        "Loss": {
          "Repair": {
            "Cost": {
              "HRD-HRD.GF.2": 0.9,
              "replacement-collapse": 0.0
            },
            "Time": {
              "HRD-HRD.GF.2": 70.0,
              "replacement-collapse": 0.0
            }
          }
        }
      },
      "3024": {
        "GeneralInformation": {},
        "Demand": {
          "PGA-1-1": 246.8752687629001,
          "PGD-1-1": 16.10494017279123,
          "PGD-1-3": 0.7248241405120217,
          "SA_0.3-1-1": 639.1436413297475,
          "SA_1.0-1-1": 153.2553871539402
        },
        "Damage": {
          "HRD.GF.2-1": 1,
          "collapse-0": 0
        },
        "Loss": {
          "Repair": {
            "Cost": {
              "HRD-HRD.GF.2": 0.1,
              "replacement-collapse": 0.0
            },
            "Time": {
              "HRD-HRD.GF.2": 2.0,
              "replacement-collapse": 0.0
            }
          }
        }
      },
      "3025": {
        "GeneralInformation": {},
        "Demand": {
          "PGA-1-1": 249.5423083882728,
          "PGD-1-1": 15.388726911410872,
          "PGD-1-3": 0.6728718188713634,
          "SA_0.3-1-1": 650.2739463852528,
          "SA_1.0-1-1": 131.85258213721735
        },
        "Damage": {
          "HRD.GF.2-1": 1,
          "collapse-0": 0
        },