{
  "Buildings": {
    "1": {
      "GeneralInformation": {},
      "Demand": {
        "PGA-1-1": 203.07135473390247,
        "PGD-1-1": 4.0669284659507365,
        "PGD-1-3": 70.23198784036178,
        "SA_0.3-1-1": 1.2600796504313845,
        "SA_1.0-1-1": 290.1483917954941
      },
      "Damage": {
        "GF.H.S-1": 1,
        "GF.V.S-1": 1,
        "LF.W1.MC-1": 1,
        "collapse-0": 0
      },
      "Loss": {
        "Repair": {
          "Cost": {
            "LF.IND2-LF.W1.MC": 2.0,
            "replacement-collapse": 0.0
          },
          "Time": {
            "LF.IND2-LF.W1.MC": 10.0,
            "replacement-collapse": 0.0
          }
        }
      }
    },
    "2": {
      "GeneralInformation": {},
      "Demand": {
        "PGA-1-1": 203.07135473390247,
        "PGD-1-1": 4.0669284659507365,
        "PGD-1-3": 70.23198784036178,
        "SA_0.3-1-1": 1.2600796504313845,
        "SA_1.0-1-1": 290.1483917954941
      },
      "Damage": {
        "GF.H.S-1": 1,
        "GF.V.S-1": 2,
        "LF.W1.MC-1": 3,
        "collapse-0": 0
      },
      "Loss": {
        "Repair": {
          "Cost": {
            "LF.IND2-LF.W1.MC": 35.5,
            "replacement-collapse": 0.0
          },
          "Time": {
            "LF.IND2-LF.W1.MC": 120.0,
            "replacement-collapse": 0.0
          }
        }
      }
    }
  },
  "TransportationNetwork": {
    "Bridge": {
      "0": {
        "GeneralInformation": {},
        "Demand": {
          "PGA-1-1": 223.88688286235185,
          "PGD-1-1": 86.98656991288588,
          "PGD-1-3": 5.473174016726977,
          "SA_0.3-1-1": 452.94863416743567,
          "SA_1.0-1-1": 356.60493512455434
        },
        "Damage": {
          "HWB.GF-1": 2,
          "HWB.GS.1-1": 2,
          "collapse-0": 0
        },
        "Loss": {
          "Repair": {
            "Cost": {
              "HWB-HWB.GF": 0.7,
              "HWB-HWB.GS.1": 0.7,
              "replacement-collapse": 0.0
            },
            "Time": {
              "HWB-HWB.GF": 10.0,
              "HWB-HWB.GS.1": 10.0,
              "replacement-collapse": 0.0
            }
          }
        }
      }
    },
    "Roadway": {
      "3015": {
        "GeneralInformation": {},
        "Demand": {
          "PGA-1-1": 285.40436248377995,
          "PGD-1-1": 25.598521464977267,
          "PGD-1-3": 1.456485158666028,
          "SA_0.3-1-1": 585.0601569131485,
          "SA_1.0-1-1": 246.4043364500297
        },
        "Damage": {
          "HRD.GF.2-1": 1,
          "collapse-0": 0
        },
        "Loss": {
          "Repair": {
            "Cost": {
              "HRD-HRD.GF.2": 0.1,
              "replacement-collapse": 0.0
            },
            "Time": {
              "HRD-HRD.GF.2": 2.0,
              "replacement-collapse": 0.0
            }
          }
        }
      },
      "3016": {
        "GeneralInformation": {},
        "Demand": {
          "PGA-1-1": 287.2695181693068,
          "PGD-1-1": 27.091435544829736,
          "PGD-1-3": 1.541274397589376,
          "SA_0.3-1-1": 579.678113921869,
          "SA_1.0-1-1": 234.55602622270936
        },
        "Damage": {
          "HRD.GF.2-1": 3,
          "collapse-0": 0
        },
        "Loss": {
          "Repair": {
            "Cost": {
              "HRD-HRD.GF.2": 0.9,
              "replacement-collapse": 0.0
            },
            "Time": {
              "HRD-HRD.GF.2": 70.0,
              "replacement-collapse": 0.0
            }
          }
        }
      },
      "3017": {
        "GeneralInformation": {},
        "Demand": {
          "PGA-1-1": 287.2695181693068,
          "PGD-1-1": 27.091435544829736,
          "PGD-1-3": 1.541274397589376,
          "SA_0.3-1-1": 579.678113921869,
          "SA_1.0-1-1": 234.55602622270936
        },
        "Damage": {
          "HRD.GF.2-1": 1,
          "collapse-0": 0
        },
        "Loss": {
          "Repair": {
            "Cost": {
              "HRD-HRD.GF.2": 0.1,
              "replacement-collapse": 0.0
            },
            "Time": {
              "HRD-HRD.GF.2": 2.0,
              "replacement-collapse": 0.0
            }
          }
        }
      },
      "3020": {
        "GeneralInformation": {},
        "Demand": {
          "PGA-1-1": 249.9202106846656,
          "PGD-1-1": 1.3115571607531684,
          "PGD-1-3": 23.839029031604664,
          "SA_0.3-1-1": 579.7097520868757,
          "SA_1.0-1-1": 289.1724396983734
        },
        "Damage": {
          "HRD.GF.2-1": 3,
          "collapse-0": 0
        },
        "Loss": {
          "Repair": {
            "Cost": {
              "HRD-HRD.GF.2": 0.9,
              "replacement-collapse": 0.0
            },
            "Time": {
              "HRD-HRD.GF.2": 70.0,
              "replacement-collapse": 0.0
            }
          }
        }
      },
      "3021": {
        "GeneralInformation": {},
        "Demand": {
          "PGA-1-1": 278.6724155114243,
          "PGD-1-1": 24.17668621634759,
          "PGD-1-3": 1.338964496858294,
          "SA_0.3-1-1": 613.7881237430067,
          "SA_1.0-1-1": 306.5430770001776
        },
        "Damage": {
          "HRD.GF.2-1": 3,
          "collapse-0": 0
        },
        "Loss": {
          "Repair": {
            "Cost": {
              "HRD-HRD.GF.2": 0.9,
              "replacement-collapse": 0.0
            },
            "Time": {
              "HRD-HRD.GF.2": 70.0,
              "replacement-collapse": 0.0
            }
          }
        }
      },
      "3022": {
        "GeneralInformation": {},
        "Demand": {
          "PGA-1-1": 278.6724155114243,
          "PGD-1-1": 24.17668621634759,
          "PGD-1-3": 1.338964496858294,
          "SA_0.3-1-1": 613.7881237430067,
          "SA_1.0-1-1": 306.5430770001776
        },
        "Damage": {
          "HRD.GF.2-1": 3,
          "collapse-0": 0
        },
        "Loss": {
          "Repair": {
            "Cost": {
              "HRD-HRD.GF.2": 0.9,
              "replacement-collapse": 0.0
            },
            "Time": {
              "HRD-HRD.GF.2": 70.0,
              "replacement-collapse": 0.0
            }
          }
        }
      },
      "3023": {
        "GeneralInformation": {},
        "Demand": {
          "PGA-1-1": 377.3276446894946,
          "PGD-1-1": 1.310932049100647,
          "PGD-1-3": 23.86282704936472,
          "SA_0.3-1-1": 1.6889767217131109,
          "SA_1.0-1-1": 417.2740571290724
        },
        "Damage": {
          "HRD.GF.2-1": 1,
          "collapse-0": 0
        },
        "Loss": {
          "Repair": {
            "Cost": {
              "HRD-HRD.GF.2": 0.1,
              "replacement-collapse": 0.0
            },
            "Time": {
              "HRD-HRD.GF.2": 2.0,
              "replacement-collapse": 0.0
            }
          }
        }
      },
      "3024": {
        "GeneralInformation": {},
        "Demand": {
          "PGA-1-1": 287.2695181693068,
          "PGD-1-1": 27.091435544829736,
          "PGD-1-3": 1.541274397589376,
          "SA_0.3-1-1": 579.678113921869,
          "SA_1.0-1-1": 234.55602622270936
        },
        "Damage": {
          "HRD.GF.2-1": 3,
          "collapse-0": 0
        },
        "Loss": {
          "Repair": {
            "Cost": {
              "HRD-HRD.GF.2": 0.9,
              "replacement-collapse": 0.0
            },
            "Time": {
              "HRD-HRD.GF.2": 70.0,
              "replacement-collapse": 0.0
            }
          }
        }
      },
      "3025": {
        "GeneralInformation": {},
        "Demand": {
          "PGA-1-1": 377.3276446894946,
          "PGD-1-1": 1.310932049100647,
          "PGD-1-3": 23.86282704936472,
          "SA_0.3-1-1": 1.6889767217131109,
          "SA_1.0-1-1": 417.2740571290724
        },
        "Damage": {
          "HRD.GF.2-1": 2,
          "collapse-0": 0
        },