{
  "Buildings": {
    "1": {
      "GeneralInformation": {},
      "Demand": {
        "PGA-1-1": 253.7125745204944,
        "PGD-1-1": 4.693834027383554,
        "PGD-1-3": 86.38889195269458,
        "SA_0.3-1-1": 1.1278191105187696,
        "SA_1.0-1-1": 63.13036240409393
      },
      "Damage": {
        "GF.H.S-1": 1,
        "GF.V.S-1": 1,
        "LF.W1.MC-1": 1,
        "collapse-0": 0
      },
      "Loss": {
        "Repair": {
          "Cost": {
            "LF.IND2-LF.W1.MC": 2.0,
            "replacement-collapse": 0.0
          },
          "Time": {
            "LF.IND2-LF.W1.MC": 10.0,
            "replacement-collapse": 0.0
          }
        }
      }
    },
    "2": {
      "GeneralInformation": {},
      "Demand": {
        "PGA-1-1": 253.7125745204944,
        "PGD-1-1": 4.693834027383554,
        "PGD-1-3": 86.38889195269458,
        "SA_0.3-1-1": 1.1278191105187696,
        "SA_1.0-1-1": 63.13036240409393
      },
      "Damage": {
        "GF.H.S-1": 1,
        "GF.V.S-1": 1,
        "LF.W1.MC-1": 3,
        "collapse-0": 0
      },
      "Loss": {
        "Repair": {
          "Cost": {
            "LF.IND2-LF.W1.MC": 35.5,
            "replacement-collapse": 0.0
          },
          "Time": {
            "LF.IND2-LF.W1.MC": 120.0,
            "replacement-collapse": 0.0
          }
        }
      }
    }
  },
  "TransportationNetwork": {
    "Bridge": {
      "0": {
        "GeneralInformation": {},
        "Demand": {
          "PGA-1-1": 267.4604833972079,
          "PGD-1-1": 123.58690304068747,
          "PGD-1-3": 7.707379996852842,
          "SA_0.3-1-1": 426.87024097824144,
          "SA_1.0-1-1": 91.51997635096154
        },
        "Damage": {
          "HWB.GF-1": 2,
          "HWB.GS.1-1": 0,
          "collapse-0": 0
        },
        "Loss": {
          "Repair": {
            "Cost": {
              "HWB-HWB.GF": 0.7,
              "HWB-HWB.GS.1": 0.0,
              "replacement-collapse": 0.0
            },
            "Time": {
              "HWB-HWB.GF": 10.0,
              "HWB-HWB.GS.1": 0.0,
              "replacement-collapse": 0.0
            }
          }
        }
      }
    },
    "Roadway": {
      "3015": {
        "GeneralInformation": {},
        "Demand": {
          "PGA-1-1": 295.7213381904244,
          "PGD-1-1": 35.12727034400194,
          "PGD-1-3": 1.8342126105407588,
          "SA_0.3-1-1": 546.9330705425126,
          "SA_1.0-1-1": 78.05620870875767
        },
        "Damage": {
          "HRD.GF.2-1": 2,
          "collapse-0": 0
        },
        "Loss": {
          "Repair": {
            "Cost": {
              "HRD-HRD.GF.2": 0.75,
              "replacement-collapse": 0.0
            },
            "Time": {
              "HRD-HRD.GF.2": 9.0,
              "replacement-collapse": 0.0
            }
          }
        }
      },
      "3016": {
        "GeneralInformation": {},
        "Demand": {
          "PGA-1-1": 295.7213381904244,
          "PGD-1-1": 35.12727034400194,
          "PGD-1-3": 1.8342126105407588,
          "SA_0.3-1-1": 546.9330705425126,
          "SA_1.0-1-1": 78.05620870875767
        },
        "Damage": {
          "HRD.GF.2-1": 3,
          "collapse-0": 0
        },
        "Loss": {
          "Repair": {
            "Cost": {
              "HRD-HRD.GF.2": 0.9,
              "replacement-collapse": 0.0
            },
            "Time": {
              "HRD-HRD.GF.2": 70.0,
              "replacement-collapse": 0.0
            }
          }
        }
      },
      "3017": {
        "GeneralInformation": {},
        "Demand": {
          "PGA-1-1": 295.7213381904244,
          "PGD-1-1": 35.12727034400194,
          "PGD-1-3": 1.8342126105407588,
          "SA_0.3-1-1": 546.9330705425126,
          "SA_1.0-1-1": 78.05620870875767
        },
        "Damage": {
          "HRD.GF.2-1": 3,
          "collapse-0": 0
        },
        "Loss": {
          "Repair": {
            "Cost": {
              "HRD-HRD.GF.2": 0.9,
              "replacement-collapse": 0.0
            },
            "Time": {
              "HRD-HRD.GF.2": 70.0,
              "replacement-collapse": 0.0
            }
          }
        }
      },
      "3020": {
        "GeneralInformation": {},
        "Demand": {
          "PGA-1-1": 228.69830285662295,
          "PGD-1-1": 0.8052826225299402,
          "PGD-1-3": 17.446784400570678,
          "SA_0.3-1-1": 428.045693153578,
          "SA_1.0-1-1": 57.62710548730233
        },
        "Damage": {
          "HRD.GF.2-1": 1,
          "collapse-0": 0
        },
        "Loss": {
          "Repair": {
            "Cost": {
              "HRD-HRD.GF.2": 0.1,
              "replacement-collapse": 0.0
            },
            "Time": {
              "HRD-HRD.GF.2": 2.0,
              "replacement-collapse": 0.0
            }
          }
        }
      },
      "3021": {
        "GeneralInformation": {},
        "Demand": {
          "PGA-1-1": 294.296068836494,
          "PGD-1-1": 18.934575499136866,
          "PGD-1-3": 0.8921305408730633,
          "SA_0.3-1-1": 489.6854215659839,
          "SA_1.0-1-1": 65.75597815512894
        },
        "Damage": {
          "HRD.GF.2-1": 1,
          "collapse-0": 0
        },
        "Loss": {
          "Repair": {
            "Cost": {
              "HRD-HRD.GF.2": 0.1,
              "replacement-collapse": 0.0
            },
            "Time": {
              "HRD-HRD.GF.2": 2.0,
              "replacement-collapse": 0.0
            }
          }
        }
      },
      "3022": {
        "GeneralInformation": {},
        "Demand": {
          "PGA-1-1": 295.93651170757806,
          "PGD-1-1": 0.7141617394786514,
          "PGD-1-3": 15.90681343033281,
          "SA_0.3-1-1": 1.1618801737341105,
          "SA_1.0-1-1": 68.10386556257548
        },
        "Damage": {
          "HRD.GF.2-1": 2,
          "collapse-0": 0
        },
        "Loss": {
          "Repair": {
            "Cost": {
              "HRD-HRD.GF.2": 0.75,
              "replacement-collapse": 0.0
            },
            "Time": {
              "HRD-HRD.GF.2": 9.0,
              "replacement-collapse": 0.0
            }
          }
        }
      },
      "3023": {
        "GeneralInformation": {},
        "Demand": {
          "PGA-1-1": 294.296068836494,
          "PGD-1-1": 18.934575499136866,
          "PGD-1-3": 0.8921305408730633,
          "SA_0.3-1-1": 489.6854215659839,
          "SA_1.0-1-1": 65.75597815512894
        },
        "Damage": {
          "HRD.GF.2-1": 3,
          "collapse-0": 0
        },
        "Loss": {
          "Repair": {
            "Cost": {
              "HRD-HRD.GF.2": 0.9,
              "replacement-collapse": 0.0
            },
            "Time": {
              "HRD-HRD.GF.2": 70.0,
              "replacement-collapse": 0.0
            }
          }
        }
      },
      "3024": {
        "GeneralInformation": {},
        "Demand": {
          "PGA-1-1": 294.296068836494,
          "PGD-1-1": 18.934575499136866,
          "PGD-1-3": 0.8921305408730633,
          "SA_0.3-1-1": 489.6854215659839,
          "SA_1.0-1-1": 65.75597815512894
        },
        "Damage": {
          "HRD.GF.2-1": 2,
          "collapse-0": 0
        },
        "Loss": {
          "Repair": {
            "Cost": {
              "HRD-HRD.GF.2": 0.75,
              "replacement-collapse": 0.0
            },
            "Time": {
              "HRD-HRD.GF.2": 9.0,
              "replacement-collapse": 0.0
            }
          }
        }
      },
      "3025": {
        "GeneralInformation": {},
        "Demand": {
          "PGA-1-1": 294.296068836494,
          "PGD-1-1": 18.934575499136866,
          "PGD-1-3": 0.8921305408730633,
          "SA_0.3-1-1": 489.6854215659839,
          "SA_1.0-1-1": 65.75597815512894
        },
        "Damage": {
          "HRD.GF.2-1": 3,
          "collapse-0": 0
        },