{
  "Buildings": {
    "1": {
      "GeneralInformation": {},
      "Demand": {
        "PGA-1-1": 101.06025641684269,
        "PGD-1-1": 2.210347283399269,
        "PGD-1-3": 32.20892169886945,
        "SA_0.3-1-1": 0.6176367142040218,
        "SA_1.0-1-1": 221.50512955203024
      },
      "Damage": {
        "GF.H.S-1": 0,
        "GF.V.S-1": 0,
        "LF.W1.MC-1": 1,
        "collapse-0": 0
      },
      "Loss": {
        "Repair": {
          "Cost": {
            "LF.IND2-LF.W1.MC": 2.0,
            "replacement-collapse": 0.0
          },
          "Time": {
            "LF.IND2-LF.W1.MC": 10.0,
            "replacement-collapse": 0.0
          }
        }
      }
    },
    "2": {
      "GeneralInformation": {},
      "Demand": {
        "PGA-1-1": 101.06025641684269,
        "PGD-1-1": 2.210347283399269,
        "PGD-1-3": 32.20892169886945,
        "SA_0.3-1-1": 0.6176367142040218,
        "SA_1.0-1-1": 221.50512955203024
      },
      "Damage": {
        "GF.H.S-1": 0,
        "GF.V.S-1": 1,
        "LF.W1.MC-1": 0,
        "collapse-0": 0
      },
      "Loss": {
        "Repair": {
          "Cost": {
            "LF.IND2-LF.W1.MC": 0.0,
            "replacement-collapse": 0.0
          },
          "Time": {
            "LF.IND2-LF.W1.MC": 0.0,
            "replacement-collapse": 0.0
          }
        }
      }
    }
  },
  "TransportationNetwork": {
    "Bridge": {
      "0": {
        "GeneralInformation": {},
        "Demand": {
          "PGA-1-1": 106.80127992303333,
          "PGD-1-1": 79.59213335726339,
          "PGD-1-3": 5.428152948426308,
          "SA_0.3-1-1": 280.5033428836082,
          "SA_1.0-1-1": 167.26112000366385
        },
        "Damage": {
          "HWB.GF-1": 2,
          "HWB.GS.1-1": 0,
          "collapse-0": 0
        },
        "Loss": {
          "Repair": {
            "Cost": {
              "HWB-HWB.GF": 0.7,
              "HWB-HWB.GS.1": 0.0,
              "replacement-collapse": 0.0
            },
            "Time": {
              "HWB-HWB.GF": 10.0,
              "HWB-HWB.GS.1": 0.0,
              "replacement-collapse": 0.0
            }
          }
        }
      }
    },
    "Roadway": {
      "3015": {
        "GeneralInformation": {},
        "Demand": {
          "PGA-1-1": 187.85191717348417,
          "PGD-1-1": 13.999455505411804,
          "PGD-1-3": 0.8256884259634006,
          "SA_0.3-1-1": 455.7485892168347,
          "SA_1.0-1-1": 188.03603982899762
        },
        "Damage": {
          "HRD.GF.2-1": 3,
          "collapse-0": 0
        },
        "Loss": {
          "Repair": {
            "Cost": {
              "HRD-HRD.GF.2": 0.9,
              "replacement-collapse": 0.0
            },
            "Time": {
              "HRD-HRD.GF.2": 70.0,
              "replacement-collapse": 0.0
            }
          }
        }
      },
      "3016": {
        "GeneralInformation": {},
        "Demand": {
          "PGA-1-1": 187.85191717348417,
          "PGD-1-1": 13.999455505411804,
          "PGD-1-3": 0.8256884259634006,
          "SA_0.3-1-1": 455.7485892168347,
          "SA_1.0-1-1": 188.03603982899762
        },
        "Damage": {
          "HRD.GF.2-1": 3,
          "collapse-0": 0
        },
        "Loss": {
          "Repair": {
            "Cost": {
              "HRD-HRD.GF.2": 0.9,
              "replacement-collapse": 0.0
            },
            "Time": {
              "HRD-HRD.GF.2": 70.0,
              "replacement-collapse": 0.0
            }
          }
        }
      },
      "3017": {
        "GeneralInformation": {},
        "Demand": {
          "PGA-1-1": 130.1195745557832,
          "PGD-1-1": 16.662050764307747,
          "PGD-1-3": 0.9879001481800248,
          "SA_0.3-1-1": 326.47876027055094,
          "SA_1.0-1-1": 167.6953361276624
        },
        "Damage": {
          "HRD.GF.2-1": 2,
          "collapse-0": 0
        },
        "Loss": {
          "Repair": {
            "Cost": {
              "HRD-HRD.GF.2": 0.75,
              "replacement-collapse": 0.0
            },
            "Time": {
              "HRD-HRD.GF.2": 9.0,
              "replacement-collapse": 0.0
            }
          }
        }
      },
      "3020": {
        "GeneralInformation": {},
        "Demand": {
          "PGA-1-1": 129.5642164385963,
          "PGD-1-1": 0.23200877055432248,
          "PGD-1-3": 4.055919915665172,
          "SA_0.3-1-1": 290.6352288481248,
          "SA_1.0-1-1": 169.32342253235015
        },
        "Damage": {
          "HRD.GF.2-1": 0,
          "collapse-0": 0
        },
        "Loss": {
          "Repair": {
            "Cost": {
              "HRD-HRD.GF.2": 0.0,
              "replacement-collapse": 0.0
            },
            "Time": {
              "HRD-HRD.GF.2": 0.0,
              "replacement-collapse": 0.0
            }
          }
        }
      },
      "3021": {
        "GeneralInformation": {},
        "Demand": {
          "PGA-1-1": 132.03076606378417,
          "PGD-1-1": 5.15432150950944,
          "PGD-1-3": 0.2976613333051869,
          "SA_0.3-1-1": 298.90150764915484,
          "SA_1.0-1-1": 152.7607625494754
        },
        "Damage": {
          "HRD.GF.2-1": 0,
          "collapse-0": 0
        },
        "Loss": {
          "Repair": {
            "Cost": {
              "HRD-HRD.GF.2": 0.0,
              "replacement-collapse": 0.0
            },
            "Time": {
              "HRD-HRD.GF.2": 0.0,
              "replacement-collapse": 0.0
            }
          }
        }
      },
      "3022": {
        "GeneralInformation": {},
        "Demand": {
          "PGA-1-1": 132.03076606378417,
          "PGD-1-1": 5.15432150950944,
          "PGD-1-3": 0.2976613333051869,
          "SA_0.3-1-1": 298.90150764915484,
          "SA_1.0-1-1": 152.7607625494754
        },
        "Damage": {
          "HRD.GF.2-1": 0,
          "collapse-0": 0
        },
        "Loss": {
          "Repair": {
            "Cost": {
              "HRD-HRD.GF.2": 0.0,
              "replacement-collapse": 0.0
            },
            "Time": {
              "HRD-HRD.GF.2": 0.0,
              "replacement-collapse": 0.0
            }
          }
        }
      },
      "3023": {
        "GeneralInformation": {},
        "Demand": {
          "PGA-1-1": 132.03076606378417,
          "PGD-1-1": 5.15432150950944,
          "PGD-1-3": 0.2976613333051869,
          "SA_0.3-1-1": 298.90150764915484,
          "SA_1.0-1-1": 152.7607625494754
        },
        "Damage": {
          "HRD.GF.2-1": 0,
          "collapse-0": 0
        },
        "Loss": {
          "Repair": {
            "Cost": {
              "HRD-HRD.GF.2": 0.0,
              "replacement-collapse": 0.0
            },
            "Time": {
              "HRD-HRD.GF.2": 0.0,
              "replacement-collapse": 0.0
            }
          }
        }
      },
      "3024": {
        "GeneralInformation": {},
        "Demand": {
          "PGA-1-1": 132.03076606378417,
          "PGD-1-1": 5.15432150950944,
          "PGD-1-3": 0.2976613333051869,
          "SA_0.3-1-1": 298.90150764915484,
          "SA_1.0-1-1": 152.7607625494754
        },
        "Damage": {
          "HRD.GF.2-1": 1,
          "collapse-0": 0
        },
        "Loss": {
          "Repair": {
            "Cost": {
              "HRD-HRD.GF.2": 0.1,
              "replacement-collapse": 0.0
            },
            "Time": {
              "HRD-HRD.GF.2": 2.0,
              "replacement-collapse": 0.0
            }
          }
        }
      },
      "3025": {
        "GeneralInformation": {},
        "Demand": {
          "PGA-1-1": 132.03076606378417,
          "PGD-1-1": 5.15432150950944,
          "PGD-1-3": 0.2976613333051869,
          "SA_0.3-1-1": 298.90150764915484,
          "SA_1.0-1-1": 152.7607625494754
        },
        "Damage": {
          "HRD.GF.2-1": 0,
          "collapse-0": 0
        },