{
  "Buildings": {
    "1": {
      "GeneralInformation": {},
      "Demand": {
        "PGA-1-1": 113.08298737496436,
        "PGD-1-1": 2.515429345529491,
        "PGD-1-3": 38.86937367197839,
        "SA_0.3-1-1": 1.2436564081400738,
        "SA_1.0-1-1": 186.84636289051485
      },
      "Damage": {
        "GF.H.S-1": 0,
        "GF.V.S-1": 2,
        "LF.W1.MC-1": 2,
        "collapse-0": 0
      },
      "Loss": {
        "Repair": {
          "Cost": {
            "LF.IND2-LF.W1.MC": 10.0,
            "replacement-collapse": 0.0
          },
          "Time": {
            "LF.IND2-LF.W1.MC": 30.0,
            "replacement-collapse": 0.0
          }
        }
      }
    },
    "2": {
      "GeneralInformation": {},
      "Demand": {
        "PGA-1-1": 124.98002423296636,
        "PGD-1-1": 42.96439410075336,
        "PGD-1-3": 2.875916455850303,
        "SA_0.3-1-1": 520.953131658236,
        "SA_1.0-1-1": 204.32688567830385
      },
      "Damage": {
        "GF.H.S-1": 0,
        "GF.V.S-1": 1,
        "LF.W1.MC-1": 2,
        "collapse-0": 0
      },
      "Loss": {
        "Repair": {
          "Cost": {
            "LF.IND2-LF.W1.MC": 10.0,
            "replacement-collapse": 0.0
          },
          "Time": {
            "LF.IND2-LF.W1.MC": 30.0,
            "replacement-collapse": 0.0
          }
        }
      }
    }
  },
  "TransportationNetwork": {
    "Bridge": {
      "0": {
        "GeneralInformation": {},
        "Demand": {
          "PGA-1-1": 150.74294704901243,
          "PGD-1-1": 78.24804545553121,
          "PGD-1-3": 5.360047970957135,
          "SA_0.3-1-1": 612.5776973445505,
          "SA_1.0-1-1": 462.14601605205297
        },
        "Damage": {
          "HWB.GF-1": 2,
          "HWB.GS.1-1": 2,
          "collapse-0": 0
        },
        "Loss": {
          "Repair": {
            "Cost": {
              "HWB-HWB.GF": 0.7,
              "HWB-HWB.GS.1": 0.7,
              "replacement-collapse": 0.0
            },
            "Time": {
              "HWB-HWB.GF": 10.0,
              "HWB-HWB.GS.1": 10.0,
              "replacement-collapse": 0.0
            }
          }
        }
      }
    },
    "Roadway": {
      "3015": {
        "GeneralInformation": {},
        "Demand": {
          "PGA-1-1": 166.8477046618117,
          "PGD-1-1": 14.704385348201297,
          "PGD-1-3": 0.8967903393442407,
          "SA_0.3-1-1": 511.07700046958126,
          "SA_1.0-1-1": 226.57582486882254
        },
        "Damage": {
          "HRD.GF.2-1": 3,
          "collapse-0": 0
        },
        "Loss": {
          "Repair": {
            "Cost": {
              "HRD-HRD.GF.2": 0.9,
              "replacement-collapse": 0.0
            },
            "Time": {
              "HRD-HRD.GF.2": 70.0,
              "replacement-collapse": 0.0
            }
          }
        }
      },
      "3016": {
        "GeneralInformation": {},
        "Demand": {
          "PGA-1-1": 167.33021427501404,
          "PGD-1-1": 0.1993754592855832,
          "PGD-1-3": 3.690069145525861,
          "SA_0.3-1-1": 1.3334948601338223,
          "SA_1.0-1-1": 244.55836737369603
        },
        "Damage": {
          "HRD.GF.2-1": 0,
          "collapse-0": 0
        },
        "Loss": {
          "Repair": {
            "Cost": {
              "HRD-HRD.GF.2": 0.0,
              "replacement-collapse": 0.0
            },
            "Time": {
              "HRD-HRD.GF.2": 0.0,
              "replacement-collapse": 0.0
            }
          }
        }
      },
      "3017": {
        "GeneralInformation": {},
        "Demand": {
          "PGA-1-1": 143.82218681553516,
          "PGD-1-1": 12.46628345992786,
          "PGD-1-3": 0.7537697612682824,
          "SA_0.3-1-1": 471.1531816286396,
          "SA_1.0-1-1": 178.25999395391293
        },
        "Damage": {
          "HRD.GF.2-1": 1,
          "collapse-0": 0
        },
        "Loss": {
          "Repair": {
            "Cost": {
              "HRD-HRD.GF.2": 0.1,
              "replacement-collapse": 0.0
            },
            "Time": {
              "HRD-HRD.GF.2": 2.0,
              "replacement-collapse": 0.0
            }
          }
        }
      },
      "3020": {
        "GeneralInformation": {},
        "Demand": {
          "PGA-1-1": 147.89685653822335,
          "PGD-1-1": 0.2589676613264253,
          "PGD-1-3": 4.635048537098895,
          "SA_0.3-1-1": 467.5489711298032,
          "SA_1.0-1-1": 156.72107605947164
        },
        "Damage": {
          "HRD.GF.2-1": 2,
          "collapse-0": 0
        },
        "Loss": {
          "Repair": {
            "Cost": {
              "HRD-HRD.GF.2": 0.75,
              "replacement-collapse": 0.0
            },
            "Time": {
              "HRD-HRD.GF.2": 9.0,
              "replacement-collapse": 0.0
            }
          }
        }
      },
      "3021": {
        "GeneralInformation": {},
        "Demand": {
          "PGA-1-1": 152.18032238125565,
          "PGD-1-1": 5.504637598429211,
          "PGD-1-3": 0.3139277440866337,
          "SA_0.3-1-1": 485.7945217878372,
          "SA_1.0-1-1": 162.7134331548317
        },
        "Damage": {
          "HRD.GF.2-1": 1,
          "collapse-0": 0
        },
        "Loss": {
          "Repair": {
            "Cost": {
              "HRD-HRD.GF.2": 0.1,
              "replacement-collapse": 0.0
            },
            "Time": {
              "HRD-HRD.GF.2": 2.0,
              "replacement-collapse": 0.0
            }
          }
        }
      },
      "3022": {
        "GeneralInformation": {},
        "Demand": {
          "PGA-1-1": 152.18032238125565,
          "PGD-1-1": 5.504637598429211,
          "PGD-1-3": 0.3139277440866337,
          "SA_0.3-1-1": 485.7945217878372,
          "SA_1.0-1-1": 162.7134331548317
        },
        "Damage": {
          "HRD.GF.2-1": 0,
          "collapse-0": 0
        },
        "Loss": {
          "Repair": {
            "Cost": {
              "HRD-HRD.GF.2": 0.0,
              "replacement-collapse": 0.0
            },
            "Time": {
              "HRD-HRD.GF.2": 0.0,
              "replacement-collapse": 0.0
            }
          }
        }
      },
      "3023": {
        "GeneralInformation": {},
        "Demand": {
          "PGA-1-1": 147.89685653822335,
          "PGD-1-1": 4.635048537098895,
          "PGD-1-3": 0.2589676613264253,
          "SA_0.3-1-1": 467.5489711298032,
          "SA_1.0-1-1": 156.72107605947164
        },
        "Damage": {
          "HRD.GF.2-1": 0,
          "collapse-0": 0
        },
        "Loss": {
          "Repair": {
            "Cost": {
              "HRD-HRD.GF.2": 0.0,
              "replacement-collapse": 0.0
            },
            "Time": {
              "HRD-HRD.GF.2": 0.0,
              "replacement-collapse": 0.0
            }
          }
        }
      },
      "3024": {
        "GeneralInformation": {},
        "Demand": {
          "PGA-1-1": 167.33021427501404,
          "PGD-1-1": 0.1993754592855832,
          "PGD-1-3": 3.690069145525861,
          "SA_0.3-1-1": 1.3334948601338223,
          "SA_1.0-1-1": 244.55836737369603
        },
        "Damage": {
          "HRD.GF.2-1": 2,
          "collapse-0": 0
        },
        "Loss": {
          "Repair": {
            "Cost": {
              "HRD-HRD.GF.2": 0.75,
              "replacement-collapse": 0.0
            },
            "Time": {
              "HRD-HRD.GF.2": 9.0,
              "replacement-collapse": 0.0
            }
          }
        }
      },
      "3025": {
        "GeneralInformation": {},
        "Demand": {
          "PGA-1-1": 167.33021427501404,
          "PGD-1-1": 0.1993754592855832,
          "PGD-1-3": 3.690069145525861,
          "SA_0.3-1-1": 1.3334948601338223,
          "SA_1.0-1-1": 244.55836737369603
        },
        "Damage": {
          "HRD.GF.2-1": 0,
          "collapse-0": 0
        },