{
  "Buildings": {
    "1": {
      "GeneralInformation": {},
      "Demand": {
        "PGA-1-1": 242.04450857475567,
        "PGD-1-1": 4.556628313443846,
        "PGD-1-3": 83.18851429713419,
        "SA_0.3-1-1": 2.084685513715595,
        "SA_1.0-1-1": 335.68512026181327
      },
      "Damage": {
        "GF.H.S-1": 0,
        "GF.V.S-1": 1,
        "LF.W1.MC-1": 4,
        "collapse-0": 0
      },
      "Loss": {
        "Repair": {
          "Cost": {
            "LF.IND2-LF.W1.MC": 100.0,
            "replacement-collapse": 0.0
          },
          "Time": {
            "LF.IND2-LF.W1.MC": 240.0,
            "replacement-collapse": 0.0
          }
        }
      }
    },
    "2": {
      "GeneralInformation": {},
      "Demand": {
        "PGA-1-1": 242.04450857475567,
        "PGD-1-1": 4.556628313443846,
        "PGD-1-3": 83.18851429713419,
        "SA_0.3-1-1": 2.084685513715595,
        "SA_1.0-1-1": 335.68512026181327
      },
      "Damage": {
        "GF.H.S-1": 1,
        "GF.V.S-1": 2,
        "LF.W1.MC-1": 3,
        "collapse-0": 0
      },
      "Loss": {
        "Repair": {
          "Cost": {
            "LF.IND2-LF.W1.MC": 35.5,
            "replacement-collapse": 0.0
          },
          "Time": {
            "LF.IND2-LF.W1.MC": 120.0,
            "replacement-collapse": 0.0
          }
        }
      }
    }
  },
  "TransportationNetwork": {
    "Bridge": {
      "0": {
        "GeneralInformation": {},
        "Demand": {
          "PGA-1-1": 245.53526508606151,
          "PGD-1-1": 91.99213129426907,
          "PGD-1-3": 5.668588964027044,
          "SA_0.3-1-1": 838.5611509917763,
          "SA_1.0-1-1": 345.36342932807133
        },
        "Damage": {
          "HWB.GF-1": 2,
          "HWB.GS.1-1": 3,
          "collapse-0": 0
        },
        "Loss": {
          "Repair": {
            "Cost": {
              "HWB-HWB.GF": 0.7,
              "HWB-HWB.GS.1": 0.98,
              "replacement-collapse": 0.0
            },
            "Time": {
              "HWB-HWB.GF": 10.0,
              "HWB-HWB.GS.1": 200.0,
              "replacement-collapse": 0.0
            }
          }
        }
      }
    },
    "Roadway": {
      "3015": {
        "GeneralInformation": {},
        "Demand": {
          "PGA-1-1": 236.1288796717407,
          "PGD-1-1": 14.54126759022517,
          "PGD-1-3": 0.6047430276119781,
          "SA_0.3-1-1": 933.6753265023625,
          "SA_1.0-1-1": 235.14633414202524
        },
        "Damage": {
          "HRD.GF.2-1": 1,
          "collapse-0": 0
        },
        "Loss": {
          "Repair": {
            "Cost": {
              "HRD-HRD.GF.2": 0.1,
              "replacement-collapse": 0.0
            },
            "Time": {
              "HRD-HRD.GF.2": 2.0,
              "replacement-collapse": 0.0
            }
          }
        }
      },
      "3016": {
        "GeneralInformation": {},
        "Demand": {
          "PGA-1-1": 307.01267411683483,
          "PGD-1-1": 23.52285714381558,
          "PGD-1-3": 1.145295023177065,
          "SA_0.3-1-1": 1385.0991942958426,
          "SA_1.0-1-1": 301.8301643175343
        },
        "Damage": {
          "HRD.GF.2-1": 3,
          "collapse-0": 0
        },
        "Loss": {
          "Repair": {
            "Cost": {
              "HRD-HRD.GF.2": 0.9,
              "replacement-collapse": 0.0
            },
            "Time": {
              "HRD-HRD.GF.2": 70.0,
              "replacement-collapse": 0.0
            }
          }
        }
      },
      "3017": {
        "GeneralInformation": {},
        "Demand": {
          "PGA-1-1": 259.91796068429653,
          "PGD-1-1": 1.8841800368312185,
          "PGD-1-3": 35.77018151928395,
          "SA_0.3-1-1": 2.574429939332959,
          "SA_1.0-1-1": 262.57258287584807
        },
        "Damage": {
          "HRD.GF.2-1": 2,
          "collapse-0": 0
        },
        "Loss": {
          "Repair": {
            "Cost": {
              "HRD-HRD.GF.2": 0.75,
              "replacement-collapse": 0.0
            },
            "Time": {
              "HRD-HRD.GF.2": 9.0,
              "replacement-collapse": 0.0
            }
          }
        }
      },
      "3020": {
        "GeneralInformation": {},
        "Demand": {
          "PGA-1-1": 178.40489227767054,
          "PGD-1-1": 0.4786513341450783,
          "PGD-1-3": 12.443586642955584,
          "SA_0.3-1-1": 632.0048907048082,
          "SA_1.0-1-1": 242.1343110308924
        },
        "Damage": {
          "HRD.GF.2-1": 3,
          "collapse-0": 0
        },
        "Loss": {
          "Repair": {
            "Cost": {
              "HRD-HRD.GF.2": 0.9,
              "replacement-collapse": 0.0
            },
            "Time": {
              "HRD-HRD.GF.2": 70.0,
              "replacement-collapse": 0.0
            }
          }
        }
      },
      "3021": {
        "GeneralInformation": {},
        "Demand": {
          "PGA-1-1": 178.40489227767054,
          "PGD-1-1": 12.443586642955584,
          "PGD-1-3": 0.4786513341450783,
          "SA_0.3-1-1": 632.0048907048082,
          "SA_1.0-1-1": 242.1343110308924
        },
        "Damage": {
          "HRD.GF.2-1": 0,
          "collapse-0": 0
        },
        "Loss": {
          "Repair": {
            "Cost": {
              "HRD-HRD.GF.2": 0.0,
              "replacement-collapse": 0.0
            },
            "Time": {
              "HRD-HRD.GF.2": 0.0,
              "replacement-collapse": 0.0
            }
          }
        }
      },
      "3022": {
        "GeneralInformation": {},
        "Demand": {
          "PGA-1-1": 236.1288796717407,
          "PGD-1-1": 14.54126759022517,
          "PGD-1-3": 0.6047430276119781,
          "SA_0.3-1-1": 933.6753265023625,
          "SA_1.0-1-1": 235.14633414202524
        },
        "Damage": {
          "HRD.GF.2-1": 3,
          "collapse-0": 0
        },
        "Loss": {
          "Repair": {
            "Cost": {
              "HRD-HRD.GF.2": 0.9,
              "replacement-collapse": 0.0
            },
            "Time": {
              "HRD-HRD.GF.2": 70.0,
              "replacement-collapse": 0.0
            }
          }
        }
      },
      "3023": {
        "GeneralInformation": {},
        "Demand": {
          "PGA-1-1": 259.43761461911214,
          "PGD-1-1": 0.46535114591410953,
          "PGD-1-3": 12.228940203935151,
          "SA_0.3-1-1": 2.3990384457694702,
          "SA_1.0-1-1": 301.6030781583966
        },
        "Damage": {
          "HRD.GF.2-1": 1,
          "collapse-0": 0
        },
        "Loss": {
          "Repair": {
            "Cost": {
              "HRD-HRD.GF.2": 0.1,
              "replacement-collapse": 0.0
            },
            "Time": {
              "HRD-HRD.GF.2": 2.0,
              "replacement-collapse": 0.0
            }
          }
        }
      },
      "3024": {
        "GeneralInformation": {},
        "Demand": {
          "PGA-1-1": 236.1288796717407,
          "PGD-1-1": 14.54126759022517,
          "PGD-1-3": 0.6047430276119781,
          "SA_0.3-1-1": 933.6753265023625,
          "SA_1.0-1-1": 235.14633414202524
        },
        "Damage": {
          "HRD.GF.2-1": 1,
          "collapse-0": 0
        },
        "Loss": {
          "Repair": {
            "Cost": {
              "HRD-HRD.GF.2": 0.1,
              "replacement-collapse": 0.0
            },
            "Time": {
              "HRD-HRD.GF.2": 2.0,
              "replacement-collapse": 0.0
            }
          }
        }
      },
      "3025": {
        "GeneralInformation": {},
        "Demand": {
          "PGA-1-1": 235.25693998235005,
          "PGD-1-1": 13.385030320684875,
          "PGD-1-3": 0.5354633202752501,
          "SA_0.3-1-1": 1019.047392135382,
          "SA_1.0-1-1": 268.2301119784538
        },
        "Damage": {
          "HRD.GF.2-1": 1,
          "collapse-0": 0
        },