{
  "Buildings": {
    "1": {
      "GeneralInformation": {},
      "Demand": {
        "PGA-1-1": 88.84003825081065,
        "PGD-1-1": 1.717940896789879,
        "PGD-1-3": 23.71409540539513,
        "SA_0.3-1-1": 1.1335547506780097,
        "SA_1.0-1-1": 403.01231225477943
      },
      "Damage": {
        "GF.H.S-1": 0,
        "GF.V.S-1": 0,
        "LF.W1.MC-1": 1,
        "collapse-0": 0
      },
      "Loss": {
        "Repair": {
          "Cost": {
            "LF.IND2-LF.W1.MC": 2.0,
            "replacement-collapse": 0.0
          },
          "Time": {
            "LF.IND2-LF.W1.MC": 10.0,
            "replacement-collapse": 0.0
          }
        }
      }
    },
    "2": {
      "GeneralInformation": {},
      "Demand": {
        "PGA-1-1": 88.84003825081065,
        "PGD-1-1": 1.717940896789879,
        "PGD-1-3": 23.71409540539513,
        "SA_0.3-1-1": 1.1335547506780097,
        "SA_1.0-1-1": 403.01231225477943
      },
      "Damage": {
        "GF.H.S-1": 0,
        "GF.V.S-1": 1,
        "LF.W1.MC-1": 0,
        "collapse-0": 0
      },
      "Loss": {
        "Repair": {
          "Cost": {
            "LF.IND2-LF.W1.MC": 0.0,
            "replacement-collapse": 0.0
          },
          "Time": {
            "LF.IND2-LF.W1.MC": 0.0,
            "replacement-collapse": 0.0
          }
        }
      }
    }
  },
  "TransportationNetwork": {
    "Bridge": {
      "0": {
        "GeneralInformation": {},
        "Demand": {
          "PGA-1-1": 101.3970894099792,
          "PGD-1-1": 42.12585509330773,
          "PGD-1-3": 3.1703672805894207,
          "SA_0.3-1-1": 382.5218654304024,
          "SA_1.0-1-1": 394.3794678782343
        },
        "Damage": {
          "HWB.GF-1": 2,
          "HWB.GS.1-1": 4,
          "collapse-0": 0
        },
        "Loss": {
          "Repair": {
            "Cost": {
              "HWB-HWB.GF": 0.7,
              "HWB-HWB.GS.1": 1.0,
              "replacement-collapse": 0.0
            },
            "Time": {
              "HWB-HWB.GF": 10.0,
              "HWB-HWB.GS.1": 365.0,
              "replacement-collapse": 0.0
            }
          }
        }
      }
    },
    "Roadway": {
      "3015": {
        "GeneralInformation": {},
        "Demand": {
          "PGA-1-1": 92.05704921285768,
          "PGD-1-1": 4.105887043847913,
          "PGD-1-3": 0.25067688334147165,
          "SA_0.3-1-1": 406.55087601750097,
          "SA_1.0-1-1": 215.0941547018268
        },
        "Damage": {
          "HRD.GF.2-1": 0,
          "collapse-0": 0
        },
        "Loss": {
          "Repair": {
            "Cost": {
              "HRD-HRD.GF.2": 0.0,
              "replacement-collapse": 0.0
            },
            "Time": {
              "HRD-HRD.GF.2": 0.0,
              "replacement-collapse": 0.0
            }
          }
        }
      },
      "3016": {
        "GeneralInformation": {},
        "Demand": {
          "PGA-1-1": 116.69154320972652,
          "PGD-1-1": 13.233359475598855,
          "PGD-1-3": 0.8197097175474307,
          "SA_0.3-1-1": 602.2223597382496,
          "SA_1.0-1-1": 382.1320897149857
        },
        "Damage": {
          "HRD.GF.2-1": 1,
          "collapse-0": 0
        },
        "Loss": {
          "Repair": {
            "Cost": {
              "HRD-HRD.GF.2": 0.1,
              "replacement-collapse": 0.0
            },
            "Time": {
              "HRD-HRD.GF.2": 2.0,
              "replacement-collapse": 0.0
            }
          }
        }
      },
      "3017": {
        "GeneralInformation": {},
        "Demand": {
          "PGA-1-1": 116.69154320972652,
          "PGD-1-1": 13.233359475598855,
          "PGD-1-3": 0.8197097175474307,
          "SA_0.3-1-1": 602.2223597382496,
          "SA_1.0-1-1": 382.1320897149857
        },
        "Damage": {
          "HRD.GF.2-1": 1,
          "collapse-0": 0
        },
        "Loss": {
          "Repair": {
            "Cost": {
              "HRD-HRD.GF.2": 0.1,
              "replacement-collapse": 0.0
            },
            "Time": {
              "HRD-HRD.GF.2": 2.0,
              "replacement-collapse": 0.0
            }
          }
        }
      },
      "3020": {
        "GeneralInformation": {},
        "Demand": {
          "PGA-1-1": 123.78596352915439,
          "PGD-1-1": 2.2553445366015934,
          "PGD-1-3": 0.1357601055897224,
          "SA_0.3-1-1": 1.3310129856868262,
          "SA_1.0-1-1": 336.71487288052924
        },
        "Damage": {
          "HRD.GF.2-1": 0,
          "collapse-0": 0
        },
        "Loss": {
          "Repair": {
            "Cost": {
              "HRD-HRD.GF.2": 0.0,
              "replacement-collapse": 0.0
            },
            "Time": {
              "HRD-HRD.GF.2": 0.0,
              "replacement-collapse": 0.0
            }
          }
        }
      },
      "3021": {
        "GeneralInformation": {},
        "Demand": {
          "PGA-1-1": 123.78596352915439,
          "PGD-1-1": 0.1357601055897224,
          "PGD-1-3": 2.2553445366015934,
          "SA_0.3-1-1": 1.3310129856868262,
          "SA_1.0-1-1": 336.71487288052924
        },
        "Damage": {
          "HRD.GF.2-1": 1,
          "collapse-0": 0
        },
        "Loss": {
          "Repair": {
            "Cost": {
              "HRD-HRD.GF.2": 0.1,
              "replacement-collapse": 0.0
            },
            "Time": {
              "HRD-HRD.GF.2": 2.0,
              "replacement-collapse": 0.0
            }
          }
        }
      },
      "3022": {
        "GeneralInformation": {},
        "Demand": {
          "PGA-1-1": 103.15684846711953,
          "PGD-1-1": 3.2331202017231906,
          "PGD-1-3": 0.19635441349875415,
          "SA_0.3-1-1": 485.3534610240191,
          "SA_1.0-1-1": 278.91271061290973
        },
        "Damage": {
          "HRD.GF.2-1": 0,
          "collapse-0": 0
        },
        "Loss": {
          "Repair": {
            "Cost": {
              "HRD-HRD.GF.2": 0.0,
              "replacement-collapse": 0.0
            },
            "Time": {
              "HRD-HRD.GF.2": 0.0,
              "replacement-collapse": 0.0
            }
          }
        }
      },
      "3023": {
        "GeneralInformation": {},
        "Demand": {
          "PGA-1-1": 92.05704921285768,
          "PGD-1-1": 4.105887043847913,
          "PGD-1-3": 0.25067688334147165,
          "SA_0.3-1-1": 406.55087601750097,
          "SA_1.0-1-1": 215.0941547018268
        },
        "Damage": {
          "HRD.GF.2-1": 0,
          "collapse-0": 0
        },
        "Loss": {
          "Repair": {
            "Cost": {
              "HRD-HRD.GF.2": 0.0,
              "replacement-collapse": 0.0
            },
            "Time": {
              "HRD-HRD.GF.2": 0.0,
              "replacement-collapse": 0.0
            }
          }
        }
      },
      "3024": {
        "GeneralInformation": {},
        "Demand": {
          "PGA-1-1": 123.78596352915439,
          "PGD-1-1": 0.1357601055897224,
          "PGD-1-3": 2.2553445366015934,
          "SA_0.3-1-1": 1.3310129856868262,
          "SA_1.0-1-1": 336.71487288052924
        },
        "Damage": {
          "HRD.GF.2-1": 0,
          "collapse-0": 0
        },
        "Loss": {
          "Repair": {
            "Cost": {
              "HRD-HRD.GF.2": 0.0,
              "replacement-collapse": 0.0
            },
            "Time": {
              "HRD-HRD.GF.2": 0.0,
              "replacement-collapse": 0.0
            }
          }
        }
      },
      "3025": {
        "GeneralInformation": {},
        "Demand": {
          "PGA-1-1": 123.78596352915439,
          "PGD-1-1": 0.1357601055897224,
          "PGD-1-3": 2.2553445366015934,
          "SA_0.3-1-1": 1.3310129856868262,
          "SA_1.0-1-1": 336.71487288052924
        },
        "Damage": {
          "HRD.GF.2-1": 0,
          "collapse-0": 0
        },