{
  "Buildings": {
    "1": {
      "GeneralInformation": {},
      "Demand": {
        "PGA-1-1": 146.64837021596313,
        "PGD-1-1": 59.47042739527286,
        "PGD-1-3": 3.6957514915185894,
        "SA_0.3-1-1": 189.56724581276353,
        "SA_1.0-1-1": 175.89743229498185
      },
      "Damage": {
        "GF.H.S-1": 1,
        "GF.V.S-1": 1,
        "LF.W1.MC-1": 1,
        "collapse-0": 0
      },
      "Loss": {
        "Repair": {
          "Cost": {
            "LF.IND2-LF.W1.MC": 2.0,
            "replacement-collapse": 0.0
          },
          "Time": {
            "LF.IND2-LF.W1.MC": 10.0,
            "replacement-collapse": 0.0
          }
        }
      }
    },
    "2": {
      "GeneralInformation": {},
      "Demand": {
        "PGA-1-1": 173.0063064446891,
        "PGD-1-1": 3.6689927595965255,
        "PGD-1-3": 62.262220291662494,
        "SA_0.3-1-1": 0.527270197485197,
        "SA_1.0-1-1": 295.9030373642518
      },
      "Damage": {
        "GF.H.S-1": 1,
        "GF.V.S-1": 2,
        "LF.W1.MC-1": 1,
        "collapse-0": 0
      },
      "Loss": {
        "Repair": {
          "Cost": {
            "LF.IND2-LF.W1.MC": 2.0,
            "replacement-collapse": 0.0
          },
          "Time": {
            "LF.IND2-LF.W1.MC": 10.0,
            "replacement-collapse": 0.0
          }
        }
      }
    }
  },
  "TransportationNetwork": {
    "Bridge": {
      "0": {
        "GeneralInformation": {},
        "Demand": {
          "PGA-1-1": 207.1588291881072,
          "PGD-1-1": 89.16238562989513,
          "PGD-1-3": 5.771276376760861,
          "SA_0.3-1-1": 243.27267865824427,
          "SA_1.0-1-1": 183.62878850968627
        },
        "Damage": {
          "HWB.GF-1": 2,
          "HWB.GS.1-1": 4,
          "collapse-0": 0
        },
        "Loss": {
          "Repair": {
            "Cost": {
              "HWB-HWB.GF": 0.7,
              "HWB-HWB.GS.1": 1.0,
              "replacement-collapse": 0.0
            },
            "Time": {
              "HWB-HWB.GF": 10.0,
              "HWB-HWB.GS.1": 365.0,
              "replacement-collapse": 0.0
            }
          }
        }
      }
    },
    "Roadway": {
      "3015": {
        "GeneralInformation": {},
        "Demand": {
          "PGA-1-1": 147.67716969613258,
          "PGD-1-1": 0.17475776049482294,
          "PGD-1-3": 3.065017917771837,
          "SA_0.3-1-1": 0.4745646088977052,
          "SA_1.0-1-1": 191.89422282998297
        },
        "Damage": {
          "HRD.GF.2-1": 0,
          "collapse-0": 0
        },
        "Loss": {
          "Repair": {
            "Cost": {
              "HRD-HRD.GF.2": 0.0,
              "replacement-collapse": 0.0
            },
            "Time": {
              "HRD-HRD.GF.2": 0.0,
              "replacement-collapse": 0.0
            }
          }
        }
      },
      "3016": {
        "GeneralInformation": {},
        "Demand": {
          "PGA-1-1": 129.86920660239807,
          "PGD-1-1": 16.85192691864835,
          "PGD-1-3": 0.9991857461245944,
          "SA_0.3-1-1": 145.32542454327435,
          "SA_1.0-1-1": 146.29012454452973
        },
        "Damage": {
          "HRD.GF.2-1": 3,
          "collapse-0": 0
        },
        "Loss": {
          "Repair": {
            "Cost": {
              "HRD-HRD.GF.2": 0.9,
              "replacement-collapse": 0.0
            },
            "Time": {
              "HRD-HRD.GF.2": 70.0,
              "replacement-collapse": 0.0
            }
          }
        }
      },
      "3017": {
        "GeneralInformation": {},
        "Demand": {
          "PGA-1-1": 129.86920660239807,
          "PGD-1-1": 16.85192691864835,
          "PGD-1-3": 0.9991857461245944,
          "SA_0.3-1-1": 145.32542454327435,
          "SA_1.0-1-1": 146.29012454452973
        },
        "Damage": {
          "HRD.GF.2-1": 1,
          "collapse-0": 0
        },
        "Loss": {
          "Repair": {
            "Cost": {
              "HRD-HRD.GF.2": 0.1,
              "replacement-collapse": 0.0
            },
            "Time": {
              "HRD-HRD.GF.2": 2.0,
              "replacement-collapse": 0.0
            }
          }
        }
      },
      "3020": {
        "GeneralInformation": {},
        "Demand": {
          "PGA-1-1": 162.8613287755674,
          "PGD-1-1": 0.3121461301941599,
          "PGD-1-3": 5.3741794030042955,
          "SA_0.3-1-1": 193.61017051252847,
          "SA_1.0-1-1": 196.2670001589385
        },
        "Damage": {
          "HRD.GF.2-1": 0,
          "collapse-0": 0
        },
        "Loss": {
          "Repair": {
            "Cost": {
              "HRD-HRD.GF.2": 0.0,
              "replacement-collapse": 0.0
            },
            "Time": {
              "HRD-HRD.GF.2": 0.0,
              "replacement-collapse": 0.0
            }
          }
        }
      },
      "3021": {
        "GeneralInformation": {},
        "Demand": {
          "PGA-1-1": 147.67716969613258,
          "PGD-1-1": 0.17475776049482294,
          "PGD-1-3": 3.065017917771837,
          "SA_0.3-1-1": 0.4745646088977052,
          "SA_1.0-1-1": 191.89422282998297
        },
        "Damage": {
          "HRD.GF.2-1": 0,
          "collapse-0": 0
        },
        "Loss": {
          "Repair": {
            "Cost": {
              "HRD-HRD.GF.2": 0.0,
              "replacement-collapse": 0.0
            },
            "Time": {
              "HRD-HRD.GF.2": 0.0,
              "replacement-collapse": 0.0
            }
          }
        }
      },
      "3022": {
        "GeneralInformation": {},
        "Demand": {
          "PGA-1-1": 147.67716969613258,
          "PGD-1-1": 0.17475776049482294,
          "PGD-1-3": 3.065017917771837,
          "SA_0.3-1-1": 0.4745646088977052,
          "SA_1.0-1-1": 191.89422282998297
        },
        "Damage": {
          "HRD.GF.2-1": 1,
          "collapse-0": 0
        },
        "Loss": {
          "Repair": {
            "Cost": {
              "HRD-HRD.GF.2": 0.1,
              "replacement-collapse": 0.0
            },
            "Time": {
              "HRD-HRD.GF.2": 2.0,
              "replacement-collapse": 0.0
            }
          }
        }
      },
      "3023": {
        "GeneralInformation": {},
        "Demand": {
          "PGA-1-1": 162.8613287755674,
          "PGD-1-1": 5.3741794030042955,
          "PGD-1-3": 0.3121461301941599,
          "SA_0.3-1-1": 193.61017051252847,
          "SA_1.0-1-1": 196.2670001589385
        },
        "Damage": {
          "HRD.GF.2-1": 1,
          "collapse-0": 0
        },
        "Loss": {
          "Repair": {
            "Cost": {
              "HRD-HRD.GF.2": 0.1,
              "replacement-collapse": 0.0
            },
            "Time": {
              "HRD-HRD.GF.2": 2.0,
              "replacement-collapse": 0.0
            }
          }
        }
      },
      "3024": {
        "GeneralInformation": {},
        "Demand": {
          "PGA-1-1": 162.8613287755674,
          "PGD-1-1": 5.3741794030042955,
          "PGD-1-3": 0.3121461301941599,
          "SA_0.3-1-1": 193.61017051252847,
          "SA_1.0-1-1": 196.2670001589385
        },
        "Damage": {
          "HRD.GF.2-1": 1,
          "collapse-0": 0
        },
        "Loss": {
          "Repair": {
            "Cost": {
              "HRD-HRD.GF.2": 0.1,
              "replacement-collapse": 0.0
            },
            "Time": {
              "HRD-HRD.GF.2": 2.0,
              "replacement-collapse": 0.0
            }
          }
        }
      },
      "3025": {
        "GeneralInformation": {},
        "Demand": {
          "PGA-1-1": 129.86920660239807,
          "PGD-1-1": 16.85192691864835,
          "PGD-1-3": 0.9991857461245944,
          "SA_0.3-1-1": 145.32542454327435,
          "SA_1.0-1-1": 146.29012454452973
        },
        "Damage": {
          "HRD.GF.2-1": 3,
          "collapse-0": 0
        },