{
  "Buildings": {
    "1": {
      "GeneralInformation": {},
      "Demand": {
        "PGA-1-1": 82.54228785452598,
        "PGD-1-1": 1.4185187549513407,
        "PGD-1-3": 19.06491440974837,
        "SA_0.3-1-1": 0.561657002319068,
        "SA_1.0-1-1": 147.43654513965762
      },
      "Damage": {
        "GF.H.S-1": 0,
        "GF.V.S-1": 0,
        "LF.W1.MC-1": 2,
        "collapse-0": 0
      },
      "Loss": {
        "Repair": {
          "Cost": {
            "LF.IND2-LF.W1.MC": 10.0,
            "replacement-collapse": 0.0
          },
          "Time": {
            "LF.IND2-LF.W1.MC": 30.0,
            "replacement-collapse": 0.0
          }
        }
      }
    },
    "2": {
      "GeneralInformation": {},
      "Demand": {
        "PGA-1-1": 82.54228785452598,
        "PGD-1-1": 1.4185187549513407,
        "PGD-1-3": 19.06491440974837,
        "SA_0.3-1-1": 0.561657002319068,
        "SA_1.0-1-1": 147.43654513965762
      },
      "Damage": {
        "GF.H.S-1": 2,
        "GF.V.S-1": 1,
        "LF.W1.MC-1": 0,
        "collapse-0": 0
      },
      "Loss": {
        "Repair": {
          "Cost": {
            "LF.IND2-LF.W1.MC": 0.0,
            "replacement-collapse": 0.0
          },
          "Time": {
            "LF.IND2-LF.W1.MC": 0.0,
            "replacement-collapse": 0.0
          }
        }
      }
    }
  },
  "TransportationNetwork": {
    "Bridge": {
      "0": {
        "GeneralInformation": {},
        "Demand": {
          "PGA-1-1": 94.3408357987453,
          "PGD-1-1": 49.39513332593796,
          "PGD-1-3": 3.937019947821186,
          "SA_0.3-1-1": 279.0409642007883,
          "SA_1.0-1-1": 232.64743717046238
        },
        "Damage": {
          "HWB.GF-1": 2,
          "HWB.GS.1-1": 2,
          "collapse-0": 0
        },
        "Loss": {
          "Repair": {
            "Cost": {
              "HWB-HWB.GF": 0.7,
              "HWB-HWB.GS.1": 0.7,
              "replacement-collapse": 0.0
            },
            "Time": {
              "HWB-HWB.GF": 10.0,
              "HWB-HWB.GS.1": 10.0,
              "replacement-collapse": 0.0
            }
          }
        }
      }
    },
    "Roadway": {
      "3015": {
        "GeneralInformation": {},
        "Demand": {
          "PGA-1-1": 102.418953960923,
          "PGD-1-1": 3.264931440213356,
          "PGD-1-3": 0.21498484010973687,
          "SA_0.3-1-1": 305.11132141677143,
          "SA_1.0-1-1": 169.45405387632167
        },
        "Damage": {
          "HRD.GF.2-1": 0,
          "collapse-0": 0
        },
        "Loss": {
          "Repair": {
            "Cost": {
              "HRD-HRD.GF.2": 0.0,
              "replacement-collapse": 0.0
            },
            "Time": {
              "HRD-HRD.GF.2": 0.0,
              "replacement-collapse": 0.0
            }
          }
        }
      },
      "3016": {
        "GeneralInformation": {},
        "Demand": {
          "PGA-1-1": 91.86963463712425,
          "PGD-1-1": 9.52809770691154,
          "PGD-1-3": 0.6559805477909089,
          "SA_0.3-1-1": 342.47727858463514,
          "SA_1.0-1-1": 210.92483374042573
        },
        "Damage": {
          "HRD.GF.2-1": 0,
          "collapse-0": 0
        },
        "Loss": {
          "Repair": {
            "Cost": {
              "HRD-HRD.GF.2": 0.0,
              "replacement-collapse": 0.0
            },
            "Time": {
              "HRD-HRD.GF.2": 0.0,
              "replacement-collapse": 0.0
            }
          }
        }
      },
      "3017": {
        "GeneralInformation": {},
        "Demand": {
          "PGA-1-1": 91.86963463712425,
          "PGD-1-1": 9.52809770691154,
          "PGD-1-3": 0.6559805477909089,
          "SA_0.3-1-1": 342.47727858463514,
          "SA_1.0-1-1": 210.92483374042573
        },
        "Damage": {
          "HRD.GF.2-1": 3,
          "collapse-0": 0
        },
        "Loss": {
          "Repair": {
            "Cost": {
              "HRD-HRD.GF.2": 0.9,
              "replacement-collapse": 0.0
            },
            "Time": {
              "HRD-HRD.GF.2": 70.0,
              "replacement-collapse": 0.0
            }
          }
        }
      },
      "3020": {
        "GeneralInformation": {},
        "Demand": {
          "PGA-1-1": 114.16497045317996,
          "PGD-1-1": 1.9894597816238784,
          "PGD-1-3": 0.12526778298316144,
          "SA_0.3-1-1": 0.7468951876442589,
          "SA_1.0-1-1": 197.3153352676974
        },
        "Damage": {
          "HRD.GF.2-1": 0,
          "collapse-0": 0
        },
        "Loss": {
          "Repair": {
            "Cost": {
              "HRD-HRD.GF.2": 0.0,
              "replacement-collapse": 0.0
            },
            "Time": {
              "HRD-HRD.GF.2": 0.0,
              "replacement-collapse": 0.0
            }
          }
        }
      },
      "3021": {
        "GeneralInformation": {},
        "Demand": {
          "PGA-1-1": 114.16497045317996,
          "PGD-1-1": 0.12526778298316144,
          "PGD-1-3": 1.9894597816238784,
          "SA_0.3-1-1": 0.7468951876442589,
          "SA_1.0-1-1": 197.3153352676974
        },
        "Damage": {
          "HRD.GF.2-1": 0,
          "collapse-0": 0
        },
        "Loss": {
          "Repair": {
            "Cost": {
              "HRD-HRD.GF.2": 0.0,
              "replacement-collapse": 0.0
            },
            "Time": {
              "HRD-HRD.GF.2": 0.0,
              "replacement-collapse": 0.0
            }
          }
        }
      },
      "3022": {
        "GeneralInformation": {},
        "Demand": {
          "PGA-1-1": 95.61401899536051,
          "PGD-1-1": 2.6622428629340957,
          "PGD-1-3": 0.17261268248894132,
          "SA_0.3-1-1": 246.3405225704045,
          "SA_1.0-1-1": 145.08389261433675
        },
        "Damage": {
          "HRD.GF.2-1": 1,
          "collapse-0": 0
        },
        "Loss": {
          "Repair": {
            "Cost": {
              "HRD-HRD.GF.2": 0.1,
              "replacement-collapse": 0.0
            },
            "Time": {
              "HRD-HRD.GF.2": 2.0,
              "replacement-collapse": 0.0
            }
          }
        }
      },
      "3023": {
        "GeneralInformation": {},
        "Demand": {
          "PGA-1-1": 95.61401899536051,
          "PGD-1-1": 2.6622428629340957,
          "PGD-1-3": 0.17261268248894132,
          "SA_0.3-1-1": 246.3405225704045,
          "SA_1.0-1-1": 145.08389261433675
        },
        "Damage": {
          "HRD.GF.2-1": 2,
          "collapse-0": 0
        },
        "Loss": {
          "Repair": {
            "Cost": {
              "HRD-HRD.GF.2": 0.75,
              "replacement-collapse": 0.0
            },
            "Time": {
              "HRD-HRD.GF.2": 9.0,
              "replacement-collapse": 0.0
            }
          }
        }
      },
      "3024": {
        "GeneralInformation": {},
        "Demand": {
          "PGA-1-1": 114.16497045317996,
          "PGD-1-1": 0.12526778298316144,
          "PGD-1-3": 1.9894597816238784,
          "SA_0.3-1-1": 0.7468951876442589,
          "SA_1.0-1-1": 197.3153352676974
        },
        "Damage": {
          "HRD.GF.2-1": 1,
          "collapse-0": 0
        },
        "Loss": {
          "Repair": {
            "Cost": {
              "HRD-HRD.GF.2": 0.1,
              "replacement-collapse": 0.0
            },
            "Time": {
              "HRD-HRD.GF.2": 2.0,
              "replacement-collapse": 0.0
            }
          }
        }
      },
      "3025": {
        "GeneralInformation": {},
        "Demand": {
          "PGA-1-1": 114.16497045317996,
          "PGD-1-1": 0.12526778298316144,
          "PGD-1-3": 1.9894597816238784,
          "SA_0.3-1-1": 0.7468951876442589,
          "SA_1.0-1-1": 197.3153352676974
        },
        "Damage": {
          "HRD.GF.2-1": 0,
          "collapse-0": 0
        },