{
  "Buildings": {
    "1": {
      "GeneralInformation": {},
      "Demand": {
        "PGA-1-1": 89.36992413577934,
        "PGD-1-1": 1.745896972073575,
        "PGD-1-3": 24.117153520630783,
        "SA_0.3-1-1": 0.43413636218908885,
        "SA_1.0-1-1": 110.37719449798556
      },
      "Damage": {
        "GF.H.S-1": 0,
        "GF.V.S-1": 1,
        "LF.W1.MC-1": 1,
        "collapse-0": 0
      },
      "Loss": {
        "Repair": {
          "Cost": {
            "LF.IND2-LF.W1.MC": 2.0,
            "replacement-collapse": 0.0
          },
          "Time": {
            "LF.IND2-LF.W1.MC": 10.0,
            "replacement-collapse": 0.0
          }
        }
      }
    },
    "2": {
      "GeneralInformation": {},
      "Demand": {
        "PGA-1-1": 89.36992413577934,
        "PGD-1-1": 1.745896972073575,
        "PGD-1-3": 24.117153520630783,
        "SA_0.3-1-1": 0.43413636218908885,
        "SA_1.0-1-1": 110.37719449798556
      },
      "Damage": {
        "GF.H.S-1": 0,
        "GF.V.S-1": 0,
        "LF.W1.MC-1": 0,
        "collapse-0": 0
      },
      "Loss": {
        "Repair": {
          "Cost": {
            "LF.IND2-LF.W1.MC": 0.0,
            "replacement-collapse": 0.0
          },
          "Time": {
            "LF.IND2-LF.W1.MC": 0.0,
            "replacement-collapse": 0.0
          }
        }
      }
    }
  },
  "TransportationNetwork": {
    "Bridge": {
      "0": {
        "GeneralInformation": {},
        "Demand": {
          "PGA-1-1": 97.87445688926361,
          "PGD-1-1": 54.842824879045104,
          "PGD-1-3": 4.001507349566428,
          "SA_0.3-1-1": 189.38592832726883,
          "SA_1.0-1-1": 108.94349078437494
        },
        "Damage": {
          "HWB.GF-1": 2,
          "HWB.GS.1-1": 2,
          "collapse-0": 0
        },
        "Loss": {
          "Repair": {
            "Cost": {
              "HWB-HWB.GF": 0.7,
              "HWB-HWB.GS.1": 0.7,
              "replacement-collapse": 0.0
            },
            "Time": {
              "HWB-HWB.GF": 10.0,
              "HWB-HWB.GS.1": 10.0,
              "replacement-collapse": 0.0
            }
          }
        }
      }
    },
    "Roadway": {
      "3015": {
        "GeneralInformation": {},
        "Demand": {
          "PGA-1-1": 103.01814229052864,
          "PGD-1-1": 13.071709891881563,
          "PGD-1-3": 0.8107184905197027,
          "SA_0.3-1-1": 182.6054688009027,
          "SA_1.0-1-1": 144.11318611493692
        },
        "Damage": {
          "HRD.GF.2-1": 2,
          "collapse-0": 0
        },
        "Loss": {
          "Repair": {
            "Cost": {
              "HRD-HRD.GF.2": 0.75,
              "replacement-collapse": 0.0
            },
            "Time": {
              "HRD-HRD.GF.2": 9.0,
              "replacement-collapse": 0.0
            }
          }
        }
      },
      "3016": {
        "GeneralInformation": {},
        "Demand": {
          "PGA-1-1": 103.01814229052864,
          "PGD-1-1": 13.071709891881563,
          "PGD-1-3": 0.8107184905197027,
          "SA_0.3-1-1": 182.6054688009027,
          "SA_1.0-1-1": 144.11318611493692
        },
        "Damage": {
          "HRD.GF.2-1": 2,
          "collapse-0": 0
        },
        "Loss": {
          "Repair": {
            "Cost": {
              "HRD-HRD.GF.2": 0.75,
              "replacement-collapse": 0.0
            },
            "Time": {
              "HRD-HRD.GF.2": 9.0,
              "replacement-collapse": 0.0
            }
          }
        }
      },
      "3017": {
        "GeneralInformation": {},
        "Demand": {
          "PGA-1-1": 103.01814229052864,
          "PGD-1-1": 13.071709891881563,
          "PGD-1-3": 0.8107184905197027,
          "SA_0.3-1-1": 182.6054688009027,
          "SA_1.0-1-1": 144.11318611493692
        },
        "Damage": {
          "HRD.GF.2-1": 2,
          "collapse-0": 0
        },
        "Loss": {
          "Repair": {
            "Cost": {
              "HRD-HRD.GF.2": 0.75,
              "replacement-collapse": 0.0
            },
            "Time": {
              "HRD-HRD.GF.2": 9.0,
              "replacement-collapse": 0.0
            }
          }
        }
      },
      "3020": {
        "GeneralInformation": {},
        "Demand": {
          "PGA-1-1": 144.91459995280343,
          "PGD-1-1": 0.15630938118981796,
          "PGD-1-3": 2.578899919431548,
          "SA_0.3-1-1": 253.23147603314783,
          "SA_1.0-1-1": 92.99451566730258
        },
        "Damage": {
          "HRD.GF.2-1": 0,
          "collapse-0": 0
        },
        "Loss": {
          "Repair": {
            "Cost": {
              "HRD-HRD.GF.2": 0.0,
              "replacement-collapse": 0.0
            },
            "Time": {
              "HRD-HRD.GF.2": 0.0,
              "replacement-collapse": 0.0
            }
          }
        }
      },
      "3021": {
        "GeneralInformation": {},
        "Demand": {
          "PGA-1-1": 144.91459995280343,
          "PGD-1-1": 2.578899919431548,
          "PGD-1-3": 0.15630938118981796,
          "SA_0.3-1-1": 253.23147603314783,
          "SA_1.0-1-1": 92.99451566730258
        },
        "Damage": {
          "HRD.GF.2-1": 0,
          "collapse-0": 0
        },
        "Loss": {
          "Repair": {
            "Cost": {
              "HRD-HRD.GF.2": 0.0,
              "replacement-collapse": 0.0
            },
            "Time": {
              "HRD-HRD.GF.2": 0.0,
              "replacement-collapse": 0.0
            }
          }
        }
      },
      "3022": {
        "GeneralInformation": {},
        "Demand": {
          "PGA-1-1": 97.5132816885292,
          "PGD-1-1": 0.0923087697726237,
          "PGD-1-3": 1.5473460537783619,
          "SA_0.3-1-1": 0.4694457900308051,
          "SA_1.0-1-1": 60.296403247931686
        },
        "Damage": {
          "HRD.GF.2-1": 0,
          "collapse-0": 0
        },
        "Loss": {
          "Repair": {
            "Cost": {
              "HRD-HRD.GF.2": 0.0,
              "replacement-collapse": 0.0
            },
            "Time": {
              "HRD-HRD.GF.2": 0.0,
              "replacement-collapse": 0.0
            }
          }
        }
      },
      "3023": {
        "GeneralInformation": {},
        "Demand": {
          "PGA-1-1": 131.37999232910462,
          "PGD-1-1": 3.497869321109664,
          "PGD-1-3": 0.2135309886345176,
          "SA_0.3-1-1": 193.6855057589216,
          "SA_1.0-1-1": 93.63816954108167
        },
        "Damage": {
          "HRD.GF.2-1": 1,
          "collapse-0": 0
        },
        "Loss": {
          "Repair": {
            "Cost": {
              "HRD-HRD.GF.2": 0.1,
              "replacement-collapse": 0.0
            },
            "Time": {
              "HRD-HRD.GF.2": 2.0,
              "replacement-collapse": 0.0
            }
          }
        }
      },
      "3024": {
        "GeneralInformation": {},
        "Demand": {
          "PGA-1-1": 131.37999232910462,
          "PGD-1-1": 3.497869321109664,
          "PGD-1-3": 0.2135309886345176,
          "SA_0.3-1-1": 193.6855057589216,
          "SA_1.0-1-1": 93.63816954108167
        },
        "Damage": {
          "HRD.GF.2-1": 0,
          "collapse-0": 0
        },
        "Loss": {
          "Repair": {
            "Cost": {
              "HRD-HRD.GF.2": 0.0,
              "replacement-collapse": 0.0
            },
            "Time": {
              "HRD-HRD.GF.2": 0.0,
              "replacement-collapse": 0.0
            }
          }
        }
      },
      "3025": {
        "GeneralInformation": {},
        "Demand": {
          "PGA-1-1": 131.37999232910462,
          "PGD-1-1": 3.497869321109664,
          "PGD-1-3": 0.2135309886345176,
          "SA_0.3-1-1": 193.6855057589216,
          "SA_1.0-1-1": 93.63816954108167
        },
        "Damage": {
          "HRD.GF.2-1": 0,
          "collapse-0": 0
        },