{
  "Buildings": {
    "1": {
      "GeneralInformation": {},
      "Demand": {
        "PGA-1-1": 220.77014632028667,
        "PGD-1-1": 4.296770124269276,
        "PGD-1-3": 74.07333339579566,
        "SA_0.3-1-1": 0.8549596267049488,
        "SA_1.0-1-1": 142.83231878128296
      },
      "Damage": {
        "GF.H.S-1": 0,
        "GF.V.S-1": 1,
        "LF.W1.MC-1": 4,
        "collapse-0": 0
      },
      "Loss": {
        "Repair": {
          "Cost": {
            "LF.IND2-LF.W1.MC": 100.0,
            "replacement-collapse": 0.0
          },
          "Time": {
            "LF.IND2-LF.W1.MC": 240.0,
            "replacement-collapse": 0.0
          }
        }
      }
    },
    "2": {
      "GeneralInformation": {},
      "Demand": {
        "PGA-1-1": 220.77014632028667,
        "PGD-1-1": 4.296770124269276,
        "PGD-1-3": 74.07333339579566,
        "SA_0.3-1-1": 0.8549596267049488,
        "SA_1.0-1-1": 142.83231878128296
      },
      "Damage": {
        "GF.H.S-1": 1,
        "GF.V.S-1": 1,
        "LF.W1.MC-1": 3,
        "collapse-0": 0
      },
      "Loss": {
        "Repair": {
          "Cost": {
            "LF.IND2-LF.W1.MC": 35.5,
            "replacement-collapse": 0.0
          },
          "Time": {
            "LF.IND2-LF.W1.MC": 120.0,
            "replacement-collapse": 0.0
          }
        }
      }
    }
  },
  "TransportationNetwork": {
    "Bridge": {
      "0": {
        "GeneralInformation": {},
        "Demand": {
          "PGA-1-1": 245.2650026603683,
          "PGD-1-1": 99.27691426485272,
          "PGD-1-3": 6.295699775502902,
          "SA_0.3-1-1": 428.1375958232695,
          "SA_1.0-1-1": 151.5320884523532
        },
        "Damage": {
          "HWB.GF-1": 2,
          "HWB.GS.1-1": 0,
          "collapse-0": 0
        },
        "Loss": {
          "Repair": {
            "Cost": {
              "HWB-HWB.GF": 0.7,
              "HWB-HWB.GS.1": 0.0,
              "replacement-collapse": 0.0
            },
            "Time": {
              "HWB-HWB.GF": 10.0,
              "HWB-HWB.GS.1": 0.0,
              "replacement-collapse": 0.0
            }
          }
        }
      }
    },
    "Roadway": {
      "3015": {
        "GeneralInformation": {},
        "Demand": {
          "PGA-1-1": 167.50063251957295,
          "PGD-1-1": 24.564411128861995,
          "PGD-1-3": 1.297376847864547,
          "SA_0.3-1-1": 329.9984550878445,
          "SA_1.0-1-1": 91.1338985465189
        },
        "Damage": {
          "HRD.GF.2-1": 3,
          "collapse-0": 0
        },
        "Loss": {
          "Repair": {
            "Cost": {
              "HRD-HRD.GF.2": 0.9,
              "replacement-collapse": 0.0
            },
            "Time": {
              "HRD-HRD.GF.2": 70.0,
              "replacement-collapse": 0.0
            }
          }
        }
      },
      "3016": {
        "GeneralInformation": {},
        "Demand": {
          "PGA-1-1": 227.28569491774184,
          "PGD-1-1": 8.063079559812488,
          "PGD-1-3": 0.4310185971055134,
          "SA_0.3-1-1": 444.9433105500586,
          "SA_1.0-1-1": 119.16490579599525
        },
        "Damage": {
          "HRD.GF.2-1": 1,
          "collapse-0": 0
        },
        "Loss": {
          "Repair": {
            "Cost": {
              "HRD-HRD.GF.2": 0.1,
              "replacement-collapse": 0.0
            },
            "Time": {
              "HRD-HRD.GF.2": 2.0,
              "replacement-collapse": 0.0
            }
          }
        }
      },
      "3017": {
        "GeneralInformation": {},
        "Demand": {
          "PGA-1-1": 167.50063251957295,
          "PGD-1-1": 24.564411128861995,
          "PGD-1-3": 1.297376847864547,
          "SA_0.3-1-1": 329.9984550878445,
          "SA_1.0-1-1": 91.1338985465189
        },
        "Damage": {
          "HRD.GF.2-1": 3,
          "collapse-0": 0
        },
        "Loss": {
          "Repair": {
            "Cost": {
              "HRD-HRD.GF.2": 0.9,
              "replacement-collapse": 0.0
            },
            "Time": {
              "HRD-HRD.GF.2": 70.0,
              "replacement-collapse": 0.0
            }
          }
        }
      },
      "3020": {
        "GeneralInformation": {},
        "Demand": {
          "PGA-1-1": 233.56946645738427,
          "PGD-1-1": 0.35017159871059306,
          "PGD-1-3": 6.516169885281717,
          "SA_0.3-1-1": 458.3722952345394,
          "SA_1.0-1-1": 129.9699987885809
        },
        "Damage": {
          "HRD.GF.2-1": 1,
          "collapse-0": 0
        },
        "Loss": {
          "Repair": {
            "Cost": {
              "HRD-HRD.GF.2": 0.1,
              "replacement-collapse": 0.0
            },
            "Time": {
              "HRD-HRD.GF.2": 2.0,
              "replacement-collapse": 0.0
            }
          }
        }
      },
      "3021": {
        "GeneralInformation": {},
        "Demand": {
          "PGA-1-1": 227.28569491774184,
          "PGD-1-1": 8.063079559812488,
          "PGD-1-3": 0.4310185971055134,
          "SA_0.3-1-1": 444.9433105500586,
          "SA_1.0-1-1": 119.16490579599525
        },
        "Damage": {
          "HRD.GF.2-1": 2,
          "collapse-0": 0
        },
        "Loss": {
          "Repair": {
            "Cost": {
              "HRD-HRD.GF.2": 0.75,
              "replacement-collapse": 0.0
            },
            "Time": {
              "HRD-HRD.GF.2": 9.0,
              "replacement-collapse": 0.0
            }
          }
        }
      },
      "3022": {
        "GeneralInformation": {},
        "Demand": {
          "PGA-1-1": 227.28569491774184,
          "PGD-1-1": 8.063079559812488,
          "PGD-1-3": 0.4310185971055134,
          "SA_0.3-1-1": 444.9433105500586,
          "SA_1.0-1-1": 119.16490579599525
        },
        "Damage": {
          "HRD.GF.2-1": 1,
          "collapse-0": 0
        },
        "Loss": {
          "Repair": {
            "Cost": {
              "HRD-HRD.GF.2": 0.1,
              "replacement-collapse": 0.0
            },
            "Time": {
              "HRD-HRD.GF.2": 2.0,
              "replacement-collapse": 0.0
            }
          }
        }
      },
      "3023": {
        "GeneralInformation": {},
        "Demand": {
          "PGA-1-1": 227.28569491774184,
          "PGD-1-1": 8.063079559812488,
          "PGD-1-3": 0.4310185971055134,
          "SA_0.3-1-1": 444.9433105500586,
          "SA_1.0-1-1": 119.16490579599525
        },
        "Damage": {
          "HRD.GF.2-1": 0,
          "collapse-0": 0
        },
        "Loss": {
          "Repair": {
            "Cost": {
              "HRD-HRD.GF.2": 0.0,
              "replacement-collapse": 0.0
            },
            "Time": {
              "HRD-HRD.GF.2": 0.0,
              "replacement-collapse": 0.0
            }
          }
        }
      },
      "3024": {
        "GeneralInformation": {},
        "Demand": {
          "PGA-1-1": 233.56946645738427,
          "PGD-1-1": 6.516169885281717,
          "PGD-1-3": 0.35017159871059306,
          "SA_0.3-1-1": 458.3722952345394,
          "SA_1.0-1-1": 129.9699987885809
        },
        "Damage": {
          "HRD.GF.2-1": 1,
          "collapse-0": 0
        },
        "Loss": {
          "Repair": {
            "Cost": {
              "HRD-HRD.GF.2": 0.1,
              "replacement-collapse": 0.0
            },
            "Time": {
              "HRD-HRD.GF.2": 2.0,
              "replacement-collapse": 0.0
            }
          }
        }
      },
      "3025": {
        "GeneralInformation": {},
        "Demand": {
          "PGA-1-1": 227.28569491774184,
          "PGD-1-1": 8.063079559812488,
          "PGD-1-3": 0.4310185971055134,
          "SA_0.3-1-1": 444.9433105500586,
          "SA_1.0-1-1": 119.16490579599525
        },
        "Damage": {
          "HRD.GF.2-1": 3,
          "collapse-0": 0
        },