{
  "Buildings": {
    "1": {
      "GeneralInformation": {},
      "Demand": {
        "PGA-1-1": 222.18247796506353,
        "PGD-1-1": 4.313269780569651,
        "PGD-1-3": 75.34362601286918,
        "SA_0.3-1-1": 2.71949018558218,
        "SA_1.0-1-1": 299.50719781483707
      },
      "Damage": {
        "GF.H.S-1": 0,
        "GF.V.S-1": 1,
        "LF.W1.MC-1": 2,
        "collapse-0": 0
      },
      "Loss": {
        "Repair": {
          "Cost": {
            "LF.IND2-LF.W1.MC": 10.0,
            "replacement-collapse": 0.0
          },
          "Time": {
            "LF.IND2-LF.W1.MC": 30.0,
            "replacement-collapse": 0.0
          }
        }
      }
    },
    "2": {
      "GeneralInformation": {},
      "Demand": {
        "PGA-1-1": 222.18247796506353,
        "PGD-1-1": 4.313269780569651,
        "PGD-1-3": 75.34362601286918,
        "SA_0.3-1-1": 2.71949018558218,
        "SA_1.0-1-1": 299.50719781483707
      },
      "Damage": {
        "GF.H.S-1": 0,
        "GF.V.S-1": 1,
        "LF.W1.MC-1": 2,
        "collapse-0": 0
      },
      "Loss": {
        "Repair": {
          "Cost": {
            "LF.IND2-LF.W1.MC": 10.0,
            "replacement-collapse": 0.0
          },
          "Time": {
            "LF.IND2-LF.W1.MC": 30.0,
            "replacement-collapse": 0.0
          }
        }
      }
    }
  },
  "TransportationNetwork": {
    "Bridge": {
      "0": {
        "GeneralInformation": {},
        "Demand": {
          "PGA-1-1": 214.0967981626755,
          "PGD-1-1": 97.57924458198872,
          "PGD-1-3": 6.183865911614522,
          "SA_0.3-1-1": 1306.3065786471675,
          "SA_1.0-1-1": 206.16793784665276
        },
        "Damage": {
          "HWB.GF-1": 2,
          "HWB.GS.1-1": 4,
          "collapse-0": 0
        },
        "Loss": {
          "Repair": {
            "Cost": {
              "HWB-HWB.GF": 0.7,
              "HWB-HWB.GS.1": 1.0,
              "replacement-collapse": 0.0
            },
            "Time": {
              "HWB-HWB.GF": 10.0,
              "HWB-HWB.GS.1": 365.0,
              "replacement-collapse": 0.0
            }
          }
        }
      }
    },
    "Roadway": {
      "3015": {
        "GeneralInformation": {},
        "Demand": {
          "PGA-1-1": 197.98291715991326,
          "PGD-1-1": 15.817998665663179,
          "PGD-1-3": 0.9136225515055953,
          "SA_0.3-1-1": 1302.4013264462626,
          "SA_1.0-1-1": 260.623359924031
        },
        "Damage": {
          "HRD.GF.2-1": 2,
          "collapse-0": 0
        },
        "Loss": {
          "Repair": {
            "Cost": {
              "HRD-HRD.GF.2": 0.75,
              "replacement-collapse": 0.0
            },
            "Time": {
              "HRD-HRD.GF.2": 9.0,
              "replacement-collapse": 0.0
            }
          }
        }
      },
      "3016": {
        "GeneralInformation": {},
        "Demand": {
          "PGA-1-1": 197.98291715991326,
          "PGD-1-1": 15.817998665663179,
          "PGD-1-3": 0.9136225515055953,
          "SA_0.3-1-1": 1302.4013264462626,
          "SA_1.0-1-1": 260.623359924031
        },
        "Damage": {
          "HRD.GF.2-1": 1,
          "collapse-0": 0
        },
        "Loss": {
          "Repair": {
            "Cost": {
              "HRD-HRD.GF.2": 0.1,
              "replacement-collapse": 0.0
            },
            "Time": {
              "HRD-HRD.GF.2": 2.0,
              "replacement-collapse": 0.0
            }
          }
        }
      },
      "3017": {
        "GeneralInformation": {},
        "Demand": {
          "PGA-1-1": 220.16168016114267,
          "PGD-1-1": 18.831326043119336,
          "PGD-1-3": 1.0929134876681403,
          "SA_0.3-1-1": 1151.159388898203,
          "SA_1.0-1-1": 308.80951952528693
        },
        "Damage": {
          "HRD.GF.2-1": 2,
          "collapse-0": 0
        },
        "Loss": {
          "Repair": {
            "Cost": {
              "HRD-HRD.GF.2": 0.75,
              "replacement-collapse": 0.0
            },
            "Time": {
              "HRD-HRD.GF.2": 9.0,
              "replacement-collapse": 0.0
            }
          }
        }
      },
      "3020": {
        "GeneralInformation": {},
        "Demand": {
          "PGA-1-1": 229.10793769622293,
          "PGD-1-1": 0.2648811885873695,
          "PGD-1-3": 4.854894327114156,
          "SA_0.3-1-1": 939.084912057112,
          "SA_1.0-1-1": 248.962541448304
        },
        "Damage": {
          "HRD.GF.2-1": 1,
          "collapse-0": 0
        },
        "Loss": {
          "Repair": {
            "Cost": {
              "HRD-HRD.GF.2": 0.1,
              "replacement-collapse": 0.0
            },
            "Time": {
              "HRD-HRD.GF.2": 2.0,
              "replacement-collapse": 0.0
            }
          }
        }
      },
      "3021": {
        "GeneralInformation": {},
        "Demand": {
          "PGA-1-1": 229.10793769622293,
          "PGD-1-1": 4.854894327114156,
          "PGD-1-3": 0.2648811885873695,
          "SA_0.3-1-1": 939.084912057112,
          "SA_1.0-1-1": 248.962541448304
        },
        "Damage": {
          "HRD.GF.2-1": 1,
          "collapse-0": 0
        },
        "Loss": {
          "Repair": {
            "Cost": {
              "HRD-HRD.GF.2": 0.1,
              "replacement-collapse": 0.0
            },
            "Time": {
              "HRD-HRD.GF.2": 2.0,
              "replacement-collapse": 0.0
            }
          }
        }
      },
      "3022": {
        "GeneralInformation": {},
        "Demand": {
          "PGA-1-1": 239.89650465858287,
          "PGD-1-1": 6.916535466217479,
          "PGD-1-3": 0.3868735367462344,
          "SA_0.3-1-1": 1158.4238834049931,
          "SA_1.0-1-1": 300.83259172819487
        },
        "Damage": {
          "HRD.GF.2-1": 2,
          "collapse-0": 0
        },
        "Loss": {
          "Repair": {
            "Cost": {
              "HRD-HRD.GF.2": 0.75,
              "replacement-collapse": 0.0
            },
            "Time": {
              "HRD-HRD.GF.2": 9.0,
              "replacement-collapse": 0.0
            }
          }
        }
      },
      "3023": {
        "GeneralInformation": {},
        "Demand": {
          "PGA-1-1": 239.89650465858287,
          "PGD-1-1": 6.916535466217479,
          "PGD-1-3": 0.3868735367462344,
          "SA_0.3-1-1": 1158.4238834049931,
          "SA_1.0-1-1": 300.83259172819487
        },
        "Damage": {
          "HRD.GF.2-1": 1,
          "collapse-0": 0
        },
        "Loss": {
          "Repair": {
            "Cost": {
              "HRD-HRD.GF.2": 0.1,
              "replacement-collapse": 0.0
            },
            "Time": {
              "HRD-HRD.GF.2": 2.0,
              "replacement-collapse": 0.0
            }
          }
        }
      },
      "3024": {
        "GeneralInformation": {},
        "Demand": {
          "PGA-1-1": 239.89650465858287,
          "PGD-1-1": 6.916535466217479,
          "PGD-1-3": 0.3868735367462344,
          "SA_0.3-1-1": 1158.4238834049931,
          "SA_1.0-1-1": 300.83259172819487
        },
        "Damage": {
          "HRD.GF.2-1": 2,
          "collapse-0": 0
        },
        "Loss": {
          "Repair": {
            "Cost": {
              "HRD-HRD.GF.2": 0.75,
              "replacement-collapse": 0.0
            },
            "Time": {
              "HRD-HRD.GF.2": 9.0,
              "replacement-collapse": 0.0
            }
          }
        }
      },
      "3025": {
        "GeneralInformation": {},
        "Demand": {
          "PGA-1-1": 239.89650465858287,
          "PGD-1-1": 6.916535466217479,
          "PGD-1-3": 0.3868735367462344,
          "SA_0.3-1-1": 1158.4238834049931,
          "SA_1.0-1-1": 300.83259172819487
        },
        "Damage": {
          "HRD.GF.2-1": 1,
          "collapse-0": 0
        },