{
  "Buildings": {
    "1": {
      "GeneralInformation": {},
      "Demand": {
        "PGA-1-1": 110.15306695210096,
        "PGD-1-1": 34.853933493686185,
        "PGD-1-3": 2.3834325634220472,
        "SA_0.3-1-1": 268.5892720376326,
        "SA_1.0-1-1": 91.13640319976464
      },
      "Damage": {
        "GF.H.S-1": 1,
        "GF.V.S-1": 0,
        "LF.W1.MC-1": 2,
        "collapse-0": 0
      },
      "Loss": {
        "Repair": {
          "Cost": {
            "LF.IND2-LF.W1.MC": 10.0,
            "replacement-collapse": 0.0
          },
          "Time": {
            "LF.IND2-LF.W1.MC": 30.0,
            "replacement-collapse": 0.0
          }
        }
      }
    },
    "2": {
      "GeneralInformation": {},
      "Demand": {
        "PGA-1-1": 106.72543259369976,
        "PGD-1-1": 2.387315652078215,
        "PGD-1-3": 35.640499567893514,
        "SA_0.3-1-1": 0.6655555673763635,
        "SA_1.0-1-1": 100.577291117415
      },
      "Damage": {
        "GF.H.S-1": 0,
        "GF.V.S-1": 1,
        "LF.W1.MC-1": 0,
        "collapse-0": 0
      },
      "Loss": {
        "Repair": {
          "Cost": {
            "LF.IND2-LF.W1.MC": 0.0,
            "replacement-collapse": 0.0
          },
          "Time": {
            "LF.IND2-LF.W1.MC": 0.0,
            "replacement-collapse": 0.0
          }
        }
      }
    }
  },
  "TransportationNetwork": {
    "Bridge": {
      "0": {
        "GeneralInformation": {},
        "Demand": {
          "PGA-1-1": 120.71240684684815,
          "PGD-1-1": 59.90797417296865,
          "PGD-1-3": 4.23772755998271,
          "SA_0.3-1-1": 287.74101009878274,
          "SA_1.0-1-1": 84.40776904285678
        },
        "Damage": {
          "HWB.GF-1": 2,
          "HWB.GS.1-1": 3,
          "collapse-0": 0
        },
        "Loss": {
          "Repair": {
            "Cost": {
              "HWB-HWB.GF": 0.7,
              "HWB-HWB.GS.1": 0.98,
              "replacement-collapse": 0.0
            },
            "Time": {
              "HWB-HWB.GF": 10.0,
              "HWB-HWB.GS.1": 200.0,
              "replacement-collapse": 0.0
            }
          }
        }
      }
    },
    "Roadway": {
      "3015": {
        "GeneralInformation": {},
        "Demand": {
          "PGA-1-1": 103.75831141612775,
          "PGD-1-1": 4.032113821273085,
          "PGD-1-3": 0.24500834987689918,
          "SA_0.3-1-1": 235.55803627432056,
          "SA_1.0-1-1": 74.84223586967033
        },
        "Damage": {
          "HRD.GF.2-1": 1,
          "collapse-0": 0
        },
        "Loss": {
          "Repair": {
            "Cost": {
              "HRD-HRD.GF.2": 0.1,
              "replacement-collapse": 0.0
            },
            "Time": {
              "HRD-HRD.GF.2": 2.0,
              "replacement-collapse": 0.0
            }
          }
        }
      },
      "3016": {
        "GeneralInformation": {},
        "Demand": {
          "PGA-1-1": 103.75831141612775,
          "PGD-1-1": 4.032113821273085,
          "PGD-1-3": 0.24500834987689918,
          "SA_0.3-1-1": 235.55803627432056,
          "SA_1.0-1-1": 74.84223586967033
        },
        "Damage": {
          "HRD.GF.2-1": 0,
          "collapse-0": 0
        },
        "Loss": {
          "Repair": {
            "Cost": {
              "HRD-HRD.GF.2": 0.0,
              "replacement-collapse": 0.0
            },
            "Time": {
              "HRD-HRD.GF.2": 0.0,
              "replacement-collapse": 0.0
            }
          }
        }
      },
      "3017": {
        "GeneralInformation": {},
        "Demand": {
          "PGA-1-1": 101.45378951323856,
          "PGD-1-1": 11.999170335303425,
          "PGD-1-3": 0.7567627827320762,
          "SA_0.3-1-1": 226.18874517748108,
          "SA_1.0-1-1": 54.845618838996714
        },
        "Damage": {
          "HRD.GF.2-1": 2,
          "collapse-0": 0
        },
        "Loss": {
          "Repair": {
            "Cost": {
              "HRD-HRD.GF.2": 0.75,
              "replacement-collapse": 0.0
            },
            "Time": {
              "HRD-HRD.GF.2": 9.0,
              "replacement-collapse": 0.0
            }
          }
        }
      },
      "3020": {
        "GeneralInformation": {},
        "Demand": {
          "PGA-1-1": 103.75831141612775,
          "PGD-1-1": 0.24500834987689918,
          "PGD-1-3": 4.032113821273085,
          "SA_0.3-1-1": 235.55803627432056,
          "SA_1.0-1-1": 74.84223586967033
        },
        "Damage": {
          "HRD.GF.2-1": 0,
          "collapse-0": 0
        },
        "Loss": {
          "Repair": {
            "Cost": {
              "HRD-HRD.GF.2": 0.0,
              "replacement-collapse": 0.0
            },
            "Time": {
              "HRD-HRD.GF.2": 0.0,
              "replacement-collapse": 0.0
            }
          }
        }
      },
      "3021": {
        "GeneralInformation": {},
        "Demand": {
          "PGA-1-1": 100.51091748523623,
          "PGD-1-1": 2.6057396149615983,
          "PGD-1-3": 0.15362840052450852,
          "SA_0.3-1-1": 229.02314295491183,
          "SA_1.0-1-1": 90.30524457574178
        },
        "Damage": {
          "HRD.GF.2-1": 0,
          "collapse-0": 0
        },
        "Loss": {
          "Repair": {
            "Cost": {
              "HRD-HRD.GF.2": 0.0,
              "replacement-collapse": 0.0
            },
            "Time": {
              "HRD-HRD.GF.2": 0.0,
              "replacement-collapse": 0.0
            }
          }
        }
      },
      "3022": {
        "GeneralInformation": {},
        "Demand": {
          "PGA-1-1": 128.42332931555478,
          "PGD-1-1": 0.14165459451397877,
          "PGD-1-3": 2.4174808152237275,
          "SA_0.3-1-1": 0.6693173111007116,
          "SA_1.0-1-1": 74.38482757126073
        },
        "Damage": {
          "HRD.GF.2-1": 0,
          "collapse-0": 0
        },
        "Loss": {
          "Repair": {
            "Cost": {
              "HRD-HRD.GF.2": 0.0,
              "replacement-collapse": 0.0
            },
            "Time": {
              "HRD-HRD.GF.2": 0.0,
              "replacement-collapse": 0.0
            }
          }
        }
      },
      "3023": {
        "GeneralInformation": {},
        "Demand": {
          "PGA-1-1": 128.42332931555478,
          "PGD-1-1": 0.14165459451397877,
          "PGD-1-3": 2.4174808152237275,
          "SA_0.3-1-1": 0.6693173111007116,
          "SA_1.0-1-1": 74.38482757126073
        },
        "Damage": {
          "HRD.GF.2-1": 0,
          "collapse-0": 0
        },
        "Loss": {
          "Repair": {
            "Cost": {
              "HRD-HRD.GF.2": 0.0,
              "replacement-collapse": 0.0
            },
            "Time": {
              "HRD-HRD.GF.2": 0.0,
              "replacement-collapse": 0.0
            }
          }
        }
      },
      "3024": {
        "GeneralInformation": {},
        "Demand": {
          "PGA-1-1": 128.42332931555478,
          "PGD-1-1": 0.14165459451397877,
          "PGD-1-3": 2.4174808152237275,
          "SA_0.3-1-1": 0.6693173111007116,
          "SA_1.0-1-1": 74.38482757126073
        },
        "Damage": {
          "HRD.GF.2-1": 0,
          "collapse-0": 0
        },
        "Loss": {
          "Repair": {
            "Cost": {
              "HRD-HRD.GF.2": 0.0,
              "replacement-collapse": 0.0
            },
            "Time": {
              "HRD-HRD.GF.2": 0.0,
              "replacement-collapse": 0.0
            }
          }
        }
      },
      "3025": {
        "GeneralInformation": {},
        "Demand": {
          "PGA-1-1": 103.75831141612775,
          "PGD-1-1": 4.032113821273085,
          "PGD-1-3": 0.24500834987689918,
          "SA_0.3-1-1": 235.55803627432056,
          "SA_1.0-1-1": 74.84223586967033
        },
        "Damage": {
          "HRD.GF.2-1": 0,
          "collapse-0": 0
        },