{
  "Buildings": {
    "1": {
      "GeneralInformation": {},
      "Demand": {
        "PGA-1-1": 100.22598519895799,
        "PGD-1-1": 2.1804214159957795,
        "PGD-1-3": 31.688913869018645,
        "SA_0.3-1-1": 0.3279038882414472,
        "SA_1.0-1-1": 112.94754269530344
      },
      "Damage": {
        "GF.H.S-1": 1,
        "GF.V.S-1": 2,
        "LF.W1.MC-1": 1,
        "collapse-0": 0
      },
      "Loss": {
        "Repair": {
          "Cost": {
            "LF.IND2-LF.W1.MC": 2.0,
            "replacement-collapse": 0.0
          },
          "Time": {
            "LF.IND2-LF.W1.MC": 10.0,
            "replacement-collapse": 0.0
          }
        }
      }
    },
    "2": {
      "GeneralInformation": {},
      "Demand": {
        "PGA-1-1": 100.22598519895799,
        "PGD-1-1": 2.1804214159957795,
        "PGD-1-3": 31.688913869018645,
        "SA_0.3-1-1": 0.3279038882414472,
        "SA_1.0-1-1": 112.94754269530344
      },
      "Damage": {
        "GF.H.S-1": 2,
        "GF.V.S-1": 0,
        "LF.W1.MC-1": 1,
        "collapse-0": 0
      },
      "Loss": {
        "Repair": {
          "Cost": {
            "LF.IND2-LF.W1.MC": 2.0,
            "replacement-collapse": 0.0
          },
          "Time": {
            "LF.IND2-LF.W1.MC": 10.0,
            "replacement-collapse": 0.0
          }
        }
      }
    }
  },
  "TransportationNetwork": {
    "Bridge": {
      "0": {
        "GeneralInformation": {},
        "Demand": {
          "PGA-1-1": 81.23205999676799,
          "PGD-1-1": 51.7635827395873,
          "PGD-1-3": 3.853012780190807,
          "SA_0.3-1-1": 82.60751583027036,
          "SA_1.0-1-1": 75.45688449631959
        },
        "Damage": {
          "HWB.GF-1": 2,
          "HWB.GS.1-1": 0,
          "collapse-0": 0
        },
        "Loss": {
          "Repair": {
            "Cost": {
              "HWB-HWB.GF": 0.7,
              "HWB-HWB.GS.1": 0.0,
              "replacement-collapse": 0.0
            },
            "Time": {
              "HWB-HWB.GF": 10.0,
              "HWB-HWB.GS.1": 0.0,
              "replacement-collapse": 0.0
            }
          }
        }
      }
    },
    "Roadway": {
      "3015": {
        "GeneralInformation": {},
        "Demand": {
          "PGA-1-1": 108.67194301376873,
          "PGD-1-1": 13.372827761300853,
          "PGD-1-3": 0.8264960188091978,
          "SA_0.3-1-1": 116.30007374289757,
          "SA_1.0-1-1": 105.6227562003704
        },
        "Damage": {
          "HRD.GF.2-1": 3,
          "collapse-0": 0
        },
        "Loss": {
          "Repair": {
            "Cost": {
              "HRD-HRD.GF.2": 0.9,
              "replacement-collapse": 0.0
            },
            "Time": {
              "HRD-HRD.GF.2": 70.0,
              "replacement-collapse": 0.0
            }
          }
        }
      },
      "3016": {
        "GeneralInformation": {},
        "Demand": {
          "PGA-1-1": 90.72163253805762,
          "PGD-1-1": 0.0826023830977906,
          "PGD-1-3": 1.3956038189270705,
          "SA_0.3-1-1": 0.22008006660514556,
          "SA_1.0-1-1": 89.64770110678165
        },
        "Damage": {
          "HRD.GF.2-1": 0,
          "collapse-0": 0
        },
        "Loss": {
          "Repair": {
            "Cost": {
              "HRD-HRD.GF.2": 0.0,
              "replacement-collapse": 0.0
            },
            "Time": {
              "HRD-HRD.GF.2": 0.0,
              "replacement-collapse": 0.0
            }
          }
        }
      },
      "3017": {
        "GeneralInformation": {},
        "Demand": {
          "PGA-1-1": 108.67194301376873,
          "PGD-1-1": 13.372827761300853,
          "PGD-1-3": 0.8264960188091978,
          "SA_0.3-1-1": 116.30007374289757,
          "SA_1.0-1-1": 105.6227562003704
        },
        "Damage": {
          "HRD.GF.2-1": 0,
          "collapse-0": 0
        },
        "Loss": {
          "Repair": {
            "Cost": {
              "HRD-HRD.GF.2": 0.0,
              "replacement-collapse": 0.0
            },
            "Time": {
              "HRD-HRD.GF.2": 0.0,
              "replacement-collapse": 0.0
            }
          }
        }
      },
      "3020": {
        "GeneralInformation": {},
        "Demand": {
          "PGA-1-1": 96.27949646794384,
          "PGD-1-1": 0.2095661004704271,
          "PGD-1-3": 3.455155327693056,
          "SA_0.3-1-1": 92.49711442429079,
          "SA_1.0-1-1": 75.52689092257131
        },
        "Damage": {
          "HRD.GF.2-1": 0,
          "collapse-0": 0
        },
        "Loss": {
          "Repair": {
            "Cost": {
              "HRD-HRD.GF.2": 0.0,
              "replacement-collapse": 0.0
            },
            "Time": {
              "HRD-HRD.GF.2": 0.0,
              "replacement-collapse": 0.0
            }
          }
        }
      },
      "3021": {
        "GeneralInformation": {},
        "Demand": {
          "PGA-1-1": 90.72163253805762,
          "PGD-1-1": 0.0826023830977906,
          "PGD-1-3": 1.3956038189270705,
          "SA_0.3-1-1": 0.22008006660514556,
          "SA_1.0-1-1": 89.64770110678165
        },
        "Damage": {
          "HRD.GF.2-1": 0,
          "collapse-0": 0
        },
        "Loss": {
          "Repair": {
            "Cost": {
              "HRD-HRD.GF.2": 0.0,
              "replacement-collapse": 0.0
            },
            "Time": {
              "HRD-HRD.GF.2": 0.0,
              "replacement-collapse": 0.0
            }
          }
        }
      },
      "3022": {
        "GeneralInformation": {},
        "Demand": {
          "PGA-1-1": 90.72163253805762,
          "PGD-1-1": 0.0826023830977906,
          "PGD-1-3": 1.3956038189270705,
          "SA_0.3-1-1": 0.22008006660514556,
          "SA_1.0-1-1": 89.64770110678165
        },
        "Damage": {
          "HRD.GF.2-1": 0,
          "collapse-0": 0
        },
        "Loss": {
          "Repair": {
            "Cost": {
              "HRD-HRD.GF.2": 0.0,
              "replacement-collapse": 0.0
            },
            "Time": {
              "HRD-HRD.GF.2": 0.0,
              "replacement-collapse": 0.0
            }
          }
        }
      },
      "3023": {
        "GeneralInformation": {},
        "Demand": {
          "PGA-1-1": 90.72163253805762,
          "PGD-1-1": 0.0826023830977906,
          "PGD-1-3": 1.3956038189270705,
          "SA_0.3-1-1": 0.22008006660514556,
          "SA_1.0-1-1": 89.64770110678165
        },
        "Damage": {
          "HRD.GF.2-1": 0,
          "collapse-0": 0
        },
        "Loss": {
          "Repair": {
            "Cost": {
              "HRD-HRD.GF.2": 0.0,
              "replacement-collapse": 0.0
            },
            "Time": {
              "HRD-HRD.GF.2": 0.0,
              "replacement-collapse": 0.0
            }
          }
        }
      },
      "3024": {
        "GeneralInformation": {},
        "Demand": {
          "PGA-1-1": 96.27949646794384,
          "PGD-1-1": 3.455155327693056,
          "PGD-1-3": 0.2095661004704271,
          "SA_0.3-1-1": 92.49711442429079,
          "SA_1.0-1-1": 75.52689092257131
        },
        "Damage": {
          "HRD.GF.2-1": 1,
          "collapse-0": 0
        },
        "Loss": {
          "Repair": {
            "Cost": {
              "HRD-HRD.GF.2": 0.1,
              "replacement-collapse": 0.0
            },
            "Time": {
              "HRD-HRD.GF.2": 2.0,
              "replacement-collapse": 0.0
            }
          }
        }
      },
      "3025": {
        "GeneralInformation": {},
        "Demand": {
          "PGA-1-1": 90.72163253805762,
          "PGD-1-1": 0.0826023830977906,
          "PGD-1-3": 1.3956038189270705,
          "SA_0.3-1-1": 0.22008006660514556,
          "SA_1.0-1-1": 89.64770110678165
        },
        "Damage": {
          "HRD.GF.2-1": 0,
          "collapse-0": 0
        },