{
  "Buildings": {
    "1": {
      "GeneralInformation": {},
      "Demand": {
        "PGA-1-1": 68.95133795095377,
        "PGD-1-1": 13.8221277442787,
        "PGD-1-3": 1.1909822857302204,
        "SA_0.3-1-1": 206.93765787677717,
        "SA_1.0-1-1": 135.67988161777885
      },
      "Damage": {
        "GF.H.S-1": 0,
        "GF.V.S-1": 1,
        "LF.W1.MC-1": 0,
        "collapse-0": 0
      },
      "Loss": {
        "Repair": {
          "Cost": {
            "LF.IND2-LF.W1.MC": 0.0,
            "replacement-collapse": 0.0
          },
          "Time": {
            "LF.IND2-LF.W1.MC": 0.0,
            "replacement-collapse": 0.0
          }
        }
      }
    },
    "2": {
      "GeneralInformation": {},
      "Demand": {
        "PGA-1-1": 53.78642658832588,
        "PGD-1-1": 11.257641390465784,
        "PGD-1-3": 0.9425941497490715,
        "SA_0.3-1-1": 214.5427869663672,
        "SA_1.0-1-1": 99.76780979449816
      },
      "Damage": {
        "GF.H.S-1": 0,
        "GF.V.S-1": 0,
        "LF.W1.MC-1": 0,
        "collapse-0": 0
      },
      "Loss": {
        "Repair": {
          "Cost": {
            "LF.IND2-LF.W1.MC": 0.0,
            "replacement-collapse": 0.0
          },
          "Time": {
            "LF.IND2-LF.W1.MC": 0.0,
            "replacement-collapse": 0.0
          }
        }
      }
    }
  },
  "TransportationNetwork": {
    "Bridge": {
      "0": {
        "GeneralInformation": {},
        "Demand": {
          "PGA-1-1": 63.051241506725525,
          "PGD-1-1": 19.500953795767387,
          "PGD-1-3": 1.93491217424322,
          "SA_0.3-1-1": 217.41447343668577,
          "SA_1.0-1-1": 121.6140740965164
        },
        "Damage": {
          "HWB.GF-1": 2,
          "HWB.GS.1-1": 2,
          "collapse-0": 0
        },
        "Loss": {
          "Repair": {
            "Cost": {
              "HWB-HWB.GF": 0.7,
              "HWB-HWB.GS.1": 0.7,
              "replacement-collapse": 0.0
            },
            "Time": {
              "HWB-HWB.GF": 10.0,
              "HWB-HWB.GS.1": 10.0,
              "replacement-collapse": 0.0
            }
          }
        }
      }
    },
    "Roadway": {
      "3015": {
        "GeneralInformation": {},
        "Demand": {
          "PGA-1-1": 69.97775065023004,
          "PGD-1-1": 0.040144769234792106,
          "PGD-1-3": 0.5397766747274648,
          "SA_0.3-1-1": 0.5478240864302547,
          "SA_1.0-1-1": 107.79029455493405
        },
        "Damage": {
          "HRD.GF.2-1": 0,
          "collapse-0": 0
        },
        "Loss": {
          "Repair": {
            "Cost": {
              "HRD-HRD.GF.2": 0.0,
              "replacement-collapse": 0.0
            },
            "Time": {
              "HRD-HRD.GF.2": 0.0,
              "replacement-collapse": 0.0
            }
          }
        }
      },
      "3016": {
        "GeneralInformation": {},
        "Demand": {
          "PGA-1-1": 69.97775065023004,
          "PGD-1-1": 0.040144769234792106,
          "PGD-1-3": 0.5397766747274648,
          "SA_0.3-1-1": 0.5478240864302547,
          "SA_1.0-1-1": 107.79029455493405
        },
        "Damage": {
          "HRD.GF.2-1": 0,
          "collapse-0": 0
        },
        "Loss": {
          "Repair": {
            "Cost": {
              "HRD-HRD.GF.2": 0.0,
              "replacement-collapse": 0.0
            },
            "Time": {
              "HRD-HRD.GF.2": 0.0,
              "replacement-collapse": 0.0
            }
          }
        }
      },
      "3017": {
        "GeneralInformation": {},
        "Demand": {
          "PGA-1-1": 77.38415820346154,
          "PGD-1-1": 0.8318640564854989,
          "PGD-1-3": 12.277550190143756,
          "SA_0.3-1-1": 0.5774018840092475,
          "SA_1.0-1-1": 90.45890096915267
        },
        "Damage": {
          "HRD.GF.2-1": 0,
          "collapse-0": 0
        },
        "Loss": {
          "Repair": {
            "Cost": {
              "HRD-HRD.GF.2": 0.0,
              "replacement-collapse": 0.0
            },
            "Time": {
              "HRD-HRD.GF.2": 0.0,
              "replacement-collapse": 0.0
            }
          }
        }
      },
      "3020": {
        "GeneralInformation": {},
        "Demand": {
          "PGA-1-1": 68.95133795095377,
          "PGD-1-1": 0.04918560038320194,
          "PGD-1-3": 0.6762864604617926,
          "SA_0.3-1-1": 206.93765787677717,
          "SA_1.0-1-1": 135.67988161777885
        },
        "Damage": {
          "HRD.GF.2-1": 0,
          "collapse-0": 0
        },
        "Loss": {
          "Repair": {
            "Cost": {
              "HRD-HRD.GF.2": 0.0,
              "replacement-collapse": 0.0
            },
            "Time": {
              "HRD-HRD.GF.2": 0.0,
              "replacement-collapse": 0.0
            }
          }
        }
      },
      "3021": {
        "GeneralInformation": {},
        "Demand": {
          "PGA-1-1": 68.95133795095377,
          "PGD-1-1": 0.6762864604617926,
          "PGD-1-3": 0.04918560038320194,
          "SA_0.3-1-1": 206.93765787677717,
          "SA_1.0-1-1": 135.67988161777885
        },
        "Damage": {
          "HRD.GF.2-1": 0,
          "collapse-0": 0
        },
        "Loss": {
          "Repair": {
            "Cost": {
              "HRD-HRD.GF.2": 0.0,
              "replacement-collapse": 0.0
            },
            "Time": {
              "HRD-HRD.GF.2": 0.0,
              "replacement-collapse": 0.0
            }
          }
        }
      },
      "3022": {
        "GeneralInformation": {},
        "Demand": {
          "PGA-1-1": 85.10429798696252,
          "PGD-1-1": 1.694992253173805,
          "PGD-1-3": 0.11805180287895665,
          "SA_0.3-1-1": 266.47024873073593,
          "SA_1.0-1-1": 110.0208405618436
        },
        "Damage": {
          "HRD.GF.2-1": 0,
          "collapse-0": 0
        },
        "Loss": {
          "Repair": {
            "Cost": {
              "HRD-HRD.GF.2": 0.0,
              "replacement-collapse": 0.0
            },
            "Time": {
              "HRD-HRD.GF.2": 0.0,
              "replacement-collapse": 0.0
            }
          }
        }
      },
      "3023": {
        "GeneralInformation": {},
        "Demand": {
          "PGA-1-1": 85.10429798696252,
          "PGD-1-1": 1.694992253173805,
          "PGD-1-3": 0.11805180287895665,
          "SA_0.3-1-1": 266.47024873073593,
          "SA_1.0-1-1": 110.0208405618436
        },
        "Damage": {
          "HRD.GF.2-1": 0,
          "collapse-0": 0
        },
        "Loss": {
          "Repair": {
            "Cost": {
              "HRD-HRD.GF.2": 0.0,
              "replacement-collapse": 0.0
            },
            "Time": {
              "HRD-HRD.GF.2": 0.0,
              "replacement-collapse": 0.0
            }
          }
        }
      },
      "3024": {
        "GeneralInformation": {},
        "Demand": {
          "PGA-1-1": 75.54145366836897,
          "PGD-1-1": 1.1514815930729034,
          "PGD-1-3": 0.08120496752526521,
          "SA_0.3-1-1": 226.5989183375712,
          "SA_1.0-1-1": 114.76922961497358
        },
        "Damage": {
          "HRD.GF.2-1": 1,
          "collapse-0": 0
        },
        "Loss": {
          "Repair": {
            "Cost": {
              "HRD-HRD.GF.2": 0.1,
              "replacement-collapse": 0.0
            },
            "Time": {
              "HRD-HRD.GF.2": 2.0,
              "replacement-collapse": 0.0
            }
          }
        }
      },
      "3025": {
        "GeneralInformation": {},
        "Demand": {
          "PGA-1-1": 85.10429798696252,
          "PGD-1-1": 1.694992253173805,
          "PGD-1-3": 0.11805180287895665,
          "SA_0.3-1-1": 266.47024873073593,
          "SA_1.0-1-1": 110.0208405618436
        },
        "Damage": {
          "HRD.GF.2-1": 0,
          "collapse-0": 0
        },