{
  "Buildings": {
    "1": {
      "GeneralInformation": {},
      "Demand": {
        "PGA-1-1": 141.1348500129529,
        "PGD-1-1": 36.089562904650194,
        "PGD-1-3": 2.4471790785467,
        "SA_0.3-1-1": 308.2020883841848,
        "SA_1.0-1-1": 452.2248490936177
      },
      "Damage": {
        "GF.H.S-1": 1,
        "GF.V.S-1": 1,
        "LF.W1.MC-1": 0,
        "collapse-0": 0
      },
      "Loss": {
        "Repair": {
          "Cost": {
            "LF.IND2-LF.W1.MC": 0.0,
            "replacement-collapse": 0.0
          },
          "Time": {
            "LF.IND2-LF.W1.MC": 0.0,
            "replacement-collapse": 0.0
          }
        }
      }
    },
    "2": {
      "GeneralInformation": {},
      "Demand": {
        "PGA-1-1": 107.47542983510884,
        "PGD-1-1": 2.4035030664141215,
        "PGD-1-3": 36.02155178559875,
        "SA_0.3-1-1": 0.6945059049334139,
        "SA_1.0-1-1": 339.7491150545836
      },
      "Damage": {
        "GF.H.S-1": 0,
        "GF.V.S-1": 1,
        "LF.W1.MC-1": 0,
        "collapse-0": 0
      },
      "Loss": {
        "Repair": {
          "Cost": {
            "LF.IND2-LF.W1.MC": 0.0,
            "replacement-collapse": 0.0
          },
          "Time": {
            "LF.IND2-LF.W1.MC": 0.0,
            "replacement-collapse": 0.0
          }
        }
      }
    }
  },
  "TransportationNetwork": {
    "Bridge": {
      "0": {
        "GeneralInformation": {},
        "Demand": {
          "PGA-1-1": 162.55696176088495,
          "PGD-1-1": 70.98469343461404,
          "PGD-1-3": 4.81873679492726,
          "SA_0.3-1-1": 401.85711668036544,
          "SA_1.0-1-1": 460.40986851073535
        },
        "Damage": {
          "HWB.GF-1": 2,
          "HWB.GS.1-1": 4,
          "collapse-0": 0
        },
        "Loss": {
          "Repair": {
            "Cost": {
              "HWB-HWB.GF": 0.7,
              "HWB-HWB.GS.1": 1.0,
              "replacement-collapse": 0.0
            },
            "Time": {
              "HWB-HWB.GF": 10.0,
              "HWB-HWB.GS.1": 365.0,
              "replacement-collapse": 0.0
            }
          }
        }
      }
    },
    "Roadway": {
      "3015": {
        "GeneralInformation": {},
        "Demand": {
          "PGA-1-1": 140.576672928268,
          "PGD-1-1": 17.234634533576752,
          "PGD-1-3": 1.0166743842837382,
          "SA_0.3-1-1": 305.83264181412665,
          "SA_1.0-1-1": 385.3029755519573
        },
        "Damage": {
          "HRD.GF.2-1": 2,
          "collapse-0": 0
        },
        "Loss": {
          "Repair": {
            "Cost": {
              "HRD-HRD.GF.2": 0.75,
              "replacement-collapse": 0.0
            },
            "Time": {
              "HRD-HRD.GF.2": 9.0,
              "replacement-collapse": 0.0
            }
          }
        }
      },
      "3016": {
        "GeneralInformation": {},
        "Demand": {
          "PGA-1-1": 140.576672928268,
          "PGD-1-1": 17.234634533576752,
          "PGD-1-3": 1.0166743842837382,
          "SA_0.3-1-1": 305.83264181412665,
          "SA_1.0-1-1": 385.3029755519573
        },
        "Damage": {
          "HRD.GF.2-1": 1,
          "collapse-0": 0
        },
        "Loss": {
          "Repair": {
            "Cost": {
              "HRD-HRD.GF.2": 0.1,
              "replacement-collapse": 0.0
            },
            "Time": {
              "HRD-HRD.GF.2": 2.0,
              "replacement-collapse": 0.0
            }
          }
        }
      },
      "3017": {
        "GeneralInformation": {},
        "Demand": {
          "PGA-1-1": 140.576672928268,
          "PGD-1-1": 17.234634533576752,
          "PGD-1-3": 1.0166743842837382,
          "SA_0.3-1-1": 305.83264181412665,
          "SA_1.0-1-1": 385.3029755519573
        },
        "Damage": {
          "HRD.GF.2-1": 2,
          "collapse-0": 0
        },
        "Loss": {
          "Repair": {
            "Cost": {
              "HRD-HRD.GF.2": 0.75,
              "replacement-collapse": 0.0
            },
            "Time": {
              "HRD-HRD.GF.2": 9.0,
              "replacement-collapse": 0.0
            }
          }
        }
      },
      "3020": {
        "GeneralInformation": {},
        "Demand": {
          "PGA-1-1": 142.48208725167856,
          "PGD-1-1": 0.25838514760985715,
          "PGD-1-3": 4.609484276527616,
          "SA_0.3-1-1": 310.9145168082555,
          "SA_1.0-1-1": 401.0098863101444
        },
        "Damage": {
          "HRD.GF.2-1": 1,
          "collapse-0": 0
        },
        "Loss": {
          "Repair": {
            "Cost": {
              "HRD-HRD.GF.2": 0.1,
              "replacement-collapse": 0.0
            },
            "Time": {
              "HRD-HRD.GF.2": 2.0,
              "replacement-collapse": 0.0
            }
          }
        }
      },
      "3021": {
        "GeneralInformation": {},
        "Demand": {
          "PGA-1-1": 159.0074714579581,
          "PGD-1-1": 0.18794579076688678,
          "PGD-1-3": 3.432610586062842,
          "SA_0.3-1-1": 0.9222738110636616,
          "SA_1.0-1-1": 393.28466550743747
        },
        "Damage": {
          "HRD.GF.2-1": 0,
          "collapse-0": 0
        },
        "Loss": {
          "Repair": {
            "Cost": {
              "HRD-HRD.GF.2": 0.0,
              "replacement-collapse": 0.0
            },
            "Time": {
              "HRD-HRD.GF.2": 0.0,
              "replacement-collapse": 0.0
            }
          }
        }
      },
      "3022": {
        "GeneralInformation": {},
        "Demand": {
          "PGA-1-1": 142.48208725167856,
          "PGD-1-1": 4.609484276527616,
          "PGD-1-3": 0.25838514760985715,
          "SA_0.3-1-1": 310.9145168082555,
          "SA_1.0-1-1": 401.0098863101444
        },
        "Damage": {
          "HRD.GF.2-1": 1,
          "collapse-0": 0
        },
        "Loss": {
          "Repair": {
            "Cost": {
              "HRD-HRD.GF.2": 0.1,
              "replacement-collapse": 0.0
            },
            "Time": {
              "HRD-HRD.GF.2": 2.0,
              "replacement-collapse": 0.0
            }
          }
        }
      },
      "3023": {
        "GeneralInformation": {},
        "Demand": {
          "PGA-1-1": 182.05557640360323,
          "PGD-1-1": 5.695005811979425,
          "PGD-1-3": 0.32349880785779433,
          "SA_0.3-1-1": 428.2741212128517,
          "SA_1.0-1-1": 395.70880015885814
        },
        "Damage": {
          "HRD.GF.2-1": 1,
          "collapse-0": 0
        },
        "Loss": {
          "Repair": {
            "Cost": {
              "HRD-HRD.GF.2": 0.1,
              "replacement-collapse": 0.0
            },
            "Time": {
              "HRD-HRD.GF.2": 2.0,
              "replacement-collapse": 0.0
            }
          }
        }
      },
      "3024": {
        "GeneralInformation": {},
        "Demand": {
          "PGA-1-1": 140.576672928268,
          "PGD-1-1": 17.234634533576752,
          "PGD-1-3": 1.0166743842837382,
          "SA_0.3-1-1": 305.83264181412665,
          "SA_1.0-1-1": 385.3029755519573
        },
        "Damage": {
          "HRD.GF.2-1": 2,
          "collapse-0": 0
        },
        "Loss": {
          "Repair": {
            "Cost": {
              "HRD-HRD.GF.2": 0.75,
              "replacement-collapse": 0.0
            },
            "Time": {
              "HRD-HRD.GF.2": 9.0,
              "replacement-collapse": 0.0
            }
          }
        }
      },
      "3025": {
        "GeneralInformation": {},
        "Demand": {
          "PGA-1-1": 142.48208725167856,
          "PGD-1-1": 4.609484276527616,
          "PGD-1-3": 0.25838514760985715,
          "SA_0.3-1-1": 310.9145168082555,
          "SA_1.0-1-1": 401.0098863101444
        },
        "Damage": {
          "HRD.GF.2-1": 1,
          "collapse-0": 0
        },