{
  "Buildings": {
    "1": {
      "GeneralInformation": {},
      "Demand": {
        "PGA-1-1": 162.2637449666047,
        "PGD-1-1": 3.513494580991928,
        "PGD-1-3": 58.83965612350871,
        "SA_0.3-1-1": 1.0468614359770918,
        "SA_1.0-1-1": 362.3288263346413
      },
      "Damage": {
        "GF.H.S-1": 1,
        "GF.V.S-1": 1,
        "LF.W1.MC-1": 1,
        "collapse-0": 0
      },
      "Loss": {
        "Repair": {
          "Cost": {
            "LF.IND2-LF.W1.MC": 2.0,
            "replacement-collapse": 0.0
          },
          "Time": {
            "LF.IND2-LF.W1.MC": 10.0,
            "replacement-collapse": 0.0
          }
        }
      }
    },
    "2": {
      "GeneralInformation": {},
      "Demand": {
        "PGA-1-1": 162.2637449666047,
        "PGD-1-1": 3.513494580991928,
        "PGD-1-3": 58.83965612350871,
        "SA_0.3-1-1": 1.0468614359770918,
        "SA_1.0-1-1": 362.3288263346413
      },
      "Damage": {
        "GF.H.S-1": 0,
        "GF.V.S-1": 2,
        "LF.W1.MC-1": 1,
        "collapse-0": 0
      },
      "Loss": {
        "Repair": {
          "Cost": {
            "LF.IND2-LF.W1.MC": 2.0,
            "replacement-collapse": 0.0
          },
          "Time": {
            "LF.IND2-LF.W1.MC": 10.0,
            "replacement-collapse": 0.0
          }
        }
      }
    }
  },
  "TransportationNetwork": {
    "Bridge": {
      "0": {
        "GeneralInformation": {},
        "Demand": {
          "PGA-1-1": 136.2607718597206,
          "PGD-1-1": 6.109532914164477,
          "PGD-1-3": 90.18790207243363,
          "SA_0.3-1-1": 0.8141603080073144,
          "SA_1.0-1-1": 248.94673087561117
        },
        "Damage": {
          "HWB.GF-1": 2,
          "HWB.GS.1-1": 2,
          "collapse-0": 0
        },
        "Loss": {
          "Repair": {
            "Cost": {
              "HWB-HWB.GF": 0.7,
              "HWB-HWB.GS.1": 0.7,
              "replacement-collapse": 0.0
            },
            "Time": {
              "HWB-HWB.GF": 10.0,
              "HWB-HWB.GS.1": 10.0,
              "replacement-collapse": 0.0
            }
          }
        }
      }
    },
    "Roadway": {
      "3015": {
        "GeneralInformation": {},
        "Demand": {
          "PGA-1-1": 127.47108719876208,
          "PGD-1-1": 13.522852824790284,
          "PGD-1-3": 0.8343803531492189,
          "SA_0.3-1-1": 286.1459161792936,
          "SA_1.0-1-1": 194.45053355325504
        },
        "Damage": {
          "HRD.GF.2-1": 2,
          "collapse-0": 0
        },
        "Loss": {
          "Repair": {
            "Cost": {
              "HRD-HRD.GF.2": 0.75,
              "replacement-collapse": 0.0
            },
            "Time": {
              "HRD-HRD.GF.2": 9.0,
              "replacement-collapse": 0.0
            }
          }
        }
      },
      "3016": {
        "GeneralInformation": {},
        "Demand": {
          "PGA-1-1": 127.47108719876208,
          "PGD-1-1": 13.522852824790284,
          "PGD-1-3": 0.8343803531492189,
          "SA_0.3-1-1": 286.1459161792936,
          "SA_1.0-1-1": 194.45053355325504
        },
        "Damage": {
          "HRD.GF.2-1": 3,
          "collapse-0": 0
        },
        "Loss": {
          "Repair": {
            "Cost": {
              "HRD-HRD.GF.2": 0.9,
              "replacement-collapse": 0.0
            },
            "Time": {
              "HRD-HRD.GF.2": 70.0,
              "replacement-collapse": 0.0
            }
          }
        }
      },
      "3017": {
        "GeneralInformation": {},
        "Demand": {
          "PGA-1-1": 127.47108719876208,
          "PGD-1-1": 13.522852824790284,
          "PGD-1-3": 0.8343803531492189,
          "SA_0.3-1-1": 286.1459161792936,
          "SA_1.0-1-1": 194.45053355325504
        },
        "Damage": {
          "HRD.GF.2-1": 3,
          "collapse-0": 0
        },
        "Loss": {
          "Repair": {
            "Cost": {
              "HRD-HRD.GF.2": 0.9,
              "replacement-collapse": 0.0
            },
            "Time": {
              "HRD-HRD.GF.2": 70.0,
              "replacement-collapse": 0.0
            }
          }
        }
      },
      "3020": {
        "GeneralInformation": {},
        "Demand": {
          "PGA-1-1": 146.9832934223282,
          "PGD-1-1": 0.25795216760600304,
          "PGD-1-3": 4.307638568214942,
          "SA_0.3-1-1": 336.37299470149145,
          "SA_1.0-1-1": 211.316663254594
        },
        "Damage": {
          "HRD.GF.2-1": 0,
          "collapse-0": 0
        },
        "Loss": {
          "Repair": {
            "Cost": {
              "HRD-HRD.GF.2": 0.0,
              "replacement-collapse": 0.0
            },
            "Time": {
              "HRD-HRD.GF.2": 0.0,
              "replacement-collapse": 0.0
            }
          }
        }
      },
      "3021": {
        "GeneralInformation": {},
        "Demand": {
          "PGA-1-1": 148.64058229101292,
          "PGD-1-1": 2.714625528702172,
          "PGD-1-3": 0.15839910954780187,
          "SA_0.3-1-1": 357.69263024706834,
          "SA_1.0-1-1": 211.32378278457657
        },
        "Damage": {
          "HRD.GF.2-1": 0,
          "collapse-0": 0
        },
        "Loss": {
          "Repair": {
            "Cost": {
              "HRD-HRD.GF.2": 0.0,
              "replacement-collapse": 0.0
            },
            "Time": {
              "HRD-HRD.GF.2": 0.0,
              "replacement-collapse": 0.0
            }
          }
        }
      },
      "3022": {
        "GeneralInformation": {},
        "Demand": {
          "PGA-1-1": 132.01567482136736,
          "PGD-1-1": 0.14662862515925543,
          "PGD-1-3": 2.526897342000458,
          "SA_0.3-1-1": 0.8162418617297571,
          "SA_1.0-1-1": 196.58733042405677
        },
        "Damage": {
          "HRD.GF.2-1": 1,
          "collapse-0": 0
        },
        "Loss": {
          "Repair": {
            "Cost": {
              "HRD-HRD.GF.2": 0.1,
              "replacement-collapse": 0.0
            },
            "Time": {
              "HRD-HRD.GF.2": 2.0,
              "replacement-collapse": 0.0
            }
          }
        }
      },
      "3023": {
        "GeneralInformation": {},
        "Demand": {
          "PGA-1-1": 134.96776482567907,
          "PGD-1-1": 3.44335599333111,
          "PGD-1-3": 0.2039615576210713,
          "SA_0.3-1-1": 347.36848651707305,
          "SA_1.0-1-1": 151.63859275035395
        },
        "Damage": {
          "HRD.GF.2-1": 0,
          "collapse-0": 0
        },
        "Loss": {
          "Repair": {
            "Cost": {
              "HRD-HRD.GF.2": 0.0,
              "replacement-collapse": 0.0
            },
            "Time": {
              "HRD-HRD.GF.2": 0.0,
              "replacement-collapse": 0.0
            }
          }
        }
      },
      "3024": {
        "GeneralInformation": {},
        "Demand": {
          "PGA-1-1": 134.96776482567907,
          "PGD-1-1": 3.44335599333111,
          "PGD-1-3": 0.2039615576210713,
          "SA_0.3-1-1": 347.36848651707305,
          "SA_1.0-1-1": 151.63859275035395
        },
        "Damage": {
          "HRD.GF.2-1": 0,
          "collapse-0": 0
        },
        "Loss": {
          "Repair": {
            "Cost": {
              "HRD-HRD.GF.2": 0.0,
              "replacement-collapse": 0.0
            },
            "Time": {
              "HRD-HRD.GF.2": 0.0,
              "replacement-collapse": 0.0
            }
          }
        }
      },
      "3025": {
        "GeneralInformation": {},
        "Demand": {
          "PGA-1-1": 132.01567482136736,
          "PGD-1-1": 0.14662862515925543,
          "PGD-1-3": 2.526897342000458,
          "SA_0.3-1-1": 0.8162418617297571,
          "SA_1.0-1-1": 196.58733042405677
        },
        "Damage": {
          "HRD.GF.2-1": 1,
          "collapse-0": 0
        },