{
  "Buildings": {
    "1": {
      "GeneralInformation": {},
      "Demand": {
        "PGA-1-1": 110.40380951813681,
        "PGD-1-1": 2.461140627495912,
        "PGD-1-3": 37.501631923031006,
        "SA_0.3-1-1": 0.7631060067119286,
        "SA_1.0-1-1": 145.4964014865757
      },
      "Damage": {
        "GF.H.S-1": 1,
        "GF.V.S-1": 0,
        "LF.W1.MC-1": 0,
        "collapse-0": 0
      },
      "Loss": {
        "Repair": {
          "Cost": {
            "LF.IND2-LF.W1.MC": 0.0,
            "replacement-collapse": 0.0
          },
          "Time": {
            "LF.IND2-LF.W1.MC": 0.0,
            "replacement-collapse": 0.0
          }
        }
      }
    },
    "2": {
      "GeneralInformation": {},
      "Demand": {
        "PGA-1-1": 110.40380951813681,
        "PGD-1-1": 2.461140627495912,
        "PGD-1-3": 37.501631923031006,
        "SA_0.3-1-1": 0.7631060067119286,
        "SA_1.0-1-1": 145.4964014865757
      },
      "Damage": {
        "GF.H.S-1": 0,
        "GF.V.S-1": 1,
        "LF.W1.MC-1": 0,
        "collapse-0": 0
      },
      "Loss": {
        "Repair": {
          "Cost": {
            "LF.IND2-LF.W1.MC": 0.0,
            "replacement-collapse": 0.0
          },
          "Time": {
            "LF.IND2-LF.W1.MC": 0.0,
            "replacement-collapse": 0.0
          }
        }
      }
    }
  },
  "TransportationNetwork": {
    "Bridge": {
      "0": {
        "GeneralInformation": {},
        "Demand": {
          "PGA-1-1": 124.51293361102044,
          "PGD-1-1": 62.64538030099687,
          "PGD-1-3": 4.353168030540974,
          "SA_0.3-1-1": 339.7250538094432,
          "SA_1.0-1-1": 115.80149968820045
        },
        "Damage": {
          "HWB.GF-1": 2,
          "HWB.GS.1-1": 0,
          "collapse-0": 0
        },
        "Loss": {
          "Repair": {
            "Cost": {
              "HWB-HWB.GF": 0.7,
              "HWB-HWB.GS.1": 0.0,
              "replacement-collapse": 0.0
            },
            "Time": {
              "HWB-HWB.GF": 10.0,
              "HWB-HWB.GS.1": 0.0,
              "replacement-collapse": 0.0
            }
          }
        }
      }
    },
    "Roadway": {
      "3015": {
        "GeneralInformation": {},
        "Demand": {
          "PGA-1-1": 105.91582296621648,
          "PGD-1-1": 5.281174312351667,
          "PGD-1-3": 0.30359594764055253,
          "SA_0.3-1-1": 216.86361845665397,
          "SA_1.0-1-1": 131.27298534694305
        },
        "Damage": {
          "HRD.GF.2-1": 2,
          "collapse-0": 0
        },
        "Loss": {
          "Repair": {
            "Cost": {
              "HRD-HRD.GF.2": 0.75,
              "replacement-collapse": 0.0
            },
            "Time": {
              "HRD-HRD.GF.2": 9.0,
              "replacement-collapse": 0.0
            }
          }
        }
      },
      "3016": {
        "GeneralInformation": {},
        "Demand": {
          "PGA-1-1": 120.08316930418192,
          "PGD-1-1": 13.887937698353715,
          "PGD-1-3": 0.8517870997324432,
          "SA_0.3-1-1": 320.9196155487376,
          "SA_1.0-1-1": 91.62372448164825
        },
        "Damage": {
          "HRD.GF.2-1": 1,
          "collapse-0": 0
        },
        "Loss": {
          "Repair": {
            "Cost": {
              "HRD-HRD.GF.2": 0.1,
              "replacement-collapse": 0.0
            },
            "Time": {
              "HRD-HRD.GF.2": 2.0,
              "replacement-collapse": 0.0
            }
          }
        }
      },
      "3017": {
        "GeneralInformation": {},
        "Demand": {
          "PGA-1-1": 120.08316930418192,
          "PGD-1-1": 13.887937698353715,
          "PGD-1-3": 0.8517870997324432,
          "SA_0.3-1-1": 320.9196155487376,
          "SA_1.0-1-1": 91.62372448164825
        },
        "Damage": {
          "HRD.GF.2-1": 2,
          "collapse-0": 0
        },
        "Loss": {
          "Repair": {
            "Cost": {
              "HRD-HRD.GF.2": 0.75,
              "replacement-collapse": 0.0
            },
            "Time": {
              "HRD-HRD.GF.2": 9.0,
              "replacement-collapse": 0.0
            }
          }
        }
      },
      "3020": {
        "GeneralInformation": {},
        "Demand": {
          "PGA-1-1": 105.91582296621648,
          "PGD-1-1": 0.30359594764055253,
          "PGD-1-3": 5.281174312351667,
          "SA_0.3-1-1": 216.86361845665397,
          "SA_1.0-1-1": 131.27298534694305
        },
        "Damage": {
          "HRD.GF.2-1": 1,
          "collapse-0": 0
        },
        "Loss": {
          "Repair": {
            "Cost": {
              "HRD-HRD.GF.2": 0.1,
              "replacement-collapse": 0.0
            },
            "Time": {
              "HRD-HRD.GF.2": 2.0,
              "replacement-collapse": 0.0
            }
          }
        }
      },
      "3021": {
        "GeneralInformation": {},
        "Demand": {
          "PGA-1-1": 163.1181141205084,
          "PGD-1-1": 0.1933935349355174,
          "PGD-1-3": 3.542774628905391,
          "SA_0.3-1-1": 0.9754458514212128,
          "SA_1.0-1-1": 144.55383510324697
        },
        "Damage": {
          "HRD.GF.2-1": 0,
          "collapse-0": 0
        },
        "Loss": {
          "Repair": {
            "Cost": {
              "HRD-HRD.GF.2": 0.0,
              "replacement-collapse": 0.0
            },
            "Time": {
              "HRD-HRD.GF.2": 0.0,
              "replacement-collapse": 0.0
            }
          }
        }
      },
      "3022": {
        "GeneralInformation": {},
        "Demand": {
          "PGA-1-1": 130.09932947230027,
          "PGD-1-1": 4.458528554331313,
          "PGD-1-3": 0.2513381799909429,
          "SA_0.3-1-1": 296.03610265994695,
          "SA_1.0-1-1": 158.54386445217014
        },
        "Damage": {
          "HRD.GF.2-1": 3,
          "collapse-0": 0
        },
        "Loss": {
          "Repair": {
            "Cost": {
              "HRD-HRD.GF.2": 0.9,
              "replacement-collapse": 0.0
            },
            "Time": {
              "HRD-HRD.GF.2": 70.0,
              "replacement-collapse": 0.0
            }
          }
        }
      },
      "3023": {
        "GeneralInformation": {},
        "Demand": {
          "PGA-1-1": 105.91582296621648,
          "PGD-1-1": 5.281174312351667,
          "PGD-1-3": 0.30359594764055253,
          "SA_0.3-1-1": 216.86361845665397,
          "SA_1.0-1-1": 131.27298534694305
        },
        "Damage": {
          "HRD.GF.2-1": 1,
          "collapse-0": 0
        },
        "Loss": {
          "Repair": {
            "Cost": {
              "HRD-HRD.GF.2": 0.1,
              "replacement-collapse": 0.0
            },
            "Time": {
              "HRD-HRD.GF.2": 2.0,
              "replacement-collapse": 0.0
            }
          }
        }
      },
      "3024": {
        "GeneralInformation": {},
        "Demand": {
          "PGA-1-1": 105.91582296621648,
          "PGD-1-1": 5.281174312351667,
          "PGD-1-3": 0.30359594764055253,
          "SA_0.3-1-1": 216.86361845665397,
          "SA_1.0-1-1": 131.27298534694305
        },
        "Damage": {
          "HRD.GF.2-1": 1,
          "collapse-0": 0
        },
        "Loss": {
          "Repair": {
            "Cost": {
              "HRD-HRD.GF.2": 0.1,
              "replacement-collapse": 0.0
            },
            "Time": {
              "HRD-HRD.GF.2": 2.0,
              "replacement-collapse": 0.0
            }
          }
        }
      },
      "3025": {
        "GeneralInformation": {},
        "Demand": {
          "PGA-1-1": 120.08316930418192,
          "PGD-1-1": 13.887937698353715,
          "PGD-1-3": 0.8517870997324432,
          "SA_0.3-1-1": 320.9196155487376,
          "SA_1.0-1-1": 91.62372448164825
        },
        "Damage": {
          "HRD.GF.2-1": 2,
          "collapse-0": 0
        },