{
  "Buildings": {
    "1": {
      "GeneralInformation": {},
      "Demand": {
        "PGA-1-1": 176.12919464328385,
        "PGD-1-1": 50.93138863037391,
        "PGD-1-3": 3.2995596210626768,
        "SA_0.3-1-1": 273.43583052642964,
        "SA_1.0-1-1": 98.61951904244788
      },
      "Damage": {
        "GF.H.S-1": 0,
        "GF.V.S-1": 2,
        "LF.W1.MC-1": 2,
        "collapse-0": 0
      },
      "Loss": {
        "Repair": {
          "Cost": {
            "LF.IND2-LF.W1.MC": 10.0,
            "replacement-collapse": 0.0
          },
          "Time": {
            "LF.IND2-LF.W1.MC": 30.0,
            "replacement-collapse": 0.0
          }
        }
      }
    },
    "2": {
      "GeneralInformation": {},
      "Demand": {
        "PGA-1-1": 135.36042920999205,
        "PGD-1-1": 3.0496613653425766,
        "PGD-1-3": 48.54096020112323,
        "SA_0.3-1-1": 0.7394995049860865,
        "SA_1.0-1-1": 129.07772385003483
      },
      "Damage": {
        "GF.H.S-1": 1,
        "GF.V.S-1": 1,
        "LF.W1.MC-1": 1,
        "collapse-0": 0
      },
      "Loss": {
        "Repair": {
          "Cost": {
            "LF.IND2-LF.W1.MC": 2.0,
            "replacement-collapse": 0.0
          },
          "Time": {
            "LF.IND2-LF.W1.MC": 10.0,
            "replacement-collapse": 0.0
          }
        }
      }
    }
  },
  "TransportationNetwork": {
    "Bridge": {
      "0": {
        "GeneralInformation": {},
        "Demand": {
          "PGA-1-1": 191.8215162637388,
          "PGD-1-1": 7.323336251474425,
          "PGD-1-3": 112.38710326913227,
          "SA_0.3-1-1": 0.9030264528786808,
          "SA_1.0-1-1": 90.07488377080861
        },
        "Damage": {
          "HWB.GF-1": 2,
          "HWB.GS.1-1": 0,
          "collapse-0": 0
        },
        "Loss": {
          "Repair": {
            "Cost": {
              "HWB-HWB.GF": 0.7,
              "HWB-HWB.GS.1": 0.0,
              "replacement-collapse": 0.0
            },
            "Time": {
              "HWB-HWB.GF": 10.0,
              "HWB-HWB.GS.1": 0.0,
              "replacement-collapse": 0.0
            }
          }
        }
      }
    },
    "Roadway": {
      "3015": {
        "GeneralInformation": {},
        "Demand": {
          "PGA-1-1": 212.55326594703126,
          "PGD-1-1": 0.2744515985641114,
          "PGD-1-3": 5.0487995562026535,
          "SA_0.3-1-1": 0.9317595111048845,
          "SA_1.0-1-1": 90.42418626714476
        },
        "Damage": {
          "HRD.GF.2-1": 1,
          "collapse-0": 0
        },
        "Loss": {
          "Repair": {
            "Cost": {
              "HRD-HRD.GF.2": 0.1,
              "replacement-collapse": 0.0
            },
            "Time": {
              "HRD-HRD.GF.2": 2.0,
              "replacement-collapse": 0.0
            }
          }
        }
      },
      "3016": {
        "GeneralInformation": {},
        "Demand": {
          "PGA-1-1": 156.7379852229376,
          "PGD-1-1": 6.971561895376659,
          "PGD-1-3": 0.3930511995969944,
          "SA_0.3-1-1": 321.0081670766175,
          "SA_1.0-1-1": 68.77317101376478
        },
        "Damage": {
          "HRD.GF.2-1": 1,
          "collapse-0": 0
        },
        "Loss": {
          "Repair": {
            "Cost": {
              "HRD-HRD.GF.2": 0.1,
              "replacement-collapse": 0.0
            },
            "Time": {
              "HRD-HRD.GF.2": 2.0,
              "replacement-collapse": 0.0
            }
          }
        }
      },
      "3017": {
        "GeneralInformation": {},
        "Demand": {
          "PGA-1-1": 214.5477288956356,
          "PGD-1-1": 16.81485671502066,
          "PGD-1-3": 1.001402491233239,
          "SA_0.3-1-1": 371.9619659555348,
          "SA_1.0-1-1": 113.98812693765498
        },
        "Damage": {
          "HRD.GF.2-1": 3,
          "collapse-0": 0
        },
        "Loss": {
          "Repair": {
            "Cost": {
              "HRD-HRD.GF.2": 0.9,
              "replacement-collapse": 0.0
            },
            "Time": {
              "HRD-HRD.GF.2": 70.0,
              "replacement-collapse": 0.0
            }
          }
        }
      },
      "3020": {
        "GeneralInformation": {},
        "Demand": {
          "PGA-1-1": 156.7379852229376,
          "PGD-1-1": 0.3930511995969944,
          "PGD-1-3": 6.971561895376659,
          "SA_0.3-1-1": 321.0081670766175,
          "SA_1.0-1-1": 68.77317101376478
        },
        "Damage": {
          "HRD.GF.2-1": 1,
          "collapse-0": 0
        },
        "Loss": {
          "Repair": {
            "Cost": {
              "HRD-HRD.GF.2": 0.1,
              "replacement-collapse": 0.0
            },
            "Time": {
              "HRD-HRD.GF.2": 2.0,
              "replacement-collapse": 0.0
            }
          }
        }
      },
      "3021": {
        "GeneralInformation": {},
        "Demand": {
          "PGA-1-1": 208.64074956825735,
          "PGD-1-1": 6.044763925046812,
          "PGD-1-3": 0.33586892641421384,
          "SA_0.3-1-1": 280.8074122430398,
          "SA_1.0-1-1": 101.46558270199041
        },
        "Damage": {
          "HRD.GF.2-1": 3,
          "collapse-0": 0
        },
        "Loss": {
          "Repair": {
            "Cost": {
              "HRD-HRD.GF.2": 0.9,
              "replacement-collapse": 0.0
            },
            "Time": {
              "HRD-HRD.GF.2": 70.0,
              "replacement-collapse": 0.0
            }
          }
        }
      },
      "3022": {
        "GeneralInformation": {},
        "Demand": {
          "PGA-1-1": 212.55326594703126,
          "PGD-1-1": 0.2744515985641114,
          "PGD-1-3": 5.0487995562026535,
          "SA_0.3-1-1": 0.9317595111048845,
          "SA_1.0-1-1": 90.42418626714476
        },
        "Damage": {
          "HRD.GF.2-1": 0,
          "collapse-0": 0
        },
        "Loss": {
          "Repair": {
            "Cost": {
              "HRD-HRD.GF.2": 0.0,
              "replacement-collapse": 0.0
            },
            "Time": {
              "HRD-HRD.GF.2": 0.0,
              "replacement-collapse": 0.0
            }
          }
        }
      },
      "3023": {
        "GeneralInformation": {},
        "Demand": {
          "PGA-1-1": 212.55326594703126,
          "PGD-1-1": 0.2744515985641114,
          "PGD-1-3": 5.0487995562026535,
          "SA_0.3-1-1": 0.9317595111048845,
          "SA_1.0-1-1": 90.42418626714476
        },
        "Damage": {
          "HRD.GF.2-1": 1,
          "collapse-0": 0
        },
        "Loss": {
          "Repair": {
            "Cost": {
              "HRD-HRD.GF.2": 0.1,
              "replacement-collapse": 0.0
            },
            "Time": {
              "HRD-HRD.GF.2": 2.0,
              "replacement-collapse": 0.0
            }
          }
        }
      },
      "3024": {
        "GeneralInformation": {},
        "Demand": {
          "PGA-1-1": 212.55326594703126,
          "PGD-1-1": 0.2744515985641114,
          "PGD-1-3": 5.0487995562026535,
          "SA_0.3-1-1": 0.9317595111048845,
          "SA_1.0-1-1": 90.42418626714476
        },
        "Damage": {
          "HRD.GF.2-1": 2,
          "collapse-0": 0
        },
        "Loss": {
          "Repair": {
            "Cost": {
              "HRD-HRD.GF.2": 0.75,
              "replacement-collapse": 0.0
            },
            "Time": {
              "HRD-HRD.GF.2": 9.0,
              "replacement-collapse": 0.0
            }
          }
        }
      },
      "3025": {
        "GeneralInformation": {},
        "Demand": {
          "PGA-1-1": 212.55326594703126,
          "PGD-1-1": 0.2744515985641114,
          "PGD-1-3": 5.0487995562026535,
          "SA_0.3-1-1": 0.9317595111048845,
          "SA_1.0-1-1": 90.42418626714476
        },
        "Damage": {
          "HRD.GF.2-1": 0,
          "collapse-0": 0
        },