{
  "Buildings": {
    "1": {
      "GeneralInformation": {},
      "Demand": {
        "PGA-1-1": 256.6770441919296,
        "PGD-1-1": 68.66112073454899,
        "PGD-1-3": 4.1490329930923435,
        "SA_0.3-1-1": 397.46203722855626,
        "SA_1.0-1-1": 165.58145582850784
      },
      "Damage": {
        "GF.H.S-1": 1,
        "GF.V.S-1": 1,
        "LF.W1.MC-1": 2,
        "collapse-0": 0
      },
      "Loss": {
        "Repair": {
          "Cost": {
            "LF.IND2-LF.W1.MC": 10.0,
            "replacement-collapse": 0.0
          },
          "Time": {
            "LF.IND2-LF.W1.MC": 30.0,
            "replacement-collapse": 0.0
          }
        }
      }
    },
    "2": {
      "GeneralInformation": {},
      "Demand": {
        "PGA-1-1": 208.57323483665107,
        "PGD-1-1": 4.141520344459398,
        "PGD-1-3": 71.45008551265073,
        "SA_0.3-1-1": 0.8639434518540717,
        "SA_1.0-1-1": 133.18535184561537
      },
      "Damage": {
        "GF.H.S-1": 1,
        "GF.V.S-1": 1,
        "LF.W1.MC-1": 3,
        "collapse-0": 0
      },
      "Loss": {
        "Repair": {
          "Cost": {
            "LF.IND2-LF.W1.MC": 35.5,
            "replacement-collapse": 0.0
          },
          "Time": {
            "LF.IND2-LF.W1.MC": 120.0,
            "replacement-collapse": 0.0
          }
        }
      }
    }
  },
  "TransportationNetwork": {
    "Bridge": {
      "0": {
        "GeneralInformation": {},
        "Demand": {
          "PGA-1-1": 318.75639911217326,
          "PGD-1-1": 99.64708845970608,
          "PGD-1-3": 6.312246915339832,
          "SA_0.3-1-1": 658.2355493856703,
          "SA_1.0-1-1": 140.24241591053078
        },
        "Damage": {
          "HWB.GF-1": 2,
          "HWB.GS.1-1": 1,
          "collapse-0": 0
        },
        "Loss": {
          "Repair": {
            "Cost": {
              "HWB-HWB.GF": 0.7,
              "HWB-HWB.GS.1": 0.3,
              "replacement-collapse": 0.0
            },
            "Time": {
              "HWB-HWB.GF": 10.0,
              "HWB-HWB.GS.1": 2.0,
              "replacement-collapse": 0.0
            }
          }
        }
      }
    },
    "Roadway": {
      "3015": {
        "GeneralInformation": {},
        "Demand": {
          "PGA-1-1": 266.1120844063914,
          "PGD-1-1": 24.451685176375182,
          "PGD-1-3": 1.2430070364844938,
          "SA_0.3-1-1": 417.6518588341109,
          "SA_1.0-1-1": 108.46254999424079
        },
        "Damage": {
          "HRD.GF.2-1": 3,
          "collapse-0": 0
        },
        "Loss": {
          "Repair": {
            "Cost": {
              "HRD-HRD.GF.2": 0.9,
              "replacement-collapse": 0.0
            },
            "Time": {
              "HRD-HRD.GF.2": 70.0,
              "replacement-collapse": 0.0
            }
          }
        }
      },
      "3016": {
        "GeneralInformation": {},
        "Demand": {
          "PGA-1-1": 255.86240820586477,
          "PGD-1-1": 27.33282432112913,
          "PGD-1-3": 1.4089446651641853,
          "SA_0.3-1-1": 465.43165589212873,
          "SA_1.0-1-1": 129.49488638535644
        },
        "Damage": {
          "HRD.GF.2-1": 3,
          "collapse-0": 0
        },
        "Loss": {
          "Repair": {
            "Cost": {
              "HRD-HRD.GF.2": 0.9,
              "replacement-collapse": 0.0
            },
            "Time": {
              "HRD-HRD.GF.2": 70.0,
              "replacement-collapse": 0.0
            }
          }
        }
      },
      "3017": {
        "GeneralInformation": {},
        "Demand": {
          "PGA-1-1": 255.86240820586477,
          "PGD-1-1": 27.33282432112913,
          "PGD-1-3": 1.4089446651641853,
          "SA_0.3-1-1": 465.43165589212873,
          "SA_1.0-1-1": 129.49488638535644
        },
        "Damage": {
          "HRD.GF.2-1": 3,
          "collapse-0": 0
        },
        "Loss": {
          "Repair": {
            "Cost": {
              "HRD-HRD.GF.2": 0.9,
              "replacement-collapse": 0.0
            },
            "Time": {
              "HRD-HRD.GF.2": 70.0,
              "replacement-collapse": 0.0
            }
          }
        }
      },
      "3020": {
        "GeneralInformation": {},
        "Demand": {
          "PGA-1-1": 232.29495888821043,
          "PGD-1-1": 0.8573173643473968,
          "PGD-1-3": 18.10208992477799,
          "SA_0.3-1-1": 398.02382219400897,
          "SA_1.0-1-1": 109.6814433417594
        },
        "Damage": {
          "HRD.GF.2-1": 3,
          "collapse-0": 0
        },
        "Loss": {
          "Repair": {
            "Cost": {
              "HRD-HRD.GF.2": 0.9,
              "replacement-collapse": 0.0
            },
            "Time": {
              "HRD-HRD.GF.2": 70.0,
              "replacement-collapse": 0.0
            }
          }
        }
      },
      "3021": {
        "GeneralInformation": {},
        "Demand": {
          "PGA-1-1": 256.6770441919296,
          "PGD-1-1": 16.621533102325866,
          "PGD-1-3": 0.7675997811708964,
          "SA_0.3-1-1": 397.46203722855626,
          "SA_1.0-1-1": 165.58145582850784
        },
        "Damage": {
          "HRD.GF.2-1": 3,
          "collapse-0": 0
        },
        "Loss": {
          "Repair": {
            "Cost": {
              "HRD-HRD.GF.2": 0.9,
              "replacement-collapse": 0.0
            },
            "Time": {
              "HRD-HRD.GF.2": 70.0,
              "replacement-collapse": 0.0
            }
          }
        }
      },
      "3022": {
        "GeneralInformation": {},
        "Demand": {
          "PGA-1-1": 302.27781889986767,
          "PGD-1-1": 0.7590859348453011,
          "PGD-1-3": 16.492801327121175,
          "SA_0.3-1-1": 1.3988705634285323,
          "SA_1.0-1-1": 123.26193594283447
        },
        "Damage": {
          "HRD.GF.2-1": 1,
          "collapse-0": 0
        },
        "Loss": {
          "Repair": {
            "Cost": {
              "HRD-HRD.GF.2": 0.1,
              "replacement-collapse": 0.0
            },
            "Time": {
              "HRD-HRD.GF.2": 2.0,
              "replacement-collapse": 0.0
            }
          }
        }
      },
      "3023": {
        "GeneralInformation": {},
        "Demand": {
          "PGA-1-1": 212.21322033062413,
          "PGD-1-1": 17.273293232425054,
          "PGD-1-3": 0.8074922871572316,
          "SA_0.3-1-1": 444.7363192825511,
          "SA_1.0-1-1": 128.0877280125176
        },
        "Damage": {
          "HRD.GF.2-1": 3,
          "collapse-0": 0
        },
        "Loss": {
          "Repair": {
            "Cost": {
              "HRD-HRD.GF.2": 0.9,
              "replacement-collapse": 0.0
            },
            "Time": {
              "HRD-HRD.GF.2": 70.0,
              "replacement-collapse": 0.0
            }
          }
        }
      },
      "3024": {
        "GeneralInformation": {},
        "Demand": {
          "PGA-1-1": 232.29495888821043,
          "PGD-1-1": 18.10208992477799,
          "PGD-1-3": 0.8573173643473968,
          "SA_0.3-1-1": 398.02382219400897,
          "SA_1.0-1-1": 109.6814433417594
        },
        "Damage": {
          "HRD.GF.2-1": 3,
          "collapse-0": 0
        },
        "Loss": {
          "Repair": {
            "Cost": {
              "HRD-HRD.GF.2": 0.9,
              "replacement-collapse": 0.0
            },
            "Time": {
              "HRD-HRD.GF.2": 70.0,
              "replacement-collapse": 0.0
            }
          }
        }
      },
      "3025": {
        "GeneralInformation": {},
        "Demand": {
          "PGA-1-1": 255.86240820586477,
          "PGD-1-1": 27.33282432112913,
          "PGD-1-3": 1.4089446651641853,
          "SA_0.3-1-1": 465.43165589212873,
          "SA_1.0-1-1": 129.49488638535644
        },
        "Damage": {
          "HRD.GF.2-1": 3,
          "collapse-0": 0
        },