{
  "Buildings": {
    "1": {
      "GeneralInformation": {},
      "Demand": {
        "PGA-1-1": 67.93450283978763,
        "PGD-1-1": 0.8052254920215246,
        "PGD-1-3": 9.720272330948045,
        "SA_0.3-1-1": 0.4349428559098177,
        "SA_1.0-1-1": 77.3363899571159
      },
      "Damage": {
        "GF.H.S-1": 0,
        "GF.V.S-1": 1,
        "LF.W1.MC-1": 1,
        "collapse-0": 0
      },
      "Loss": {
        "Repair": {
          "Cost": {
            "LF.IND2-LF.W1.MC": 2.0,
            "replacement-collapse": 0.0
          },
          "Time": {
            "LF.IND2-LF.W1.MC": 10.0,
            "replacement-collapse": 0.0
          }
        }
      }
    },
    "2": {
      "GeneralInformation": {},
      "Demand": {
        "PGA-1-1": 67.93450283978763,
        "PGD-1-1": 0.8052254920215246,
        "PGD-1-3": 9.720272330948045,
        "SA_0.3-1-1": 0.4349428559098177,
        "SA_1.0-1-1": 77.3363899571159
      },
      "Damage": {
        "GF.H.S-1": 0,
        "GF.V.S-1": 1,
        "LF.W1.MC-1": 0,
        "collapse-0": 0
      },
      "Loss": {
        "Repair": {
          "Cost": {
            "LF.IND2-LF.W1.MC": 0.0,
            "replacement-collapse": 0.0
          },
          "Time": {
            "LF.IND2-LF.W1.MC": 0.0,
            "replacement-collapse": 0.0
          }
        }
      }
    }
  },
  "TransportationNetwork": {
    "Bridge": {
      "0": {
        "GeneralInformation": {},
        "Demand": {
          "PGA-1-1": 106.38823991708556,
          "PGD-1-1": 33.84863227077392,
          "PGD-1-3": 2.8358942779863887,
          "SA_0.3-1-1": 307.174390431986,
          "SA_1.0-1-1": 94.19620243188272
        },
        "Damage": {
          "HWB.GF-1": 2,
          "HWB.GS.1-1": 0,
          "collapse-0": 0
        },
        "Loss": {
          "Repair": {
            "Cost": {
              "HWB-HWB.GF": 0.7,
              "HWB-HWB.GS.1": 0.0,
              "replacement-collapse": 0.0
            },
            "Time": {
              "HWB-HWB.GF": 10.0,
              "HWB-HWB.GS.1": 0.0,
              "replacement-collapse": 0.0
            }
          }
        }
      }
    },
    "Roadway": {
      "3015": {
        "GeneralInformation": {},
        "Demand": {
          "PGA-1-1": 71.70520915822486,
          "PGD-1-1": 7.918007466004414,
          "PGD-1-3": 0.534656465104983,
          "SA_0.3-1-1": 174.3968072395845,
          "SA_1.0-1-1": 63.65235496631477
        },
        "Damage": {
          "HRD.GF.2-1": 0,
          "collapse-0": 0
        },
        "Loss": {
          "Repair": {
            "Cost": {
              "HRD-HRD.GF.2": 0.0,
              "replacement-collapse": 0.0
            },
            "Time": {
              "HRD-HRD.GF.2": 0.0,
              "replacement-collapse": 0.0
            }
          }
        }
      },
      "3016": {
        "GeneralInformation": {},
        "Demand": {
          "PGA-1-1": 81.13204584903878,
          "PGD-1-1": 9.696642470426903,
          "PGD-1-3": 0.6543931399492665,
          "SA_0.3-1-1": 190.96800988990697,
          "SA_1.0-1-1": 91.71200684610899
        },
        "Damage": {
          "HRD.GF.2-1": 2,
          "collapse-0": 0
        },
        "Loss": {
          "Repair": {
            "Cost": {
              "HRD-HRD.GF.2": 0.75,
              "replacement-collapse": 0.0
            },
            "Time": {
              "HRD-HRD.GF.2": 9.0,
              "replacement-collapse": 0.0
            }
          }
        }
      },
      "3017": {
        "GeneralInformation": {},
        "Demand": {
          "PGA-1-1": 81.13204584903878,
          "PGD-1-1": 9.696642470426903,
          "PGD-1-3": 0.6543931399492665,
          "SA_0.3-1-1": 190.96800988990697,
          "SA_1.0-1-1": 91.71200684610899
        },
        "Damage": {
          "HRD.GF.2-1": 1,
          "collapse-0": 0
        },
        "Loss": {
          "Repair": {
            "Cost": {
              "HRD-HRD.GF.2": 0.1,
              "replacement-collapse": 0.0
            },
            "Time": {
              "HRD-HRD.GF.2": 2.0,
              "replacement-collapse": 0.0
            }
          }
        }
      },
      "3020": {
        "GeneralInformation": {},
        "Demand": {
          "PGA-1-1": 74.87741305044345,
          "PGD-1-1": 0.13294800692754544,
          "PGD-1-3": 1.9402738222216893,
          "SA_0.3-1-1": 217.21131663445203,
          "SA_1.0-1-1": 93.93493639200264
        },
        "Damage": {
          "HRD.GF.2-1": 0,
          "collapse-0": 0
        },
        "Loss": {
          "Repair": {
            "Cost": {
              "HRD-HRD.GF.2": 0.0,
              "replacement-collapse": 0.0
            },
            "Time": {
              "HRD-HRD.GF.2": 0.0,
              "replacement-collapse": 0.0
            }
          }
        }
      },
      "3021": {
        "GeneralInformation": {},
        "Demand": {
          "PGA-1-1": 74.87741305044345,
          "PGD-1-1": 1.9402738222216893,
          "PGD-1-3": 0.13294800692754544,
          "SA_0.3-1-1": 217.21131663445203,
          "SA_1.0-1-1": 93.93493639200264
        },
        "Damage": {
          "HRD.GF.2-1": 0,
          "collapse-0": 0
        },
        "Loss": {
          "Repair": {
            "Cost": {
              "HRD-HRD.GF.2": 0.0,
              "replacement-collapse": 0.0
            },
            "Time": {
              "HRD-HRD.GF.2": 0.0,
              "replacement-collapse": 0.0
            }
          }
        }
      },
      "3022": {
        "GeneralInformation": {},
        "Demand": {
          "PGA-1-1": 64.30477016101277,
          "PGD-1-1": 0.027731777564607627,
          "PGD-1-3": 0.3744038860337372,
          "SA_0.3-1-1": 0.38821217643780315,
          "SA_1.0-1-1": 75.64903584713376
        },
        "Damage": {
          "HRD.GF.2-1": 0,
          "collapse-0": 0
        },
        "Loss": {
          "Repair": {
            "Cost": {
              "HRD-HRD.GF.2": 0.0,
              "replacement-collapse": 0.0
            },
            "Time": {
              "HRD-HRD.GF.2": 0.0,
              "replacement-collapse": 0.0
            }
          }
        }
      },
      "3023": {
        "GeneralInformation": {},
        "Demand": {
          "PGA-1-1": 74.87741305044345,
          "PGD-1-1": 1.9402738222216893,
          "PGD-1-3": 0.13294800692754544,
          "SA_0.3-1-1": 217.21131663445203,
          "SA_1.0-1-1": 93.93493639200264
        },
        "Damage": {
          "HRD.GF.2-1": 0,
          "collapse-0": 0
        },
        "Loss": {
          "Repair": {
            "Cost": {
              "HRD-HRD.GF.2": 0.0,
              "replacement-collapse": 0.0
            },
            "Time": {
              "HRD-HRD.GF.2": 0.0,
              "replacement-collapse": 0.0
            }
          }
        }
      },
      "3024": {
        "GeneralInformation": {},
        "Demand": {
          "PGA-1-1": 56.125767253714955,
          "PGD-1-1": 1.2000041180220549,
          "PGD-1-3": 0.08319218309884159,
          "SA_0.3-1-1": 147.49114452688136,
          "SA_1.0-1-1": 76.95463136259133
        },
        "Damage": {
          "HRD.GF.2-1": 0,
          "collapse-0": 0
        },
        "Loss": {
          "Repair": {
            "Cost": {
              "HRD-HRD.GF.2": 0.0,
              "replacement-collapse": 0.0
            },
            "Time": {
              "HRD-HRD.GF.2": 0.0,
              "replacement-collapse": 0.0
            }
          }
        }
      },
      "3025": {
        "GeneralInformation": {},
        "Demand": {
          "PGA-1-1": 64.30477016101277,
          "PGD-1-1": 0.027731777564607627,
          "PGD-1-3": 0.3744038860337372,
          "SA_0.3-1-1": 0.38821217643780315,
          "SA_1.0-1-1": 75.64903584713376
        },
        "Damage": {
          "HRD.GF.2-1": 0,
          "collapse-0": 0
        },