{
  "Buildings": {
    "1": {
      "GeneralInformation": {},
      "Demand": {
        "PGA-1-1": 44.39982914723209,
        "PGD-1-1": 6.73351001257955,
        "PGD-1-3": 0.5965550896297345,
        "SA_0.3-1-1": 151.32955557019602,
        "SA_1.0-1-1": 130.0348395154476
      },
      "Damage": {
        "GF.H.S-1": 0,
        "GF.V.S-1": 0,
        "LF.W1.MC-1": 0,
        "collapse-0": 0
      },
      "Loss": {
        "Repair": {
          "Cost": {
            "LF.IND2-LF.W1.MC": 0.0,
            "replacement-collapse": 0.0
          },
          "Time": {
            "LF.IND2-LF.W1.MC": 0.0,
            "replacement-collapse": 0.0
          }
        }
      }
    },
    "2": {
      "GeneralInformation": {},
      "Demand": {
        "PGA-1-1": 52.57191391191924,
        "PGD-1-1": 0.3210920241237541,
        "PGD-1-3": 4.108234979943753,
        "SA_0.3-1-1": 0.4279539635835699,
        "SA_1.0-1-1": 125.26052623301688
      },
      "Damage": {
        "GF.H.S-1": 0,
        "GF.V.S-1": 1,
        "LF.W1.MC-1": 0,
        "collapse-0": 0
      },
      "Loss": {
        "Repair": {
          "Cost": {
            "LF.IND2-LF.W1.MC": 0.0,
            "replacement-collapse": 0.0
          },
          "Time": {
            "LF.IND2-LF.W1.MC": 0.0,
            "replacement-collapse": 0.0
          }
        }
      }
    }
  },
  "TransportationNetwork": {
    "Bridge": {
      "0": {
        "GeneralInformation": {},
        "Demand": {
          "PGA-1-1": 69.9478819644588,
          "PGD-1-1": 12.691821577736302,
          "PGD-1-3": 1.27800759423513,
          "SA_0.3-1-1": 242.1921858261377,
          "SA_1.0-1-1": 119.33360795807114
        },
        "Damage": {
          "HWB.GF-1": 1,
          "HWB.GS.1-1": 1,
          "collapse-0": 0
        },
        "Loss": {
          "Repair": {
            "Cost": {
              "HWB-HWB.GF": 0.3,
              "HWB-HWB.GS.1": 0.3,
              "replacement-collapse": 0.0
            },
            "Time": {
              "HWB-HWB.GF": 2.0,
              "HWB-HWB.GS.1": 2.0,
              "replacement-collapse": 0.0
            }
          }
        }
      }
    },
    "Roadway": {
      "3015": {
        "GeneralInformation": {},
        "Demand": {
          "PGA-1-1": 56.79086695128048,
          "PGD-1-1": 5.939152880461659,
          "PGD-1-3": 0.4035037652368855,
          "SA_0.3-1-1": 178.38038592936903,
          "SA_1.0-1-1": 109.30286949866716
        },
        "Damage": {
          "HRD.GF.2-1": 0,
          "collapse-0": 0
        },
        "Loss": {
          "Repair": {
            "Cost": {
              "HRD-HRD.GF.2": 0.0,
              "replacement-collapse": 0.0
            },
            "Time": {
              "HRD-HRD.GF.2": 0.0,
              "replacement-collapse": 0.0
            }
          }
        }
      },
      "3016": {
        "GeneralInformation": {},
        "Demand": {
          "PGA-1-1": 47.715774940398646,
          "PGD-1-1": 7.273424395783574,
          "PGD-1-3": 0.4970831293333672,
          "SA_0.3-1-1": 173.8115022809699,
          "SA_1.0-1-1": 93.91982972420962
        },
        "Damage": {
          "HRD.GF.2-1": 1,
          "collapse-0": 0
        },
        "Loss": {
          "Repair": {
            "Cost": {
              "HRD-HRD.GF.2": 0.1,
              "replacement-collapse": 0.0
            },
            "Time": {
              "HRD-HRD.GF.2": 2.0,
              "replacement-collapse": 0.0
            }
          }
        }
      },
      "3017": {
        "GeneralInformation": {},
        "Demand": {
          "PGA-1-1": 47.715774940398646,
          "PGD-1-1": 7.273424395783574,
          "PGD-1-3": 0.4970831293333672,
          "SA_0.3-1-1": 173.8115022809699,
          "SA_1.0-1-1": 93.91982972420962
        },
        "Damage": {
          "HRD.GF.2-1": 1,
          "collapse-0": 0
        },
        "Loss": {
          "Repair": {
            "Cost": {
              "HRD-HRD.GF.2": 0.1,
              "replacement-collapse": 0.0
            },
            "Time": {
              "HRD-HRD.GF.2": 2.0,
              "replacement-collapse": 0.0
            }
          }
        }
      },
      "3020": {
        "GeneralInformation": {},
        "Demand": {
          "PGA-1-1": 44.39982914723209,
          "PGD-1-1": 0.014315736607483375,
          "PGD-1-3": 0.20937262187276956,
          "SA_0.3-1-1": 151.32955557019602,
          "SA_1.0-1-1": 130.0348395154476
        },
        "Damage": {
          "HRD.GF.2-1": 0,
          "collapse-0": 0
        },
        "Loss": {
          "Repair": {
            "Cost": {
              "HRD-HRD.GF.2": 0.0,
              "replacement-collapse": 0.0
            },
            "Time": {
              "HRD-HRD.GF.2": 0.0,
              "replacement-collapse": 0.0
            }
          }
        }
      },
      "3021": {
        "GeneralInformation": {},
        "Demand": {
          "PGA-1-1": 43.481575503708406,
          "PGD-1-1": 0.004650515331493734,
          "PGD-1-3": 0.06449694658218352,
          "SA_0.3-1-1": 0.3434292218645324,
          "SA_1.0-1-1": 117.27690165825312
        },
        "Damage": {
          "HRD.GF.2-1": 0,
          "collapse-0": 0
        },
        "Loss": {
          "Repair": {
            "Cost": {
              "HRD-HRD.GF.2": 0.0,
              "replacement-collapse": 0.0
            },
            "Time": {
              "HRD-HRD.GF.2": 0.0,
              "replacement-collapse": 0.0
            }
          }
        }
      },
      "3022": {
        "GeneralInformation": {},
        "Demand": {
          "PGA-1-1": 55.35230067534414,
          "PGD-1-1": 1.2861054405937848,
          "PGD-1-3": 0.08746104157473833,
          "SA_0.3-1-1": 149.37335306163348,
          "SA_1.0-1-1": 98.67876928267378
        },
        "Damage": {
          "HRD.GF.2-1": 0,
          "collapse-0": 0
        },
        "Loss": {
          "Repair": {
            "Cost": {
              "HRD-HRD.GF.2": 0.0,
              "replacement-collapse": 0.0
            },
            "Time": {
              "HRD-HRD.GF.2": 0.0,
              "replacement-collapse": 0.0
            }
          }
        }
      },
      "3023": {
        "GeneralInformation": {},
        "Demand": {
          "PGA-1-1": 55.35230067534414,
          "PGD-1-1": 1.2861054405937848,
          "PGD-1-3": 0.08746104157473833,
          "SA_0.3-1-1": 149.37335306163348,
          "SA_1.0-1-1": 98.67876928267378
        },
        "Damage": {
          "HRD.GF.2-1": 0,
          "collapse-0": 0
        },
        "Loss": {
          "Repair": {
            "Cost": {
              "HRD-HRD.GF.2": 0.0,
              "replacement-collapse": 0.0
            },
            "Time": {
              "HRD-HRD.GF.2": 0.0,
              "replacement-collapse": 0.0
            }
          }
        }
      },
      "3024": {
        "GeneralInformation": {},
        "Demand": {
          "PGA-1-1": 43.481575503708406,
          "PGD-1-1": 0.004650515331493734,
          "PGD-1-3": 0.06449694658218352,
          "SA_0.3-1-1": 0.3434292218645324,
          "SA_1.0-1-1": 117.27690165825312
        },
        "Damage": {
          "HRD.GF.2-1": 0,
          "collapse-0": 0
        },
        "Loss": {
          "Repair": {
            "Cost": {
              "HRD-HRD.GF.2": 0.0,
              "replacement-collapse": 0.0
            },
            "Time": {
              "HRD-HRD.GF.2": 0.0,
              "replacement-collapse": 0.0
            }
          }
        }
      },
      "3025": {
        "GeneralInformation": {},
        "Demand": {
          "PGA-1-1": 55.35230067534414,
          "PGD-1-1": 1.2861054405937848,
          "PGD-1-3": 0.08746104157473833,
          "SA_0.3-1-1": 149.37335306163348,
          "SA_1.0-1-1": 98.67876928267378
        },
        "Damage": {
          "HRD.GF.2-1": 0,
          "collapse-0": 0
        },