{
  "Buildings": {
    "1": {
      "GeneralInformation": {},
      "Demand": {
        "PGA-1-1": 130.97428431271555,
        "PGD-1-1": 2.9434468872581765,
        "PGD-1-3": 46.91617672786376,
        "SA_0.3-1-1": 0.6333836110662563,
        "SA_1.0-1-1": 56.33560267214375
      },
      "Damage": {
        "GF.H.S-1": 0,
        "GF.V.S-1": 1,
        "LF.W1.MC-1": 2,
        "collapse-0": 0
      },
      "Loss": {
        "Repair": {
          "Cost": {
            "LF.IND2-LF.W1.MC": 10.0,
            "replacement-collapse": 0.0
          },
          "Time": {
            "LF.IND2-LF.W1.MC": 30.0,
            "replacement-collapse": 0.0
          }
        }
      }
    },
    "2": {
      "GeneralInformation": {},
      "Demand": {
        "PGA-1-1": 130.97428431271555,
        "PGD-1-1": 2.9434468872581765,
        "PGD-1-3": 46.91617672786376,
        "SA_0.3-1-1": 0.6333836110662563,
        "SA_1.0-1-1": 56.33560267214375
      },
      "Damage": {
        "GF.H.S-1": 0,
        "GF.V.S-1": 1,
        "LF.W1.MC-1": 1,
        "collapse-0": 0
      },
      "Loss": {
        "Repair": {
          "Cost": {
            "LF.IND2-LF.W1.MC": 2.0,
            "replacement-collapse": 0.0
          },
          "Time": {
            "LF.IND2-LF.W1.MC": 10.0,
            "replacement-collapse": 0.0
          }
        }
      }
    }
  },
  "TransportationNetwork": {
    "Bridge": {
      "0": {
        "GeneralInformation": {},
        "Demand": {
          "PGA-1-1": 194.86287255226927,
          "PGD-1-1": 67.66469515084847,
          "PGD-1-3": 4.519409930885698,
          "SA_0.3-1-1": 284.8080874265364,
          "SA_1.0-1-1": 74.62771551221901
        },
        "Damage": {
          "HWB.GF-1": 2,
          "HWB.GS.1-1": 0,
          "collapse-0": 0
        },
        "Loss": {
          "Repair": {
            "Cost": {
              "HWB-HWB.GF": 0.7,
              "HWB-HWB.GS.1": 0.0,
              "replacement-collapse": 0.0
            },
            "Time": {
              "HWB-HWB.GF": 10.0,
              "HWB-HWB.GS.1": 0.0,
              "replacement-collapse": 0.0
            }
          }
        }
      }
    },
    "Roadway": {
      "3015": {
        "GeneralInformation": {},
        "Demand": {
          "PGA-1-1": 110.43541551511748,
          "PGD-1-1": 11.5510559545297,
          "PGD-1-3": 0.7019326375977675,
          "SA_0.3-1-1": 179.42862969585212,
          "SA_1.0-1-1": 36.31977220218775
        },
        "Damage": {
          "HRD.GF.2-1": 3,
          "collapse-0": 0
        },
        "Loss": {
          "Repair": {
            "Cost": {
              "HRD-HRD.GF.2": 0.9,
              "replacement-collapse": 0.0
            },
            "Time": {
              "HRD-HRD.GF.2": 70.0,
              "replacement-collapse": 0.0
            }
          }
        }
      },
      "3016": {
        "GeneralInformation": {},
        "Demand": {
          "PGA-1-1": 162.1303090020828,
          "PGD-1-1": 5.2780859013790415,
          "PGD-1-3": 0.301283572551978,
          "SA_0.3-1-1": 266.0488011466885,
          "SA_1.0-1-1": 45.66985719022527
        },
        "Damage": {
          "HRD.GF.2-1": 1,
          "collapse-0": 0
        },
        "Loss": {
          "Repair": {
            "Cost": {
              "HRD-HRD.GF.2": 0.1,
              "replacement-collapse": 0.0
            },
            "Time": {
              "HRD-HRD.GF.2": 2.0,
              "replacement-collapse": 0.0
            }
          }
        }
      },
      "3017": {
        "GeneralInformation": {},
        "Demand": {
          "PGA-1-1": 141.38181037487672,
          "PGD-1-1": 14.003253763036616,
          "PGD-1-3": 0.840877166330187,
          "SA_0.3-1-1": 240.64297092005108,
          "SA_1.0-1-1": 62.26402906620349
        },
        "Damage": {
          "HRD.GF.2-1": 3,
          "collapse-0": 0
        },
        "Loss": {
          "Repair": {
            "Cost": {
              "HRD-HRD.GF.2": 0.9,
              "replacement-collapse": 0.0
            },
            "Time": {
              "HRD-HRD.GF.2": 70.0,
              "replacement-collapse": 0.0
            }
          }
        }
      },
      "3020": {
        "GeneralInformation": {},
        "Demand": {
          "PGA-1-1": 140.05156215935875,
          "PGD-1-1": 0.2083315564847199,
          "PGD-1-3": 3.8220031188631394,
          "SA_0.3-1-1": 249.48788077975607,
          "SA_1.0-1-1": 48.73153549940994
        },
        "Damage": {
          "HRD.GF.2-1": 1,
          "collapse-0": 0
        },
        "Loss": {
          "Repair": {
            "Cost": {
              "HRD-HRD.GF.2": 0.1,
              "replacement-collapse": 0.0
            },
            "Time": {
              "HRD-HRD.GF.2": 2.0,
              "replacement-collapse": 0.0
            }
          }
        }
      },
      "3021": {
        "GeneralInformation": {},
        "Demand": {
          "PGA-1-1": 166.50252701257804,
          "PGD-1-1": 0.19817822378046213,
          "PGD-1-3": 3.6667212482803033,
          "SA_0.3-1-1": 0.7157318365717716,
          "SA_1.0-1-1": 50.960883200786895
        },
        "Damage": {
          "HRD.GF.2-1": 0,
          "collapse-0": 0
        },
        "Loss": {
          "Repair": {
            "Cost": {
              "HRD-HRD.GF.2": 0.0,
              "replacement-collapse": 0.0
            },
            "Time": {
              "HRD-HRD.GF.2": 0.0,
              "replacement-collapse": 0.0
            }
          }
        }
      },
      "3022": {
        "GeneralInformation": {},
        "Demand": {
          "PGA-1-1": 126.81160466430065,
          "PGD-1-1": 4.478987529403081,
          "PGD-1-3": 0.2504057326121935,
          "SA_0.3-1-1": 214.46250054820248,
          "SA_1.0-1-1": 39.64807517999104
        },
        "Damage": {
          "HRD.GF.2-1": 0,
          "collapse-0": 0
        },
        "Loss": {
          "Repair": {
            "Cost": {
              "HRD-HRD.GF.2": 0.0,
              "replacement-collapse": 0.0
            },
            "Time": {
              "HRD-HRD.GF.2": 0.0,
              "replacement-collapse": 0.0
            }
          }
        }
      },
      "3023": {
        "GeneralInformation": {},
        "Demand": {
          "PGA-1-1": 162.1303090020828,
          "PGD-1-1": 5.2780859013790415,
          "PGD-1-3": 0.301283572551978,
          "SA_0.3-1-1": 266.0488011466885,
          "SA_1.0-1-1": 45.66985719022527
        },
        "Damage": {
          "HRD.GF.2-1": 0,
          "collapse-0": 0
        },
        "Loss": {
          "Repair": {
            "Cost": {
              "HRD-HRD.GF.2": 0.0,
              "replacement-collapse": 0.0
            },
            "Time": {
              "HRD-HRD.GF.2": 0.0,
              "replacement-collapse": 0.0
            }
          }
        }
      },
      "3024": {
        "GeneralInformation": {},
        "Demand": {
          "PGA-1-1": 166.50252701257804,
          "PGD-1-1": 0.19817822378046213,
          "PGD-1-3": 3.6667212482803033,
          "SA_0.3-1-1": 0.7157318365717716,
          "SA_1.0-1-1": 50.960883200786895
        },
        "Damage": {
          "HRD.GF.2-1": 0,
          "collapse-0": 0
        },
        "Loss": {
          "Repair": {
            "Cost": {
              "HRD-HRD.GF.2": 0.0,
              "replacement-collapse": 0.0
            },
            "Time": {
              "HRD-HRD.GF.2": 0.0,
              "replacement-collapse": 0.0
            }
          }
        }
      },
      "3025": {
        "GeneralInformation": {},
        "Demand": {
          "PGA-1-1": 162.1303090020828,
          "PGD-1-1": 5.2780859013790415,
          "PGD-1-3": 0.301283572551978,
          "SA_0.3-1-1": 266.0488011466885,
          "SA_1.0-1-1": 45.66985719022527
        },
        "Damage": {
          "HRD.GF.2-1": 0,
          "collapse-0": 0
        },