{
  "Buildings": {
    "1": {
      "GeneralInformation": {},
      "Demand": {
        "PGA-1-1": 175.37765457368246,
        "PGD-1-1": 3.703700044850136,
        "PGD-1-3": 62.98313336371649,
        "SA_0.3-1-1": 1.4476491588143143,
        "SA_1.0-1-1": 242.22488777731868
      },
      "Damage": {
        "GF.H.S-1": 0,
        "GF.V.S-1": 1,
        "LF.W1.MC-1": 1,
        "collapse-0": 0
      },
      "Loss": {
        "Repair": {
          "Cost": {
            "LF.IND2-LF.W1.MC": 2.0,
            "replacement-collapse": 0.0
          },
          "Time": {
            "LF.IND2-LF.W1.MC": 10.0,
            "replacement-collapse": 0.0
          }
        }
      }
    },
    "2": {
      "GeneralInformation": {},
      "Demand": {
        "PGA-1-1": 175.37765457368246,
        "PGD-1-1": 3.703700044850136,
        "PGD-1-3": 62.98313336371649,
        "SA_0.3-1-1": 1.4476491588143143,
        "SA_1.0-1-1": 242.22488777731868
      },
      "Damage": {
        "GF.H.S-1": 0,
        "GF.V.S-1": 1,
        "LF.W1.MC-1": 2,
        "collapse-0": 0
      },
      "Loss": {
        "Repair": {
          "Cost": {
            "LF.IND2-LF.W1.MC": 10.0,
            "replacement-collapse": 0.0
          },
          "Time": {
            "LF.IND2-LF.W1.MC": 30.0,
            "replacement-collapse": 0.0
          }
        }
      }
    }
  },
  "TransportationNetwork": {
    "Bridge": {
      "0": {
        "GeneralInformation": {},
        "Demand": {
          "PGA-1-1": 211.55070075850344,
          "PGD-1-1": 87.28964351903731,
          "PGD-1-3": 5.685459579200995,
          "SA_0.3-1-1": 688.5759317972978,
          "SA_1.0-1-1": 260.74977648156704
        },
        "Damage": {
          "HWB.GF-1": 2,
          "HWB.GS.1-1": 4,
          "collapse-0": 0
        },
        "Loss": {
          "Repair": {
            "Cost": {
              "HWB-HWB.GF": 0.7,
              "HWB-HWB.GS.1": 1.0,
              "replacement-collapse": 0.0
            },
            "Time": {
              "HWB-HWB.GF": 10.0,
              "HWB-HWB.GS.1": 365.0,
              "replacement-collapse": 0.0
            }
          }
        }
      }
    },
    "Roadway": {
      "3015": {
        "GeneralInformation": {},
        "Demand": {
          "PGA-1-1": 259.4837749293948,
          "PGD-1-1": 21.38940567127852,
          "PGD-1-3": 1.1566453839427464,
          "SA_0.3-1-1": 682.6446978022972,
          "SA_1.0-1-1": 220.65196679033068
        },
        "Damage": {
          "HRD.GF.2-1": 3,
          "collapse-0": 0
        },
        "Loss": {
          "Repair": {
            "Cost": {
              "HRD-HRD.GF.2": 0.9,
              "replacement-collapse": 0.0
            },
            "Time": {
              "HRD-HRD.GF.2": 70.0,
              "replacement-collapse": 0.0
            }
          }
        }
      },
      "3016": {
        "GeneralInformation": {},
        "Demand": {
          "PGA-1-1": 259.4837749293948,
          "PGD-1-1": 21.38940567127852,
          "PGD-1-3": 1.1566453839427464,
          "SA_0.3-1-1": 682.6446978022972,
          "SA_1.0-1-1": 220.65196679033068
        },
        "Damage": {
          "HRD.GF.2-1": 3,
          "collapse-0": 0
        },
        "Loss": {
          "Repair": {
            "Cost": {
              "HRD-HRD.GF.2": 0.9,
              "replacement-collapse": 0.0
            },
            "Time": {
              "HRD-HRD.GF.2": 70.0,
              "replacement-collapse": 0.0
            }
          }
        }
      },
      "3017": {
        "GeneralInformation": {},
        "Demand": {
          "PGA-1-1": 259.4837749293948,
          "PGD-1-1": 21.38940567127852,
          "PGD-1-3": 1.1566453839427464,
          "SA_0.3-1-1": 682.6446978022972,
          "SA_1.0-1-1": 220.65196679033068
        },
        "Damage": {
          "HRD.GF.2-1": 2,
          "collapse-0": 0
        },
        "Loss": {
          "Repair": {
            "Cost": {
              "HRD-HRD.GF.2": 0.75,
              "replacement-collapse": 0.0
            },
            "Time": {
              "HRD-HRD.GF.2": 9.0,
              "replacement-collapse": 0.0
            }
          }
        }
      },
      "3020": {
        "GeneralInformation": {},
        "Demand": {
          "PGA-1-1": 226.49253907445453,
          "PGD-1-1": 0.37976059592098566,
          "PGD-1-3": 7.065553625461394,
          "SA_0.3-1-1": 536.5254004114096,
          "SA_1.0-1-1": 219.68076312199028
        },
        "Damage": {
          "HRD.GF.2-1": 0,
          "collapse-0": 0
        },
        "Loss": {
          "Repair": {
            "Cost": {
              "HRD-HRD.GF.2": 0.0,
              "replacement-collapse": 0.0
            },
            "Time": {
              "HRD-HRD.GF.2": 0.0,
              "replacement-collapse": 0.0
            }
          }
        }
      },
      "3021": {
        "GeneralInformation": {},
        "Demand": {
          "PGA-1-1": 226.49253907445453,
          "PGD-1-1": 7.065553625461394,
          "PGD-1-3": 0.37976059592098566,
          "SA_0.3-1-1": 536.5254004114096,
          "SA_1.0-1-1": 219.68076312199028
        },
        "Damage": {
          "HRD.GF.2-1": 1,
          "collapse-0": 0
        },
        "Loss": {
          "Repair": {
            "Cost": {
              "HRD-HRD.GF.2": 0.1,
              "replacement-collapse": 0.0
            },
            "Time": {
              "HRD-HRD.GF.2": 2.0,
              "replacement-collapse": 0.0
            }
          }
        }
      },
      "3022": {
        "GeneralInformation": {},
        "Demand": {
          "PGA-1-1": 226.49253907445453,
          "PGD-1-1": 7.065553625461394,
          "PGD-1-3": 0.37976059592098566,
          "SA_0.3-1-1": 536.5254004114096,
          "SA_1.0-1-1": 219.68076312199028
        },
        "Damage": {
          "HRD.GF.2-1": 1,
          "collapse-0": 0
        },
        "Loss": {
          "Repair": {
            "Cost": {
              "HRD-HRD.GF.2": 0.1,
              "replacement-collapse": 0.0
            },
            "Time": {
              "HRD-HRD.GF.2": 2.0,
              "replacement-collapse": 0.0
            }
          }
        }
      },
      "3023": {
        "GeneralInformation": {},
        "Demand": {
          "PGA-1-1": 219.61569260921593,
          "PGD-1-1": 5.717112124885404,
          "PGD-1-3": 0.30713139994456423,
          "SA_0.3-1-1": 526.1151224169332,
          "SA_1.0-1-1": 144.2767432006856
        },
        "Damage": {
          "HRD.GF.2-1": 1,
          "collapse-0": 0
        },
        "Loss": {
          "Repair": {
            "Cost": {
              "HRD-HRD.GF.2": 0.1,
              "replacement-collapse": 0.0
            },
            "Time": {
              "HRD-HRD.GF.2": 2.0,
              "replacement-collapse": 0.0
            }
          }
        }
      },
      "3024": {
        "GeneralInformation": {},
        "Demand": {
          "PGA-1-1": 219.61569260921593,
          "PGD-1-1": 5.717112124885404,
          "PGD-1-3": 0.30713139994456423,
          "SA_0.3-1-1": 526.1151224169332,
          "SA_1.0-1-1": 144.2767432006856
        },
        "Damage": {
          "HRD.GF.2-1": 0,
          "collapse-0": 0
        },
        "Loss": {
          "Repair": {
            "Cost": {
              "HRD-HRD.GF.2": 0.0,
              "replacement-collapse": 0.0
            },
            "Time": {
              "HRD-HRD.GF.2": 0.0,
              "replacement-collapse": 0.0
            }
          }
        }
      },
      "3025": {
        "GeneralInformation": {},
        "Demand": {
          "PGA-1-1": 219.61569260921593,
          "PGD-1-1": 5.717112124885404,
          "PGD-1-3": 0.30713139994456423,
          "SA_0.3-1-1": 526.1151224169332,
          "SA_1.0-1-1": 144.2767432006856
        },
        "Damage": {
          "HRD.GF.2-1": 2,
          "collapse-0": 0
        },