{
  "Buildings": {
    "1": {
      "GeneralInformation": {},
      "Demand": {
        "PGA-1-1": 189.4265804606705,
        "PGD-1-1": 3.891526033727619,
        "PGD-1-3": 66.89231072873079,
        "SA_0.3-1-1": 0.9409606108577216,
        "SA_1.0-1-1": 128.54492179887856
      },
      "Damage": {
        "GF.H.S-1": 1,
        "GF.V.S-1": 1,
        "LF.W1.MC-1": 2,
        "collapse-0": 0
      },
      "Loss": {
        "Repair": {
          "Cost": {
            "LF.IND2-LF.W1.MC": 10.0,
            "replacement-collapse": 0.0
          },
          "Time": {
            "LF.IND2-LF.W1.MC": 30.0,
            "replacement-collapse": 0.0
          }
        }
      }
    },
    "2": {
      "GeneralInformation": {},
      "Demand": {
        "PGA-1-1": 189.4265804606705,
        "PGD-1-1": 3.891526033727619,
        "PGD-1-3": 66.89231072873079,
        "SA_0.3-1-1": 0.9409606108577216,
        "SA_1.0-1-1": 128.54492179887856
      },
      "Damage": {
        "GF.H.S-1": 1,
        "GF.V.S-1": 1,
        "LF.W1.MC-1": 2,
        "collapse-0": 0
      },
      "Loss": {
        "Repair": {
          "Cost": {
            "LF.IND2-LF.W1.MC": 10.0,
            "replacement-collapse": 0.0
          },
          "Time": {
            "LF.IND2-LF.W1.MC": 30.0,
            "replacement-collapse": 0.0
          }
        }
      }
    }
  },
  "TransportationNetwork": {
    "Bridge": {
      "0": {
        "GeneralInformation": {},
        "Demand": {
          "PGA-1-1": 211.33854060196185,
          "PGD-1-1": 85.81133386483091,
          "PGD-1-3": 5.606563645144576,
          "SA_0.3-1-1": 378.8443738428567,
          "SA_1.0-1-1": 79.08335981496369
        },
        "Damage": {
          "HWB.GF-1": 2,
          "HWB.GS.1-1": 0,
          "collapse-0": 0
        },
        "Loss": {
          "Repair": {
            "Cost": {
              "HWB-HWB.GF": 0.7,
              "HWB-HWB.GS.1": 0.0,
              "replacement-collapse": 0.0
            },
            "Time": {
              "HWB-HWB.GF": 10.0,
              "HWB-HWB.GS.1": 0.0,
              "replacement-collapse": 0.0
            }
          }
        }
      }
    },
    "Roadway": {
      "3015": {
        "GeneralInformation": {},
        "Demand": {
          "PGA-1-1": 242.590271554468,
          "PGD-1-1": 18.20574064697678,
          "PGD-1-3": 1.067922004581061,
          "SA_0.3-1-1": 327.0628066190705,
          "SA_1.0-1-1": 117.55161443584144
        },
        "Damage": {
          "HRD.GF.2-1": 2,
          "collapse-0": 0
        },
        "Loss": {
          "Repair": {
            "Cost": {
              "HRD-HRD.GF.2": 0.75,
              "replacement-collapse": 0.0
            },
            "Time": {
              "HRD-HRD.GF.2": 9.0,
              "replacement-collapse": 0.0
            }
          }
        }
      },
      "3016": {
        "GeneralInformation": {},
        "Demand": {
          "PGA-1-1": 242.590271554468,
          "PGD-1-1": 18.20574064697678,
          "PGD-1-3": 1.067922004581061,
          "SA_0.3-1-1": 327.0628066190705,
          "SA_1.0-1-1": 117.55161443584144
        },
        "Damage": {
          "HRD.GF.2-1": 2,
          "collapse-0": 0
        },
        "Loss": {
          "Repair": {
            "Cost": {
              "HRD-HRD.GF.2": 0.75,
              "replacement-collapse": 0.0
            },
            "Time": {
              "HRD-HRD.GF.2": 9.0,
              "replacement-collapse": 0.0
            }
          }
        }
      },
      "3017": {
        "GeneralInformation": {},
        "Demand": {
          "PGA-1-1": 242.590271554468,
          "PGD-1-1": 18.20574064697678,
          "PGD-1-3": 1.067922004581061,
          "SA_0.3-1-1": 327.0628066190705,
          "SA_1.0-1-1": 117.55161443584144
        },
        "Damage": {
          "HRD.GF.2-1": 3,
          "collapse-0": 0
        },
        "Loss": {
          "Repair": {
            "Cost": {
              "HRD-HRD.GF.2": 0.9,
              "replacement-collapse": 0.0
            },
            "Time": {
              "HRD-HRD.GF.2": 70.0,
              "replacement-collapse": 0.0
            }
          }
        }
      },
      "3020": {
        "GeneralInformation": {},
        "Demand": {
          "PGA-1-1": 190.01234595088957,
          "PGD-1-1": 0.29671954135948686,
          "PGD-1-3": 5.411535156235911,
          "SA_0.3-1-1": 388.4768791037861,
          "SA_1.0-1-1": 146.03954426937236
        },
        "Damage": {
          "HRD.GF.2-1": 1,
          "collapse-0": 0
        },
        "Loss": {
          "Repair": {
            "Cost": {
              "HRD-HRD.GF.2": 0.1,
              "replacement-collapse": 0.0
            },
            "Time": {
              "HRD-HRD.GF.2": 2.0,
              "replacement-collapse": 0.0
            }
          }
        }
      },
      "3021": {
        "GeneralInformation": {},
        "Demand": {
          "PGA-1-1": 210.70292993144838,
          "PGD-1-1": 6.28068028680716,
          "PGD-1-3": 0.34905323144428857,
          "SA_0.3-1-1": 414.74466889934257,
          "SA_1.0-1-1": 77.01075697893765
        },
        "Damage": {
          "HRD.GF.2-1": 2,
          "collapse-0": 0
        },
        "Loss": {
          "Repair": {
            "Cost": {
              "HRD-HRD.GF.2": 0.75,
              "replacement-collapse": 0.0
            },
            "Time": {
              "HRD-HRD.GF.2": 9.0,
              "replacement-collapse": 0.0
            }
          }
        }
      },
      "3022": {
        "GeneralInformation": {},
        "Demand": {
          "PGA-1-1": 217.83880200615843,
          "PGD-1-1": 0.28300244796508733,
          "PGD-1-3": 5.185879178959522,
          "SA_0.3-1-1": 0.9484512335111757,
          "SA_1.0-1-1": 92.3155213430262
        },
        "Damage": {
          "HRD.GF.2-1": 1,
          "collapse-0": 0
        },
        "Loss": {
          "Repair": {
            "Cost": {
              "HRD-HRD.GF.2": 0.1,
              "replacement-collapse": 0.0
            },
            "Time": {
              "HRD-HRD.GF.2": 2.0,
              "replacement-collapse": 0.0
            }
          }
        }
      },
      "3023": {
        "GeneralInformation": {},
        "Demand": {
          "PGA-1-1": 210.70292993144838,
          "PGD-1-1": 6.28068028680716,
          "PGD-1-3": 0.34905323144428857,
          "SA_0.3-1-1": 414.74466889934257,
          "SA_1.0-1-1": 77.01075697893765
        },
        "Damage": {
          "HRD.GF.2-1": 0,
          "collapse-0": 0
        },
        "Loss": {
          "Repair": {
            "Cost": {
              "HRD-HRD.GF.2": 0.0,
              "replacement-collapse": 0.0
            },
            "Time": {
              "HRD-HRD.GF.2": 0.0,
              "replacement-collapse": 0.0
            }
          }
        }
      },
      "3024": {
        "GeneralInformation": {},
        "Demand": {
          "PGA-1-1": 186.51641383632276,
          "PGD-1-1": 7.308983651300342,
          "PGD-1-3": 0.4107864850631847,
          "SA_0.3-1-1": 371.3103437241208,
          "SA_1.0-1-1": 77.0088096026463
        },
        "Damage": {
          "HRD.GF.2-1": 0,
          "collapse-0": 0
        },
        "Loss": {
          "Repair": {
            "Cost": {
              "HRD-HRD.GF.2": 0.0,
              "replacement-collapse": 0.0
            },
            "Time": {
              "HRD-HRD.GF.2": 0.0,
              "replacement-collapse": 0.0
            }
          }
        }
      },
      "3025": {
        "GeneralInformation": {},
        "Demand": {
          "PGA-1-1": 186.51641383632276,
          "PGD-1-1": 7.308983651300342,
          "PGD-1-3": 0.4107864850631847,
          "SA_0.3-1-1": 371.3103437241208,
          "SA_1.0-1-1": 77.0088096026463
        },
        "Damage": {
          "HRD.GF.2-1": 2,
          "collapse-0": 0
        },