{
  "Buildings": {
    "1": {
      "GeneralInformation": {},
      "Demand": {
        "PGA-1-1": 278.22530977536593,
        "PGD-1-1": 4.968895640589853,
        "PGD-1-3": 92.4018943399269,
        "SA_0.3-1-1": 2.538324479250994,
        "SA_1.0-1-1": 143.83961917957495
      },
      "Damage": {
        "GF.H.S-1": 2,
        "GF.V.S-1": 1,
        "LF.W1.MC-1": 4,
        "collapse-0": 0
      },
      "Loss": {
        "Repair": {
          "Cost": {
            "LF.IND2-LF.W1.MC": 100.0,
            "replacement-collapse": 0.0
          },
          "Time": {
            "LF.IND2-LF.W1.MC": 240.0,
            "replacement-collapse": 0.0
          }
        }
      }
    },
    "2": {
      "GeneralInformation": {},
      "Demand": {
        "PGA-1-1": 278.22530977536593,
        "PGD-1-1": 4.968895640589853,
        "PGD-1-3": 92.4018943399269,
        "SA_0.3-1-1": 2.538324479250994,
        "SA_1.0-1-1": 143.83961917957495
      },
      "Damage": {
        "GF.H.S-1": 0,
        "GF.V.S-1": 2,
        "LF.W1.MC-1": 2,
        "collapse-0": 0
      },
      "Loss": {
        "Repair": {
          "Cost": {
            "LF.IND2-LF.W1.MC": 10.0,
            "replacement-collapse": 0.0
          },
          "Time": {
            "LF.IND2-LF.W1.MC": 30.0,
            "replacement-collapse": 0.0
          }
        }
      }
    }
  },
  "TransportationNetwork": {
    "Bridge": {
      "0": {
        "GeneralInformation": {},
        "Demand": {
          "PGA-1-1": 313.08164913179684,
          "PGD-1-1": 114.32151168653462,
          "PGD-1-3": 6.834987167572275,
          "SA_0.3-1-1": 1390.0892425275604,
          "SA_1.0-1-1": 128.19442923566905
        },
        "Damage": {
          "HWB.GF-1": 2,
          "HWB.GS.1-1": 3,
          "collapse-0": 0
        },
        "Loss": {
          "Repair": {
            "Cost": {
              "HWB-HWB.GF": 0.7,
              "HWB-HWB.GS.1": 0.98,
              "replacement-collapse": 0.0
            },
            "Time": {
              "HWB-HWB.GF": 10.0,
              "HWB-HWB.GS.1": 200.0,
              "replacement-collapse": 0.0
            }
          }
        }
      }
    },
    "Roadway": {
      "3015": {
        "GeneralInformation": {},
        "Demand": {
          "PGA-1-1": 379.0061161022188,
          "PGD-1-1": 20.85857910453846,
          "PGD-1-3": 1.0399985595095218,
          "SA_0.3-1-1": 1752.4955251224317,
          "SA_1.0-1-1": 118.38703870843055
        },
        "Damage": {
          "HRD.GF.2-1": 3,
          "collapse-0": 0
        },
        "Loss": {
          "Repair": {
            "Cost": {
              "HRD-HRD.GF.2": 0.9,
              "replacement-collapse": 0.0
            },
            "Time": {
              "HRD-HRD.GF.2": 70.0,
              "replacement-collapse": 0.0
            }
          }
        }
      },
      "3016": {
        "GeneralInformation": {},
        "Demand": {
          "PGA-1-1": 460.98107230480525,
          "PGD-1-1": 36.64183051225536,
          "PGD-1-3": 1.9448434626962634,
          "SA_0.3-1-1": 1706.0286328377292,
          "SA_1.0-1-1": 188.10577667614936
        },
        "Damage": {
          "HRD.GF.2-1": 3,
          "collapse-0": 0
        },
        "Loss": {
          "Repair": {
            "Cost": {
              "HRD-HRD.GF.2": 0.9,
              "replacement-collapse": 0.0
            },
            "Time": {
              "HRD-HRD.GF.2": 70.0,
              "replacement-collapse": 0.0
            }
          }
        }
      },
      "3017": {
        "GeneralInformation": {},
        "Demand": {
          "PGA-1-1": 460.98107230480525,
          "PGD-1-1": 36.64183051225536,
          "PGD-1-3": 1.9448434626962634,
          "SA_0.3-1-1": 1706.0286328377292,
          "SA_1.0-1-1": 188.10577667614936
        },
        "Damage": {
          "HRD.GF.2-1": 3,
          "collapse-0": 0
        },
        "Loss": {
          "Repair": {
            "Cost": {
              "HRD-HRD.GF.2": 0.9,
              "replacement-collapse": 0.0
            },
            "Time": {
              "HRD-HRD.GF.2": 70.0,
              "replacement-collapse": 0.0
            }
          }
        }
      },
      "3020": {
        "GeneralInformation": {},
        "Demand": {
          "PGA-1-1": 317.65115225452274,
          "PGD-1-1": 17.893866990231857,
          "PGD-1-3": 0.8682504048046995,
          "SA_0.3-1-1": 3.799766827032511,
          "SA_1.0-1-1": 175.37810646888428
        },
        "Damage": {
          "HRD.GF.2-1": 2,
          "collapse-0": 0
        },
        "Loss": {
          "Repair": {
            "Cost": {
              "HRD-HRD.GF.2": 0.75,
              "replacement-collapse": 0.0
            },
            "Time": {
              "HRD-HRD.GF.2": 9.0,
              "replacement-collapse": 0.0
            }
          }
        }
      },
      "3021": {
        "GeneralInformation": {},
        "Demand": {
          "PGA-1-1": 379.0061161022188,
          "PGD-1-1": 20.85857910453846,
          "PGD-1-3": 1.0399985595095218,
          "SA_0.3-1-1": 1752.4955251224317,
          "SA_1.0-1-1": 118.38703870843055
        },
        "Damage": {
          "HRD.GF.2-1": 1,
          "collapse-0": 0
        },
        "Loss": {
          "Repair": {
            "Cost": {
              "HRD-HRD.GF.2": 0.1,
              "replacement-collapse": 0.0
            },
            "Time": {
              "HRD-HRD.GF.2": 2.0,
              "replacement-collapse": 0.0
            }
          }
        }
      },
      "3022": {
        "GeneralInformation": {},
        "Demand": {
          "PGA-1-1": 415.2773379515615,
          "PGD-1-1": 19.388947525489023,
          "PGD-1-3": 0.9554416700078269,
          "SA_0.3-1-1": 1709.400858850505,
          "SA_1.0-1-1": 155.15970735412677
        },
        "Damage": {
          "HRD.GF.2-1": 2,
          "collapse-0": 0
        },
        "Loss": {
          "Repair": {
            "Cost": {
              "HRD-HRD.GF.2": 0.75,
              "replacement-collapse": 0.0
            },
            "Time": {
              "HRD-HRD.GF.2": 9.0,
              "replacement-collapse": 0.0
            }
          }
        }
      },
      "3023": {
        "GeneralInformation": {},
        "Demand": {
          "PGA-1-1": 379.0061161022188,
          "PGD-1-1": 20.85857910453846,
          "PGD-1-3": 1.0399985595095218,
          "SA_0.3-1-1": 1752.4955251224317,
          "SA_1.0-1-1": 118.38703870843055
        },
        "Damage": {
          "HRD.GF.2-1": 3,
          "collapse-0": 0
        },
        "Loss": {
          "Repair": {
            "Cost": {
              "HRD-HRD.GF.2": 0.9,
              "replacement-collapse": 0.0
            },
            "Time": {
              "HRD-HRD.GF.2": 70.0,
              "replacement-collapse": 0.0
            }
          }
        }
      },
      "3024": {
        "GeneralInformation": {},
        "Demand": {
          "PGA-1-1": 415.2773379515615,
          "PGD-1-1": 19.388947525489023,
          "PGD-1-3": 0.9554416700078269,
          "SA_0.3-1-1": 1709.400858850505,
          "SA_1.0-1-1": 155.15970735412677
        },
        "Damage": {
          "HRD.GF.2-1": 3,
          "collapse-0": 0
        },
        "Loss": {
          "Repair": {
            "Cost": {
              "HRD-HRD.GF.2": 0.9,
              "replacement-collapse": 0.0
            },
            "Time": {
              "HRD-HRD.GF.2": 70.0,
              "replacement-collapse": 0.0
            }
          }
        }
      },
      "3025": {
        "GeneralInformation": {},
        "Demand": {
          "PGA-1-1": 379.0061161022188,
          "PGD-1-1": 20.85857910453846,
          "PGD-1-3": 1.0399985595095218,
          "SA_0.3-1-1": 1752.4955251224317,
          "SA_1.0-1-1": 118.38703870843055
        },
        "Damage": {
          "HRD.GF.2-1": 3,
          "collapse-0": 0
        },