{
  "Buildings": {
    "1": {
      "GeneralInformation": {},
      "Demand": {
        "PGA-1-1": 208.78873491636952,
        "PGD-1-1": 73.24152239188646,
        "PGD-1-3": 4.207000531988731,
        "SA_0.3-1-1": 556.8239360896512,
        "SA_1.0-1-1": 334.8297994007932
      },
      "Damage": {
        "GF.H.S-1": 0,
        "GF.V.S-1": 1,
        "LF.W1.MC-1": 1,
        "collapse-0": 0
      },
      "Loss": {
        "Repair": {
          "Cost": {
            "LF.IND2-LF.W1.MC": 2.0,
            "replacement-collapse": 0.0
          },
          "Time": {
            "LF.IND2-LF.W1.MC": 10.0,
            "replacement-collapse": 0.0
          }
        }
      }
    },
    "2": {
      "GeneralInformation": {},
      "Demand": {
        "PGA-1-1": 225.47158876453756,
        "PGD-1-1": 4.353185495068449,
        "PGD-1-3": 77.1489896456644,
        "SA_0.3-1-1": 1.3427127643702914,
        "SA_1.0-1-1": 254.3603210264626
      },
      "Damage": {
        "GF.H.S-1": 2,
        "GF.V.S-1": 1,
        "LF.W1.MC-1": 3,
        "collapse-0": 0
      },
      "Loss": {
        "Repair": {
          "Cost": {
            "LF.IND2-LF.W1.MC": 35.5,
            "replacement-collapse": 0.0
          },
          "Time": {
            "LF.IND2-LF.W1.MC": 120.0,
            "replacement-collapse": 0.0
          }
        }
      }
    }
  },
  "TransportationNetwork": {
    "Bridge": {
      "0": {
        "GeneralInformation": {},
        "Demand": {
          "PGA-1-1": 303.8155368387208,
          "PGD-1-1": 95.86328850246655,
          "PGD-1-3": 6.080513813554918,
          "SA_0.3-1-1": 894.0069255696567,
          "SA_1.0-1-1": 334.0709438795741
        },
        "Damage": {
          "HWB.GF-1": 2,
          "HWB.GS.1-1": 3,
          "collapse-0": 0
        },
        "Loss": {
          "Repair": {
            "Cost": {
              "HWB-HWB.GF": 0.7,
              "HWB-HWB.GS.1": 0.98,
              "replacement-collapse": 0.0
            },
            "Time": {
              "HWB-HWB.GF": 10.0,
              "HWB-HWB.GS.1": 200.0,
              "replacement-collapse": 0.0
            }
          }
        }
      }
    },
    "Roadway": {
      "3015": {
        "GeneralInformation": {},
        "Demand": {
          "PGA-1-1": 339.8809023159887,
          "PGD-1-1": 13.891984726336172,
          "PGD-1-3": 0.5639619649910981,
          "SA_0.3-1-1": 784.1294418410585,
          "SA_1.0-1-1": 381.6890354974246
        },
        "Damage": {
          "HRD.GF.2-1": 2,
          "collapse-0": 0
        },
        "Loss": {
          "Repair": {
            "Cost": {
              "HRD-HRD.GF.2": 0.75,
              "replacement-collapse": 0.0
            },
            "Time": {
              "HRD-HRD.GF.2": 9.0,
              "replacement-collapse": 0.0
            }
          }
        }
      },
      "3016": {
        "GeneralInformation": {},
        "Demand": {
          "PGA-1-1": 247.80414073262097,
          "PGD-1-1": 25.9544183591294,
          "PGD-1-3": 1.3033978322533544,
          "SA_0.3-1-1": 729.8330603920562,
          "SA_1.0-1-1": 256.5683426262275
        },
        "Damage": {
          "HRD.GF.2-1": 3,
          "collapse-0": 0
        },
        "Loss": {
          "Repair": {
            "Cost": {
              "HRD-HRD.GF.2": 0.9,
              "replacement-collapse": 0.0
            },
            "Time": {
              "HRD-HRD.GF.2": 70.0,
              "replacement-collapse": 0.0
            }
          }
        }
      },
      "3017": {
        "GeneralInformation": {},
        "Demand": {
          "PGA-1-1": 247.80414073262097,
          "PGD-1-1": 25.9544183591294,
          "PGD-1-3": 1.3033978322533544,
          "SA_0.3-1-1": 729.8330603920562,
          "SA_1.0-1-1": 256.5683426262275
        },
        "Damage": {
          "HRD.GF.2-1": 2,
          "collapse-0": 0
        },
        "Loss": {
          "Repair": {
            "Cost": {
              "HRD-HRD.GF.2": 0.75,
              "replacement-collapse": 0.0
            },
            "Time": {
              "HRD-HRD.GF.2": 9.0,
              "replacement-collapse": 0.0
            }
          }
        }
      },
      "3020": {
        "GeneralInformation": {},
        "Demand": {
          "PGA-1-1": 158.55924043028415,
          "PGD-1-1": 0.43870781074367754,
          "PGD-1-3": 11.861473849886117,
          "SA_0.3-1-1": 428.9316898207512,
          "SA_1.0-1-1": 217.01964449675148
        },
        "Damage": {
          "HRD.GF.2-1": 1,
          "collapse-0": 0
        },
        "Loss": {
          "Repair": {
            "Cost": {
              "HRD-HRD.GF.2": 0.1,
              "replacement-collapse": 0.0
            },
            "Time": {
              "HRD-HRD.GF.2": 2.0,
              "replacement-collapse": 0.0
            }
          }
        }
      },
      "3021": {
        "GeneralInformation": {},
        "Demand": {
          "PGA-1-1": 189.57545351040028,
          "PGD-1-1": 12.772169009009843,
          "PGD-1-3": 0.4951683247478001,
          "SA_0.3-1-1": 494.9944245777496,
          "SA_1.0-1-1": 207.9218367194269
        },
        "Damage": {
          "HRD.GF.2-1": 1,
          "collapse-0": 0
        },
        "Loss": {
          "Repair": {
            "Cost": {
              "HRD-HRD.GF.2": 0.1,
              "replacement-collapse": 0.0
            },
            "Time": {
              "HRD-HRD.GF.2": 2.0,
              "replacement-collapse": 0.0
            }
          }
        }
      },
      "3022": {
        "GeneralInformation": {},
        "Demand": {
          "PGA-1-1": 339.8809023159887,
          "PGD-1-1": 13.891984726336172,
          "PGD-1-3": 0.5639619649910981,
          "SA_0.3-1-1": 784.1294418410585,
          "SA_1.0-1-1": 381.6890354974246
        },
        "Damage": {
          "HRD.GF.2-1": 0,
          "collapse-0": 0
        },
        "Loss": {
          "Repair": {
            "Cost": {
              "HRD-HRD.GF.2": 0.0,
              "replacement-collapse": 0.0
            },
            "Time": {
              "HRD-HRD.GF.2": 0.0,
              "replacement-collapse": 0.0
            }
          }
        }
      },
      "3023": {
        "GeneralInformation": {},
        "Demand": {
          "PGA-1-1": 189.57545351040028,
          "PGD-1-1": 12.772169009009843,
          "PGD-1-3": 0.4951683247478001,
          "SA_0.3-1-1": 494.9944245777496,
          "SA_1.0-1-1": 207.9218367194269
        },
        "Damage": {
          "HRD.GF.2-1": 3,
          "collapse-0": 0
        },
        "Loss": {
          "Repair": {
            "Cost": {
              "HRD-HRD.GF.2": 0.9,
              "replacement-collapse": 0.0
            },
            "Time": {
              "HRD-HRD.GF.2": 70.0,
              "replacement-collapse": 0.0
            }
          }
        }
      },
      "3024": {
        "GeneralInformation": {},
        "Demand": {
          "PGA-1-1": 339.8809023159887,
          "PGD-1-1": 13.891984726336172,
          "PGD-1-3": 0.5639619649910981,
          "SA_0.3-1-1": 784.1294418410585,
          "SA_1.0-1-1": 381.6890354974246
        },
        "Damage": {
          "HRD.GF.2-1": 3,
          "collapse-0": 0
        },
        "Loss": {
          "Repair": {
            "Cost": {
              "HRD-HRD.GF.2": 0.9,
              "replacement-collapse": 0.0
            },
            "Time": {
              "HRD-HRD.GF.2": 70.0,
              "replacement-collapse": 0.0
            }
          }
        }
      },
      "3025": {
        "GeneralInformation": {},
        "Demand": {
          "PGA-1-1": 339.8809023159887,
          "PGD-1-1": 13.891984726336172,
          "PGD-1-3": 0.5639619649910981,
          "SA_0.3-1-1": 784.1294418410585,
          "SA_1.0-1-1": 381.6890354974246
        },
        "Damage": {
          "HRD.GF.2-1": 1,
          "collapse-0": 0
        },