{
  "Buildings": {
    "1": {
      "GeneralInformation": {},
      "Demand": {
        "PGA-1-1": 97.39923364464556,
        "PGD-1-1": 2.0772474986418303,
        "PGD-1-3": 29.77381765794876,
        "SA_0.3-1-1": 0.9255115521660979,
        "SA_1.0-1-1": 55.092029215678416
      },
      "Damage": {
        "GF.H.S-1": 0,
        "GF.V.S-1": 1,
        "LF.W1.MC-1": 0,
        "collapse-0": 0
      },
      "Loss": {
        "Repair": {
          "Cost": {
            "LF.IND2-LF.W1.MC": 0.0,
            "replacement-collapse": 0.0
          },
          "Time": {
            "LF.IND2-LF.W1.MC": 0.0,
            "replacement-collapse": 0.0
          }
        }
      }
    },
    "2": {
      "GeneralInformation": {},
      "Demand": {
        "PGA-1-1": 95.85220962161293,
        "PGD-1-1": 29.98535273745266,
        "PGD-1-3": 2.219814649607112,
        "SA_0.3-1-1": 394.59489774433206,
        "SA_1.0-1-1": 73.23349530259513
      },
      "Damage": {
        "GF.H.S-1": 0,
        "GF.V.S-1": 0,
        "LF.W1.MC-1": 1,
        "collapse-0": 0
      },
      "Loss": {
        "Repair": {
          "Cost": {
            "LF.IND2-LF.W1.MC": 2.0,
            "replacement-collapse": 0.0
          },
          "Time": {
            "LF.IND2-LF.W1.MC": 10.0,
            "replacement-collapse": 0.0
          }
        }
      }
    }
  },
  "TransportationNetwork": {
    "Bridge": {
      "0": {
        "GeneralInformation": {},
        "Demand": {
          "PGA-1-1": 89.18641058227306,
          "PGD-1-1": 38.29488633593378,
          "PGD-1-3": 2.9921421023790344,
          "SA_0.3-1-1": 360.4210721194885,
          "SA_1.0-1-1": 83.57270552988841
        },
        "Damage": {
          "HWB.GF-1": 2,
          "HWB.GS.1-1": 0,
          "collapse-0": 0
        },
        "Loss": {
          "Repair": {
            "Cost": {
              "HWB-HWB.GF": 0.7,
              "HWB-HWB.GS.1": 0.0,
              "replacement-collapse": 0.0
            },
            "Time": {
              "HWB-HWB.GF": 10.0,
              "HWB-HWB.GS.1": 0.0,
              "replacement-collapse": 0.0
            }
          }
        }
      }
    },
    "Roadway": {
      "3015": {
        "GeneralInformation": {},
        "Demand": {
          "PGA-1-1": 72.01380165751591,
          "PGD-1-1": 6.654761952039455,
          "PGD-1-3": 0.4450379134622268,
          "SA_0.3-1-1": 310.4631761766648,
          "SA_1.0-1-1": 41.6877687024317
        },
        "Damage": {
          "HRD.GF.2-1": 2,
          "collapse-0": 0
        },
        "Loss": {
          "Repair": {
            "Cost": {
              "HRD-HRD.GF.2": 0.75,
              "replacement-collapse": 0.0
            },
            "Time": {
              "HRD-HRD.GF.2": 9.0,
              "replacement-collapse": 0.0
            }
          }
        }
      },
      "3016": {
        "GeneralInformation": {},
        "Demand": {
          "PGA-1-1": 92.20465570122867,
          "PGD-1-1": 2.5480427422119583,
          "PGD-1-3": 0.1622509186716083,
          "SA_0.3-1-1": 434.27645310118794,
          "SA_1.0-1-1": 60.05584433599346
        },
        "Damage": {
          "HRD.GF.2-1": 0,
          "collapse-0": 0
        },
        "Loss": {
          "Repair": {
            "Cost": {
              "HRD-HRD.GF.2": 0.0,
              "replacement-collapse": 0.0
            },
            "Time": {
              "HRD-HRD.GF.2": 0.0,
              "replacement-collapse": 0.0
            }
          }
        }
      },
      "3017": {
        "GeneralInformation": {},
        "Demand": {
          "PGA-1-1": 86.61057655335003,
          "PGD-1-1": 7.922412498066668,
          "PGD-1-3": 0.5325851846353985,
          "SA_0.3-1-1": 371.0313124309835,
          "SA_1.0-1-1": 50.97044334791556
        },
        "Damage": {
          "HRD.GF.2-1": 2,
          "collapse-0": 0
        },
        "Loss": {
          "Repair": {
            "Cost": {
              "HRD-HRD.GF.2": 0.75,
              "replacement-collapse": 0.0
            },
            "Time": {
              "HRD-HRD.GF.2": 9.0,
              "replacement-collapse": 0.0
            }
          }
        }
      },
      "3020": {
        "GeneralInformation": {},
        "Demand": {
          "PGA-1-1": 92.20465570122867,
          "PGD-1-1": 0.1622509186716083,
          "PGD-1-3": 2.5480427422119583,
          "SA_0.3-1-1": 434.27645310118794,
          "SA_1.0-1-1": 60.05584433599346
        },
        "Damage": {
          "HRD.GF.2-1": 0,
          "collapse-0": 0
        },
        "Loss": {
          "Repair": {
            "Cost": {
              "HRD-HRD.GF.2": 0.0,
              "replacement-collapse": 0.0
            },
            "Time": {
              "HRD-HRD.GF.2": 0.0,
              "replacement-collapse": 0.0
            }
          }
        }
      },
      "3021": {
        "GeneralInformation": {},
        "Demand": {
          "PGA-1-1": 94.95286408854103,
          "PGD-1-1": 0.08836280079811722,
          "PGD-1-3": 1.4748300112857775,
          "SA_0.3-1-1": 0.9496366355953448,
          "SA_1.0-1-1": 49.958528902934056
        },
        "Damage": {
          "HRD.GF.2-1": 0,
          "collapse-0": 0
        },
        "Loss": {
          "Repair": {
            "Cost": {
              "HRD-HRD.GF.2": 0.0,
              "replacement-collapse": 0.0
            },
            "Time": {
              "HRD-HRD.GF.2": 0.0,
              "replacement-collapse": 0.0
            }
          }
        }
      },
      "3022": {
        "GeneralInformation": {},
        "Demand": {
          "PGA-1-1": 92.20465570122867,
          "PGD-1-1": 2.5480427422119583,
          "PGD-1-3": 0.1622509186716083,
          "SA_0.3-1-1": 434.27645310118794,
          "SA_1.0-1-1": 60.05584433599346
        },
        "Damage": {
          "HRD.GF.2-1": 0,
          "collapse-0": 0
        },
        "Loss": {
          "Repair": {
            "Cost": {
              "HRD-HRD.GF.2": 0.0,
              "replacement-collapse": 0.0
            },
            "Time": {
              "HRD-HRD.GF.2": 0.0,
              "replacement-collapse": 0.0
            }
          }
        }
      },
      "3023": {
        "GeneralInformation": {},
        "Demand": {
          "PGA-1-1": 92.20465570122867,
          "PGD-1-1": 2.5480427422119583,
          "PGD-1-3": 0.1622509186716083,
          "SA_0.3-1-1": 434.27645310118794,
          "SA_1.0-1-1": 60.05584433599346
        },
        "Damage": {
          "HRD.GF.2-1": 2,
          "collapse-0": 0
        },
        "Loss": {
          "Repair": {
            "Cost": {
              "HRD-HRD.GF.2": 0.75,
              "replacement-collapse": 0.0
            },
            "Time": {
              "HRD-HRD.GF.2": 9.0,
              "replacement-collapse": 0.0
            }
          }
        }
      },
      "3024": {
        "GeneralInformation": {},
        "Demand": {
          "PGA-1-1": 86.61057655335003,
          "PGD-1-1": 7.922412498066668,
          "PGD-1-3": 0.5325851846353985,
          "SA_0.3-1-1": 371.0313124309835,
          "SA_1.0-1-1": 50.97044334791556
        },
        "Damage": {
          "HRD.GF.2-1": 0,
          "collapse-0": 0
        },
        "Loss": {
          "Repair": {
            "Cost": {
              "HRD-HRD.GF.2": 0.0,
              "replacement-collapse": 0.0
            },
            "Time": {
              "HRD-HRD.GF.2": 0.0,
              "replacement-collapse": 0.0
            }
          }
        }
      },
      "3025": {
        "GeneralInformation": {},
        "Demand": {
          "PGA-1-1": 92.20465570122867,
          "PGD-1-1": 2.5480427422119583,
          "PGD-1-3": 0.1622509186716083,
          "SA_0.3-1-1": 434.27645310118794,
          "SA_1.0-1-1": 60.05584433599346
        },
        "Damage": {
          "HRD.GF.2-1": 1,
          "collapse-0": 0
        },