{
  "Buildings": {
    "1": {
      "GeneralInformation": {},
      "Demand": {
        "PGA-1-1": 73.95533820380254,
        "PGD-1-1": 1.0498592515896317,
        "PGD-1-3": 13.361712007695512,
        "SA_0.3-1-1": 0.39884831948999544,
        "SA_1.0-1-1": 170.65951611624027
      },
      "Damage": {
        "GF.H.S-1": 1,
        "GF.V.S-1": 0,
        "LF.W1.MC-1": 0,
        "collapse-0": 0
      },
      "Loss": {
        "Repair": {
          "Cost": {
            "LF.IND2-LF.W1.MC": 0.0,
            "replacement-collapse": 0.0
          },
          "Time": {
            "LF.IND2-LF.W1.MC": 0.0,
            "replacement-collapse": 0.0
          }
        }
      }
    },
    "2": {
      "GeneralInformation": {},
      "Demand": {
        "PGA-1-1": 61.68297160434131,
        "PGD-1-1": 19.04441375461628,
        "PGD-1-3": 1.54508802592923,
        "SA_0.3-1-1": 116.36196669021062,
        "SA_1.0-1-1": 109.4159669539868
      },
      "Damage": {
        "GF.H.S-1": 0,
        "GF.V.S-1": 1,
        "LF.W1.MC-1": 1,
        "collapse-0": 0
      },
      "Loss": {
        "Repair": {
          "Cost": {
            "LF.IND2-LF.W1.MC": 2.0,
            "replacement-collapse": 0.0
          },
          "Time": {
            "LF.IND2-LF.W1.MC": 10.0,
            "replacement-collapse": 0.0
          }
        }
      }
    }
  },
  "TransportationNetwork": {
    "Bridge": {
      "0": {
        "GeneralInformation": {},
        "Demand": {
          "PGA-1-1": 97.39020134745319,
          "PGD-1-1": 42.61255846004249,
          "PGD-1-3": 3.1644575654756872,
          "SA_0.3-1-1": 192.6595034543905,
          "SA_1.0-1-1": 343.2160591242805
        },
        "Damage": {
          "HWB.GF-1": 2,
          "HWB.GS.1-1": 4,
          "collapse-0": 0
        },
        "Loss": {
          "Repair": {
            "Cost": {
              "HWB-HWB.GF": 0.7,
              "HWB-HWB.GS.1": 1.0,
              "replacement-collapse": 0.0
            },
            "Time": {
              "HWB-HWB.GF": 10.0,
              "HWB-HWB.GS.1": 365.0,
              "replacement-collapse": 0.0
            }
          }
        }
      }
    },
    "Roadway": {
      "3015": {
        "GeneralInformation": {},
        "Demand": {
          "PGA-1-1": 79.0623111056516,
          "PGD-1-1": 6.425890471350368,
          "PGD-1-3": 0.438860549286428,
          "SA_0.3-1-1": 127.72076336804604,
          "SA_1.0-1-1": 176.10156665507333
        },
        "Damage": {
          "HRD.GF.2-1": 0,
          "collapse-0": 0
        },
        "Loss": {
          "Repair": {
            "Cost": {
              "HRD-HRD.GF.2": 0.0,
              "replacement-collapse": 0.0
            },
            "Time": {
              "HRD-HRD.GF.2": 0.0,
              "replacement-collapse": 0.0
            }
          }
        }
      },
      "3016": {
        "GeneralInformation": {},
        "Demand": {
          "PGA-1-1": 61.36624978451896,
          "PGD-1-1": 7.8667550245033775,
          "PGD-1-3": 0.5367000153927027,
          "SA_0.3-1-1": 106.68961987215324,
          "SA_1.0-1-1": 127.62073356162703
        },
        "Damage": {
          "HRD.GF.2-1": 2,
          "collapse-0": 0
        },
        "Loss": {
          "Repair": {
            "Cost": {
              "HRD-HRD.GF.2": 0.75,
              "replacement-collapse": 0.0
            },
            "Time": {
              "HRD-HRD.GF.2": 9.0,
              "replacement-collapse": 0.0
            }
          }
        }
      },
      "3017": {
        "GeneralInformation": {},
        "Demand": {
          "PGA-1-1": 61.36624978451896,
          "PGD-1-1": 7.8667550245033775,
          "PGD-1-3": 0.5367000153927027,
          "SA_0.3-1-1": 106.68961987215324,
          "SA_1.0-1-1": 127.62073356162703
        },
        "Damage": {
          "HRD.GF.2-1": 2,
          "collapse-0": 0
        },
        "Loss": {
          "Repair": {
            "Cost": {
              "HRD-HRD.GF.2": 0.75,
              "replacement-collapse": 0.0
            },
            "Time": {
              "HRD-HRD.GF.2": 9.0,
              "replacement-collapse": 0.0
            }
          }
        }
      },
      "3020": {
        "GeneralInformation": {},
        "Demand": {
          "PGA-1-1": 61.68297160434131,
          "PGD-1-1": 0.04544347756347561,
          "PGD-1-3": 0.6270660434231785,
          "SA_0.3-1-1": 116.36196669021062,
          "SA_1.0-1-1": 109.4159669539868
        },
        "Damage": {
          "HRD.GF.2-1": 0,
          "collapse-0": 0
        },
        "Loss": {
          "Repair": {
            "Cost": {
              "HRD-HRD.GF.2": 0.0,
              "replacement-collapse": 0.0
            },
            "Time": {
              "HRD-HRD.GF.2": 0.0,
              "replacement-collapse": 0.0
            }
          }
        }
      },
      "3021": {
        "GeneralInformation": {},
        "Demand": {
          "PGA-1-1": 68.25918434549504,
          "PGD-1-1": 0.03589590856100595,
          "PGD-1-3": 0.4862352044388796,
          "SA_0.3-1-1": 0.3249536584676433,
          "SA_1.0-1-1": 163.77989468502332
        },
        "Damage": {
          "HRD.GF.2-1": 0,
          "collapse-0": 0
        },
        "Loss": {
          "Repair": {
            "Cost": {
              "HRD-HRD.GF.2": 0.0,
              "replacement-collapse": 0.0
            },
            "Time": {
              "HRD-HRD.GF.2": 0.0,
              "replacement-collapse": 0.0
            }
          }
        }
      },
      "3022": {
        "GeneralInformation": {},
        "Demand": {
          "PGA-1-1": 69.2071801827699,
          "PGD-1-1": 1.7174345100639736,
          "PGD-1-3": 0.11942074175036609,
          "SA_0.3-1-1": 102.5672688488448,
          "SA_1.0-1-1": 147.94332326542943
        },
        "Damage": {
          "HRD.GF.2-1": 0,
          "collapse-0": 0
        },
        "Loss": {
          "Repair": {
            "Cost": {
              "HRD-HRD.GF.2": 0.0,
              "replacement-collapse": 0.0
            },
            "Time": {
              "HRD-HRD.GF.2": 0.0,
              "replacement-collapse": 0.0
            }
          }
        }
      },
      "3023": {
        "GeneralInformation": {},
        "Demand": {
          "PGA-1-1": 69.2071801827699,
          "PGD-1-1": 1.7174345100639736,
          "PGD-1-3": 0.11942074175036609,
          "SA_0.3-1-1": 102.5672688488448,
          "SA_1.0-1-1": 147.94332326542943
        },
        "Damage": {
          "HRD.GF.2-1": 0,
          "collapse-0": 0
        },
        "Loss": {
          "Repair": {
            "Cost": {
              "HRD-HRD.GF.2": 0.0,
              "replacement-collapse": 0.0
            },
            "Time": {
              "HRD-HRD.GF.2": 0.0,
              "replacement-collapse": 0.0
            }
          }
        }
      },
      "3024": {
        "GeneralInformation": {},
        "Demand": {
          "PGA-1-1": 68.25918434549504,
          "PGD-1-1": 0.03589590856100595,
          "PGD-1-3": 0.4862352044388796,
          "SA_0.3-1-1": 0.3249536584676433,
          "SA_1.0-1-1": 163.77989468502332
        },
        "Damage": {
          "HRD.GF.2-1": 0,
          "collapse-0": 0
        },
        "Loss": {
          "Repair": {
            "Cost": {
              "HRD-HRD.GF.2": 0.0,
              "replacement-collapse": 0.0
            },
            "Time": {
              "HRD-HRD.GF.2": 0.0,
              "replacement-collapse": 0.0
            }
          }
        }
      },
      "3025": {
        "GeneralInformation": {},
        "Demand": {
          "PGA-1-1": 85.6081830500437,
          "PGD-1-1": 1.1327419949975253,
          "PGD-1-3": 0.07974758006146983,
          "SA_0.3-1-1": 130.55469813532667,
          "SA_1.0-1-1": 152.70926237521076
        },
        "Damage": {
          "HRD.GF.2-1": 0,
          "collapse-0": 0
        },