{
  "Buildings": {
    "1": {
      "GeneralInformation": {},
      "Demand": {
        "PGA-1-1": 102.05133348536367,
        "PGD-1-1": 2.2476124650725966,
        "PGD-1-3": 32.846264491456374,
        "SA_0.3-1-1": 0.7975627361615133,
        "SA_1.0-1-1": 147.4433528171041
      },
      "Damage": {
        "GF.H.S-1": 0,
        "GF.V.S-1": 0,
        "LF.W1.MC-1": 1,
        "collapse-0": 0
      },
      "Loss": {
        "Repair": {
          "Cost": {
            "LF.IND2-LF.W1.MC": 2.0,
            "replacement-collapse": 0.0
          },
          "Time": {
            "LF.IND2-LF.W1.MC": 10.0,
            "replacement-collapse": 0.0
          }
        }
      }
    },
    "2": {
      "GeneralInformation": {},
      "Demand": {
        "PGA-1-1": 102.05133348536367,
        "PGD-1-1": 2.2476124650725966,
        "PGD-1-3": 32.846264491456374,
        "SA_0.3-1-1": 0.7975627361615133,
        "SA_1.0-1-1": 147.4433528171041
      },
      "Damage": {
        "GF.H.S-1": 1,
        "GF.V.S-1": 2,
        "LF.W1.MC-1": 1,
        "collapse-0": 0
      },
      "Loss": {
        "Repair": {
          "Cost": {
            "LF.IND2-LF.W1.MC": 2.0,
            "replacement-collapse": 0.0
          },
          "Time": {
            "LF.IND2-LF.W1.MC": 10.0,
            "replacement-collapse": 0.0
          }
        }
      }
    }
  },
  "TransportationNetwork": {
    "Bridge": {
      "0": {
        "GeneralInformation": {},
        "Demand": {
          "PGA-1-1": 195.17626610303847,
          "PGD-1-1": 91.29601136632243,
          "PGD-1-3": 6.168047602482308,
          "SA_0.3-1-1": 595.3813849600582,
          "SA_1.0-1-1": 236.3122103236903
        },
        "Damage": {
          "HWB.GF-1": 2,
          "HWB.GS.1-1": 2,
          "collapse-0": 0
        },
        "Loss": {
          "Repair": {
            "Cost": {
              "HWB-HWB.GF": 0.7,
              "HWB-HWB.GS.1": 0.7,
              "replacement-collapse": 0.0
            },
            "Time": {
              "HWB-HWB.GF": 10.0,
              "HWB-HWB.GS.1": 10.0,
              "replacement-collapse": 0.0
            }
          }
        }
      }
    },
    "Roadway": {
      "3015": {
        "GeneralInformation": {},
        "Demand": {
          "PGA-1-1": 140.23128781920383,
          "PGD-1-1": 0.16001175768051526,
          "PGD-1-3": 2.846181271829616,
          "SA_0.3-1-1": 1.1374832997013893,
          "SA_1.0-1-1": 124.78679569844167
        },
        "Damage": {
          "HRD.GF.2-1": 0,
          "collapse-0": 0
        },
        "Loss": {
          "Repair": {
            "Cost": {
              "HRD-HRD.GF.2": 0.0,
              "replacement-collapse": 0.0
            },
            "Time": {
              "HRD-HRD.GF.2": 0.0,
              "replacement-collapse": 0.0
            }
          }
        }
      },
      "3016": {
        "GeneralInformation": {},
        "Demand": {
          "PGA-1-1": 117.58953257577133,
          "PGD-1-1": 16.071133760294572,
          "PGD-1-3": 0.9607755978739981,
          "SA_0.3-1-1": 313.18882512338,
          "SA_1.0-1-1": 81.87572512509354
        },
        "Damage": {
          "HRD.GF.2-1": 2,
          "collapse-0": 0
        },
        "Loss": {
          "Repair": {
            "Cost": {
              "HRD-HRD.GF.2": 0.75,
              "replacement-collapse": 0.0
            },
            "Time": {
              "HRD-HRD.GF.2": 9.0,
              "replacement-collapse": 0.0
            }
          }
        }
      },
      "3017": {
        "GeneralInformation": {},
        "Demand": {
          "PGA-1-1": 117.58953257577133,
          "PGD-1-1": 16.071133760294572,
          "PGD-1-3": 0.9607755978739981,
          "SA_0.3-1-1": 313.18882512338,
          "SA_1.0-1-1": 81.87572512509354
        },
        "Damage": {
          "HRD.GF.2-1": 1,
          "collapse-0": 0
        },
        "Loss": {
          "Repair": {
            "Cost": {
              "HRD-HRD.GF.2": 0.1,
              "replacement-collapse": 0.0
            },
            "Time": {
              "HRD-HRD.GF.2": 2.0,
              "replacement-collapse": 0.0
            }
          }
        }
      },
      "3020": {
        "GeneralInformation": {},
        "Demand": {
          "PGA-1-1": 140.23128781920383,
          "PGD-1-1": 2.846181271829616,
          "PGD-1-3": 0.16001175768051526,
          "SA_0.3-1-1": 1.1374832997013893,
          "SA_1.0-1-1": 124.78679569844167
        },
        "Damage": {
          "HRD.GF.2-1": 0,
          "collapse-0": 0
        },
        "Loss": {
          "Repair": {
            "Cost": {
              "HRD-HRD.GF.2": 0.0,
              "replacement-collapse": 0.0
            },
            "Time": {
              "HRD-HRD.GF.2": 0.0,
              "replacement-collapse": 0.0
            }
          }
        }
      },
      "3021": {
        "GeneralInformation": {},
        "Demand": {
          "PGA-1-1": 140.23128781920383,
          "PGD-1-1": 0.16001175768051526,
          "PGD-1-3": 2.846181271829616,
          "SA_0.3-1-1": 1.1374832997013893,
          "SA_1.0-1-1": 124.78679569844167
        },
        "Damage": {
          "HRD.GF.2-1": 0,
          "collapse-0": 0
        },
        "Loss": {
          "Repair": {
            "Cost": {
              "HRD-HRD.GF.2": 0.0,
              "replacement-collapse": 0.0
            },
            "Time": {
              "HRD-HRD.GF.2": 0.0,
              "replacement-collapse": 0.0
            }
          }
        }
      },
      "3022": {
        "GeneralInformation": {},
        "Demand": {
          "PGA-1-1": 126.4955128836291,
          "PGD-1-1": 5.0130297081649,
          "PGD-1-3": 0.29091896236648107,
          "SA_0.3-1-1": 462.920760097904,
          "SA_1.0-1-1": 139.46575451169747
        },
        "Damage": {
          "HRD.GF.2-1": 2,
          "collapse-0": 0
        },
        "Loss": {
          "Repair": {
            "Cost": {
              "HRD-HRD.GF.2": 0.75,
              "replacement-collapse": 0.0
            },
            "Time": {
              "HRD-HRD.GF.2": 9.0,
              "replacement-collapse": 0.0
            }
          }
        }
      },
      "3023": {
        "GeneralInformation": {},
        "Demand": {
          "PGA-1-1": 126.4955128836291,
          "PGD-1-1": 5.0130297081649,
          "PGD-1-3": 0.29091896236648107,
          "SA_0.3-1-1": 462.920760097904,
          "SA_1.0-1-1": 139.46575451169747
        },
        "Damage": {
          "HRD.GF.2-1": 1,
          "collapse-0": 0
        },
        "Loss": {
          "Repair": {
            "Cost": {
              "HRD-HRD.GF.2": 0.1,
              "replacement-collapse": 0.0
            },
            "Time": {
              "HRD-HRD.GF.2": 2.0,
              "replacement-collapse": 0.0
            }
          }
        }
      },
      "3024": {
        "GeneralInformation": {},
        "Demand": {
          "PGA-1-1": 105.34859871012053,
          "PGD-1-1": 3.9706001273752856,
          "PGD-1-3": 0.22789204838315097,
          "SA_0.3-1-1": 388.63420429623966,
          "SA_1.0-1-1": 109.36437800371495
        },
        "Damage": {
          "HRD.GF.2-1": 0,
          "collapse-0": 0
        },
        "Loss": {
          "Repair": {
            "Cost": {
              "HRD-HRD.GF.2": 0.0,
              "replacement-collapse": 0.0
            },
            "Time": {
              "HRD-HRD.GF.2": 0.0,
              "replacement-collapse": 0.0
            }
          }
        }
      },
      "3025": {
        "GeneralInformation": {},
        "Demand": {
          "PGA-1-1": 105.34859871012053,
          "PGD-1-1": 3.9706001273752856,
          "PGD-1-3": 0.22789204838315097,
          "SA_0.3-1-1": 388.63420429623966,
          "SA_1.0-1-1": 109.36437800371495
        },
        "Damage": {
          "HRD.GF.2-1": 1,
          "collapse-0": 0
        },