{
  "ONE-0-1": [
    1.0,
    1.0,
    1.0,
    1.0,
    1.0,
    1.0,
    1.0,
    1.0,
    1.0,
    1.0,
    1.0,
    1.0,
    1.0,
    1.0,
    1.0,
    1.0,
    1.0,
    1.0,
    1.0,
    1.0,
    1.0,
    1.0,
    1.0,
    1.0,
    1.0,
    1.0,
    1.0,
    1.0,
    1.0,
    1.0,
    1.0,
    1.0,
    1.0,
    1.0,
    1.0,
    1.0,
    1.0,
    1.0,
    1.0,
    1.0,
    1.0,
    1.0,
    1.0,
    1.0,
    1.0,
    1.0,
    1.0,
    1.0,
    1.0,
    1.0,
    1.0,
    1.0,
    1.0,
    1.0,
    1.0,
    1.0,
    1.0,
    1.0,
    1.0,
    1.0,
    1.0,
    1.0,
    1.0,
    1.0,
    1.0,
    1.0,
    1.0,
    1.0,
    1.0,
    1.0,
    1.0,
    1.0,
    1.0,
    1.0,
    1.0,
    1.0,
    1.0,
    1.0,
    1.0,
    1.0,
    1.0,
    1.0,
    1.0,
    1.0,
    1.0,
    1.0,
    1.0,
    1.0,
    1.0,
    1.0,
    1.0,
    1.0,
    1.0,
    1.0,
    1.0,
    1.0,
    1.0,
    1.0,
    1.0,
    1.0
  ],
  "PGA-1-1": [
    89.9478890160815,
    62.8845477971247,
    118.3593424285968,
    130.75360329584657,
    94.60785529257608,
    106.319303905078,
    77.45808650827203,
    111.8728030408206,
    159.69364993331683,
    244.12518967195925,
    130.37746796242604,
    156.5400851000504,
    137.1642783301095,
    221.7139809123262,
    94.46771541155178,
    214.57101803776797,
    105.14197175303848,
    152.30044113053688,
    106.91916897359629,
    123.61664024288709,
    138.2225918053991,
    124.86192329089093,
    141.36913706031737,
    112.75947678216617,
    118.21814002458916,
    202.16861967401135,
    124.74342149931898,
    79.6359728204714,
    97.70631286775895,
    75.77140525441126,
    227.68893090936416,
    64.31300227907307,
    281.19987027155986,
    115.42514402774312,
    266.86863556389886,
    221.7171363611129,
    193.21521967547136,
    148.6926485651123,
    148.728329093617,
    254.33753797892382,
    180.8673856155356,
    71.86202940860507,
    177.45797692098503,
    138.190634098289,
    121.56532378407124,
    110.98469434124333,
    48.607176628880886,
    240.262933775382,
    163.90685109234636,
    359.5491979014763,
    164.4953133687122,
    81.48939158311516,
    355.21220534513685,
    91.88709753286878,
    233.04652445366105,
    148.68960504515175,
    101.16498589714682,
    213.58296768040597,
    142.54564394842612,
    110.83852565513106,
    131.4579802069656,
    137.7054352656511,
    302.29551033658026,
    46.93479375639807,
    189.1811173687568,
    201.4227370818817,
    91.24200964434269,
    72.83415928213321,
    79.15212530059546,
    101.722276617033,
    84.84029214847833,
    64.21758030233056,
    162.16225286397304,
    215.78014337340937,
    284.9282260410383,
    321.90344759245085,
    80.47777705366887,
    32.28415448618008,
    67.02922575510841,
    78.62238296924897,
    180.3732525834536,
    134.18149377819182,
    263.668251092928,
    115.53797076460297,
    63.772771491407404,
    108.54843767337094,
    126.36635426915144,
    92.46824739248866,
    100.86498635430705,
    173.77911427231948,
    69.75206290732923,
    174.4968094478002,
    187.2106671200243,
    106.98583814495412,
    146.6505284908829,
    184.81092938651204,
    133.32977723541796,
    183.51965043476628,
    37.220626439085656,
    251.8834149483732
  ],
  "PGD-1-1": [
    1.094365687882121,
    3.7806984799856105,
    1.4679474914958794,
    7.436787207465531,
    1.0687822565651106,
    1.2903265724224886,
    19.068427972495197,
    1.4683950437064324,
    1.6579735088328214,
    7.436787207465531,
    7.436787207465531,
    1.5235219455140638,
    1.4404926775682465,
    39.697774092985405,
    23.478274595570372,
    1.770773632033454,
    13.328563332671642,
    17.159413990824017,
    7.436787207465531,
    1.4502518608053656,
    7.436787207465531,
    29.30792340409156,
    7.436787207465531,
    1.3726270861421235,
    7.436787207465531,
    1.6222710253345796,
    7.436787207465531,
    1.106232157024034,
    1.2012256583613827,
    1.069622909326266,
    7.436787207465531,
    0.9955174493292985,
    7.436787207465531,
    1.4693072909690796,
    7.436787207465531,
    7.436787207465531,
    1.5517675026783764,
    7.436787207465531,
    7.436787207465531,
    7.436787207465531,
    1.727219975475008,
    5.012018231977039,
    7.436787207465531,
    16.210863368475792,
    1.3940680239335603,
    7.436787207465531,
    2.3040039781549715,
    24.86070274067688,
    7.436787207465531,
    7.436787207465531,
    1.4247301552938572,
    6.681828976777881,
    47.73069957306361,
    7.308306240414178,
    40.89629071713407,
    7.436787207465531,
    1.3141552941090449,
    7.436787207465531,
    7.436787207465531,
    7.436787207465531,
    1.4218572996710048,
    1.582884938043117,
    45.214078106254256,
    0.6661507011771949,
    1.5669559733258691,
    1.6265401114010438,
    7.285122459427348,
    5.199597123881632,
    1.1355566056246247,
    7.436787207465531,
    1.3135507911968425,
    3.912693483456031,
    17.751097553411412,
    7.436787207465531,
    1.8275437123658225,
    46.14347872451774,
    6.616795895014309,
    0.031261709278878266,
    0.9872511164978031,
    6.456340821460492,
    7.436787207465531,
    15.943092208597767,
    1.7360314253455427,
    7.436787207465531,
    5.5701220499649615,
    7.436787207465531,
    1.4615645976979272,
    1.0944884872538798,
    1.176954591279045,
    7.436787207465531,
    7.021696425442219,
    1.3455129764975713,
    19.27993510101597,
    7.436787207465531,
    7.436787207465531,
    1.5997680870556097,
    7.436787207465531,
    1.6990344215924365,
    0.560661290320898,
    1.7637262260385915
  ],