{
  "repair_cost-": {
    "count": 100.0,
    "mean": 0.6509999999999999,
    "std": 0.5101485226397457,
    "log_std": NaN,
    "min": 0.0,
    "0.1%": 0.0,
    "2.3%": 0.0,
    "10%": 0.0,
    "15.9%": 0.1,
    "50%": 0.75,
    "84.1%": 1.2036000000000002,
    "90%": 1.5,
    "97.7%": 1.6807499999999995,
    "99.9%": 1.75,
    "max": 1.75
  },
  "repair_time-parallel": {
    "count": 100.0,
    "mean": 23.02,
    "std": 72.06169915321513,
    "log_std": NaN,
    "min": 0.0,
    "0.1%": 0.0,
    "2.3%": 0.0,
    "10%": 0.0,
    "15.9%": 2.0,
    "50%": 10.0,
    "84.1%": 20.0,
    "90%": 20.0,
    "97.7%": 372.784,
    "99.9%": 375.0,
    "max": 375.0
  },
  "repair_time-sequential": {
    "count": 100.0,
    "mean": 23.02,
    "std": 72.06169915321513,
    "log_std": NaN,
    "min": 0.0,
    "0.1%": 0.0,
    "2.3%": 0.0,
    "10%": 0.0,
    "15.9%": 2.0,
    "50%": 10.0,
    "84.1%": 20.0,
    "90%": 20.0,
    "97.7%": 372.784,
    "99.9%": 375.0,
    "max": 375.0
  },
  "collapse": {
    "count": 100.0,
    "mean": 0.0,
    "std": 0.0,
    "log_std": NaN,
    "min": 0.0,
    "0.1%": 0.0,
    "2.3%": 0.0,
    "10%": 0.0,
    "15.9%": 0.0,
    "50%": 0.0,
    "84.1%": 0.0,
    "90%": 0.0,
    "97.7%": 0.0,
    "99.9%": 0.0,
    "max": 0.0
  },
  "irreparable": {
    "count": 100.0,
    "mean": 0.0,
    "std": 0.0,
    "log_std": NaN,
    "min": 0.0,
    "0.1%": 0.0,
    "2.3%": 0.0,
    "10%": 0.0,
    "15.9%": 0.0,
    "50%": 0.0,
    "84.1%": 0.0,
    "90%": 0.0,
    "97.7%": 0.0,
    "99.9%": 0.0,
    "max": 0.0
  }
}