{
  "ONE-0-1": [
    1.0,
    1.0,
    1.0,
    1.0,
    1.0,
    1.0,
    1.0,
    1.0,
    1.0,
    1.0,
    1.0,
    1.0,
    1.0,
    1.0,
    1.0,
    1.0,
    1.0,
    1.0,
    1.0,
    1.0,
    1.0,
    1.0,
    1.0,
    1.0,
    1.0,
    1.0,
    1.0,
    1.0,
    1.0,
    1.0,
    1.0,
    1.0,
    1.0,
    1.0,
    1.0,
    1.0,
    1.0,
    1.0,
    1.0,
    1.0,
    1.0,
    1.0,
    1.0,
    1.0,
    1.0,
    1.0,
    1.0,
    1.0,
    1.0,
    1.0,
    1.0,
    1.0,
    1.0,
    1.0,
    1.0,
    1.0,
    1.0,
    1.0,
    1.0,
    1.0,
    1.0,
    1.0,
    1.0,
    1.0,
    1.0,
    1.0,
    1.0,
    1.0,
    1.0,
    1.0,
    1.0,
    1.0,
    1.0,
    1.0,
    1.0,
    1.0,
    1.0,
    1.0,
    1.0,
    1.0,
    1.0,
    1.0,
    1.0,
    1.0,
    1.0,
    1.0,
    1.0,
    1.0,
    1.0,
    1.0,
    1.0,
    1.0,
    1.0,
    1.0,
    1.0,
    1.0,
    1.0,
    1.0,
    1.0,
    1.0
  ],
  "PGA-1-1": [
    85.59401106109013,
    85.10429798696252,
    172.79104818363075,
    126.81160466430065,
    69.2071801827699,
    108.70265048479612,
    63.56519257000488,
    188.2199263525264,
    132.03076606378417,
    259.7719164511963,
    131.62784182884636,
    202.20204145084216,
    147.67716969613258,
    258.6192336041415,
    95.22512096968144,
    227.28569491774184,
    103.15684846711953,
    130.09932947230027,
    85.45159079587243,
    145.9688184308125,
    160.5855682336482,
    173.21094376610108,
    142.48208725167856,
    181.25239450341286,
    156.57196166342752,
    239.89650465858287,
    95.61401899536051,
    94.638582648629,
    131.92887833478775,
    59.417471843178944,
    236.1288796717407,
    52.8157217896409,
    375.60674330417805,
    136.08466953365388,
    292.978433987734,
    278.6724155114243,
    210.36276774122416,
    131.24890497368605,
    181.18845191274568,
    302.27781889986767,
    366.07361126513234,
    64.96700869647808,
    132.01567482136736,
    97.5132816885292,
    183.79978934341167,
    128.42332931555478,
    55.35230067534414,
    257.54549073966103,
    170.70812861714614,
    398.7416075829617,
    121.1800979044514,
    128.2367151779839,
    415.2773379515615,
    78.10937895636195,
    170.57749860503117,
    170.34793984403845,
    87.7551077736815,
    226.49253907445453,
    113.87139866090779,
    86.17099745926294,
    126.4955128836291,
    169.24811046955125,
    246.8752687629001,
    59.85299355532687,
    217.83880200615843,
    156.7558290968398,
    79.83855334756447,
    62.71756832366789,
    79.84852181462259,
    108.68082442197093,
    98.82936354527816,
    92.20465570122867,
    126.44818540675342,
    195.78778985994356,
    339.8809023159887,
    373.3755173438254,
    73.16253518367226,
    34.54396066024337,
    56.858502260568365,
    70.04562346817355,
    212.55326594703126,
    104.083267367065,
    257.7921269577032,
    149.81267350190524,
    64.30477016101277,
    103.68735852370627,
    152.18032238125565,
    88.89633196983411,
    90.72163253805762,
    253.05517247684529,
    76.95038111341297,
    129.07572242855676,
    172.127726341249,
    94.83989711629336,
    169.22458373940805,
    143.97902773736743,
    182.5927403417776,
    248.7164541153003,
    34.744229973216555,
    295.93651170757806
  ],
  "PGD-1-1": [
    3.145154269606592,
    1.694992253173805,
    0.20771058873788825,
    4.478987529403081,
    1.7174345100639736,
    1.5892654591180293,
    0.02640366252857129,
    16.878647029711843,
    5.15432150950944,
    19.0506378469854,
    4.367094276937267,
    0.2588515968412302,
    0.17475776049482294,
    16.71267394501155,
    2.0958760474178164,
    8.063079559812488,
    3.2331202017231906,
    4.458528554331313,
    3.187949897754044,
    0.1710942186106998,
    5.96017503621285,
    5.630022225597937,
    4.609484276527616,
    5.078172182491145,
    0.18480957660608213,
    6.916535466217479,
    2.6622428629340957,
    2.884035802988457,
    3.152499513545625,
    1.618031241968915,
    14.54126759022517,
    0.4260380892055184,
    16.074567393136423,
    4.49463771560828,
    14.568391531837682,
    24.17668621634759,
    7.167695671749636,
    0.14553969940400377,
    0.2215009331025544,
    0.7590859348453011,
    15.369379837243375,
    0.028968407287341052,
    0.14662862515925543,
    0.0923087697726237,
    5.201929121984086,
    0.14165459451397877,
    1.2861054405937848,
    0.4534363757524875,
    0.20446014034623,
    28.855514534521806,
    0.13275845854623144,
    0.14140476577931896,
    19.388947525489023,
    0.068829476339225,
    5.138949705304693,
    5.796321549255661,
    2.996208916685656,
    7.065553625461394,
    4.057359648236664,
    0.07712525956049372,
    5.0130297081649,
    0.2022189707654772,
    16.10494017279123,
    0.3033743149980259,
    0.28300244796508733,
    6.52252471486692,
    0.07047996281828488,
    0.02494551618092237,
    1.6511147724483752,
    0.11541904380146814,
    2.180336037605408,
    2.5480427422119583,
    4.3851051407746215,
    8.728939519773691,
    13.891984726336172,
    1.2814558420747777,
    2.159694660176702,
    0.006513558318145505,
    0.016380230201384495,
    0.9156247313085801,
    0.2744515985641114,
    3.9990806045167746,
    0.45497867817061205,
    0.1771855880293637,
    0.027731777564607627,
    0.10368364500082537,
    5.504637598429211,
    3.053355131324091,
    0.0826023830977906,
    7.732338976035914,
    2.4062475131521017,
    4.309236856464861,
    0.20666855522445493,
    0.08819933651155061,
    4.393268196091589,
    5.809795898594277,
    5.336019967533099,
    7.413657910728103,
    0.10625201687431013,
    0.7141617394786514
  ],