{
  "ONE-0-1": [
    1.0,
    1.0,
    1.0,
    1.0,
    1.0,
    1.0,
    1.0,
    1.0,
    1.0,
    1.0,
    1.0,
    1.0,
    1.0,
    1.0,
    1.0,
    1.0,
    1.0,
    1.0,
    1.0,
    1.0,
    1.0,
    1.0,
    1.0,
    1.0,
    1.0,
    1.0,
    1.0,
    1.0,
    1.0,
    1.0,
    1.0,
    1.0,
    1.0,
    1.0,
    1.0,
    1.0,
    1.0,
    1.0,
    1.0,
    1.0,
    1.0,
    1.0,
    1.0,
    1.0,
    1.0,
    1.0,
    1.0,
    1.0,
    1.0,
    1.0,
    1.0,
    1.0,
    1.0,
    1.0,
    1.0,
    1.0,
    1.0,
    1.0,
    1.0,
    1.0,
    1.0,
    1.0,
    1.0,
    1.0,
    1.0,
    1.0,
    1.0,
    1.0,
    1.0,
    1.0,
    1.0,
    1.0,
    1.0,
    1.0,
    1.0,
    1.0,
    1.0,
    1.0,
    1.0,
    1.0,
    1.0,
    1.0,
    1.0,
    1.0,
    1.0,
    1.0,
    1.0,
    1.0,
    1.0,
    1.0,
    1.0,
    1.0,
    1.0,
    1.0,
    1.0,
    1.0,
    1.0,
    1.0,
    1.0,
    1.0
  ],
  "PGA-1-1": [
    80.98318064862877,
    77.38415820346154,
    135.6190798843251,
    141.38181037487672,
    61.36624978451896,
    106.38172862368124,
    60.01727871605535,
    259.2005410323477,
    130.1195745557832,
    273.65731050832056,
    143.1549110312444,
    210.72533173649168,
    129.86920660239807,
    267.3879966407153,
    72.82414086520174,
    167.50063251957295,
    116.69154320972652,
    120.08316930418192,
    90.26747360867176,
    133.19159683826626,
    163.32192847261985,
    118.89083015361558,
    140.576672928268,
    160.14400548586698,
    161.71149712790745,
    220.16168016114267,
    91.86963463712425,
    116.91874132856351,
    158.9168591547217,
    74.22510590514281,
    259.91796068429653,
    54.70101747979872,
    277.1995330309925,
    119.22985565135458,
    274.42687794753505,
    287.2695181693068,
    230.29232715272846,
    159.6832287741148,
    187.18876973518448,
    255.86240820586477,
    312.42500811175427,
    96.3595554232739,
    127.47108719876208,
    103.01814229052864,
    188.28845519085976,
    101.45378951323856,
    47.715774940398646,
    315.63252111498053,
    161.10343811118452,
    426.7925795321932,
    137.30036520154667,
    149.44935982798177,
    460.98107230480525,
    92.03301468654028,
    192.184956516623,
    160.0216901596424,
    120.4255590078537,
    259.4837749293948,
    165.75612645976835,
    100.6594770132079,
    117.58953257577133,
    149.4340739863821,
    259.2398630565572,
    60.198365245168524,
    242.590271554468,
    196.48143294021796,
    84.86242864833056,
    73.00134214841117,
    105.075343124213,
    105.24182352827324,
    95.487982908582,
    86.61057655335003,
    170.3700818055933,
    214.50874202169985,
    247.80414073262097,
    355.5643829803806,
    84.73997550104134,
    21.940315482036215,
    60.823263419178815,
    71.68856137186225,
    214.5477288956356,
    112.39857365174473,
    207.1415262324408,
    139.25249481669067,
    81.13204584903878,
    141.57969600018052,
    143.82218681553516,
    95.37295181474825,
    108.67194301376873,
    187.89375659157315,
    73.55377308181117,
    147.68448360292487,
    155.55637862385936,
    102.41207131779007,
    91.74447619467408,
    142.53055660556535,
    137.307538706794,
    175.80754063756217,
    39.91468538201793,
    295.7213381904244
  ],
  "PGD-1-1": [
    10.458369326196072,
    0.8318640564854989,
    13.406188760875745,
    14.003253763036616,
    7.8667550245033775,
    11.687907074701355,
    4.101555145878472,
    21.33954761082852,
    16.662050764307747,
    27.224020206870666,
    14.246202837874664,
    19.850410333545668,
    16.85192691864835,
    28.973311066310536,
    8.562314798211217,
    24.564411128861995,
    13.233359475598855,
    13.887937698353715,
    11.832670922231701,
    15.244629383002247,
    16.286528965199683,
    15.827262247441004,
    17.234634533576752,
    14.141542916268499,
    16.04890230069257,
    18.831326043119336,
    9.52809770691154,
    9.91207563696436,
    8.41707971440551,
    7.438697529248411,
    1.8841800368312185,
    2.5671258037244162,
    1.987006195236814,
    1.29653749824009,
    24.066526031092376,
    27.091435544829736,
    19.73300201502439,
    13.93811403090501,
    18.98818505246009,
    27.33282432112913,
    31.2722395947606,
    8.39033663080714,
    13.522852824790284,
    13.071709891881563,
    16.62651680264849,
    11.999170335303425,
    7.273424395783574,
    32.74095514020874,
    16.973903817785743,
    44.117474588694016,
    14.973453151223383,
    11.638605133100576,
    36.64183051225536,
    7.653280457195821,
    20.91533387557212,
    17.009441912233484,
    9.270762215124238,
    21.38940567127852,
    12.618341144606843,
    9.01343561401434,
    16.071133760294572,
    16.33849053170471,
    23.91549283975214,
    6.882403655339096,
    18.20574064697678,
    15.086336886303046,
    5.240385604448432,
    7.367292056686415,
    4.476108260069597,
    13.173207622086556,
    10.20439500733671,
    7.922412498066668,
    17.189590024832324,
    19.05295776201136,
    25.9544183591294,
    2.503951793126887,
    6.082418310144038,
    0.052997931833933115,
    1.76152183793276,
    4.3384577718920765,
    16.81485671502066,
    13.997347770538907,
    27.426994377986038,
    13.564298088163044,
    9.696642470426903,
    14.429219740178906,
    12.46628345992786,
    11.078172860629577,
    13.372827761300853,
    20.630861013243305,
    9.733450010941553,
    13.192101252725775,
    17.441976135602562,
    11.619161061890184,
    14.555793934359215,
    14.39116293870909,
    16.327782744419373,
    21.381330173829014,
    0.4368531345763132,
    35.12727034400194
  ],