,repair_cost-,repair_time-parallel,repair_time-sequential,collapse,irreparable
count,100.0,100.0,100.0,100.0,100.0
mean,0.5445,25.67,25.67,0.0,0.0
std,0.375371533122569,30.73380496581521,30.73380496581521,0.0,0.0
log_std,,,,,
min,0.0,0.0,0.0,0.0,0.0
0.1%,0.0,0.0,0.0,0.0,0.0
2.3%,0.0,0.0,0.0,0.0,0.0
10%,0.0,0.0,0.0,0.0,0.0
15.9%,0.1,2.0,2.0,0.0,0.0
50%,0.75,9.0,9.0,0.0,0.0
84.1%,0.9,70.0,70.0,0.0,0.0
90%,0.9,70.0,70.0,0.0,0.0
97.7%,0.9,70.0,70.0,0.0,0.0
99.9%,0.9,70.0,70.0,0.0,0.0
max,0.9,70.0,70.0,0.0,0.0
