{
  "ONE-0-1": [
    1.0,
    1.0,
    1.0,
    1.0,
    1.0,
    1.0,
    1.0,
    1.0,
    1.0,
    1.0,
    1.0,
    1.0,
    1.0,
    1.0,
    1.0,
    1.0,
    1.0,
    1.0,
    1.0,
    1.0,
    1.0,
    1.0,
    1.0,
    1.0,
    1.0,
    1.0,
    1.0,
    1.0,
    1.0,
    1.0,
    1.0,
    1.0,
    1.0,
    1.0,
    1.0,
    1.0,
    1.0,
    1.0,
    1.0,
    1.0,
    1.0,
    1.0,
    1.0,
    1.0,
    1.0,
    1.0,
    1.0,
    1.0,
    1.0,
    1.0,
    1.0,
    1.0,
    1.0,
    1.0,
    1.0,
    1.0,
    1.0,
    1.0,
    1.0,
    1.0,
    1.0,
    1.0,
    1.0,
    1.0,
    1.0,
    1.0,
    1.0,
    1.0,
    1.0,
    1.0,
    1.0,
    1.0,
    1.0,
    1.0,
    1.0,
    1.0,
    1.0,
    1.0,
    1.0,
    1.0,
    1.0,
    1.0,
    1.0,
    1.0,
    1.0,
    1.0,
    1.0,
    1.0,
    1.0,
    1.0,
    1.0,
    1.0,
    1.0,
    1.0,
    1.0,
    1.0,
    1.0,
    1.0,
    1.0,
    1.0
  ],
  "PGA-1-1": [
    80.98318064862877,
    69.97775065023004,
    144.5062111018811,
    162.1303090020828,
    61.36624978451896,
    106.38172862368124,
    82.82322531556369,
    296.72232636768206,
    187.85191717348417,
    273.65731050832056,
    143.1549110312444,
    202.20204145084216,
    129.86920660239807,
    267.3879966407153,
    72.82414086520174,
    227.28569491774184,
    116.69154320972652,
    120.08316930418192,
    90.26747360867176,
    133.19159683826626,
    163.32192847261985,
    154.66204047559987,
    140.576672928268,
    154.6366347377625,
    164.44063472773055,
    197.98291715991326,
    91.86963463712425,
    116.91874132856351,
    99.96987508316255,
    74.22510590514281,
    307.01267411683483,
    54.70101747979872,
    282.9682063801603,
    142.35466155057915,
    292.978433987734,
    287.2695181693068,
    230.29232715272846,
    157.65904689984694,
    187.18876973518448,
    255.86240820586477,
    312.42500811175427,
    96.3595554232739,
    127.47108719876208,
    103.01814229052864,
    188.28845519085976,
    103.75831141612775,
    47.715774940398646,
    315.63252111498053,
    170.70812861714614,
    403.3896403837241,
    137.30036520154667,
    128.2367151779839,
    460.98107230480525,
    92.03301468654028,
    173.4322201626449,
    160.0216901596424,
    105.60193114852474,
    259.4837749293948,
    95.25592128041502,
    100.6594770132079,
    117.58953257577133,
    169.24811046955125,
    282.34797259488823,
    60.198365245168524,
    242.590271554468,
    153.64621951970318,
    109.65872183101712,
    73.00134214841117,
    90.74447428200521,
    109.829653848844,
    94.38093625202998,
    92.20465570122867,
    149.75191505487896,
    214.50874202169985,
    247.80414073262097,
    460.23508069676654,
    84.73997550104134,
    21.940315482036215,
    70.0661371248279,
    75.20513578881723,
    156.7379852229376,
    137.0967256139222,
    207.1415262324408,
    137.66264155971768,
    81.13204584903878,
    108.57455817549824,
    167.33021427501404,
    95.37295181474825,
    90.72163253805762,
    253.05517247684529,
    76.95038111341297,
    144.0199777042781,
    182.4488239896185,
    96.85984044223208,
    91.74447619467408,
    198.53585640523156,
    182.5927403417776,
    175.80754063756217,
    39.91468538201793,
    295.7213381904244
  ],
  "PGD-1-1": [
    10.458369326196072,
    0.040144769234792106,
    15.279649365102667,
    5.2780859013790415,
    7.8667550245033775,
    11.687907074701355,
    0.9590002920068237,
    0.7197884649183879,
    13.999455505411804,
    27.224020206870666,
    14.246202837874664,
    0.2588515968412302,
    16.85192691864835,
    28.973311066310536,
    8.562314798211217,
    8.063079559812488,
    13.233359475598855,
    13.887937698353715,
    11.832670922231701,
    15.244629383002247,
    16.286528965199683,
    13.446099379333555,
    17.234634533576752,
    0.18246017459732505,
    5.494915635110614,
    15.817998665663179,
    9.52809770691154,
    9.91207563696436,
    9.988572320516568,
    7.438697529248411,
    23.52285714381558,
    2.5671258037244162,
    28.55165963558373,
    14.450529650863952,
    14.568391531837682,
    27.091435544829736,
    19.73300201502439,
    11.54025951354984,
    18.98818505246009,
    27.33282432112913,
    31.2722395947606,
    8.39033663080714,
    13.522852824790284,
    13.071709891881563,
    16.62651680264849,
    4.032113821273085,
    7.273424395783574,
    32.74095514020874,
    0.20446014034623,
    1.5060079614715476,
    14.973453151223383,
    0.14140476577931896,
    36.64183051225536,
    7.653280457195821,
    17.47669464837083,
    17.009441912233484,
    11.094248186624055,
    21.38940567127852,
    14.909479285845972,
    9.01343561401434,
    16.071133760294572,
    0.2022189707654772,
    0.6191554244117311,
    6.882403655339096,
    18.20574064697678,
    12.981180322999135,
    1.6511949029048791,
    7.367292056686415,
    0.0826316203059356,
    11.088235652751335,
    2.881199329932624,
    2.5480427422119583,
    0.17712160423848694,
    19.05295776201136,
    25.9544183591294,
    34.42563300462791,
    6.082418310144038,
    0.052997931833933115,
    0.4666180779825195,
    3.5172689681760985,
    6.971561895376659,
    11.619201535899252,
    27.426994377986038,
    4.871394458323182,
    9.696642470426903,
    3.8187868357681376,
    0.1993754592855832,
    11.078172860629577,
    0.0826023830977906,
    7.732338976035914,
    2.4062475131521017,
    16.10700631485786,
    6.076010586491023,
    3.1706867026880143,
    14.555793934359215,
    16.924682939579636,
    5.336019967533099,
    21.381330173829014,
    0.4368531345763132,
    35.12727034400194
  ],