{
  "repair_cost-": {
    "count": 100.0,
    "mean": 0.4255,
    "std": 0.3998418247863583,
    "log_std": NaN,
    "min": 0.0,
    "0.1%": 0.0,
    "2.3%": 0.0,
    "10%": 0.0,
    "15.9%": 0.0,
    "50%": 0.1,
    "84.1%": 0.9,
    "90%": 0.9,
    "97.7%": 0.9,
    "99.9%": 0.9,
    "max": 0.9
  },
  "repair_time-parallel": {
    "count": 100.0,
    "mean": 21.29,
    "std": 29.9451670608636,
    "log_std": NaN,
    "min": 0.0,
    "0.1%": 0.0,
    "2.3%": 0.0,
    "10%": 0.0,
    "15.9%": 0.0,
    "50%": 2.0,
    "84.1%": 70.0,
    "90%": 70.0,
    "97.7%": 70.0,
    "99.9%": 70.0,
    "max": 70.0
  },
  "repair_time-sequential": {
    "count": 100.0,
    "mean": 21.29,
    "std": 29.9451670608636,
    "log_std": NaN,
    "min": 0.0,
    "0.1%": 0.0,
    "2.3%": 0.0,
    "10%": 0.0,
    "15.9%": 0.0,
    "50%": 2.0,
    "84.1%": 70.0,
    "90%": 70.0,
    "97.7%": 70.0,
    "99.9%": 70.0,
    "max": 70.0
  }
}