{
  "ONE-0-1": [
    1.0,
    1.0,
    1.0,
    1.0,
    1.0,
    1.0,
    1.0,
    1.0,
    1.0,
    1.0,
    1.0,
    1.0,
    1.0,
    1.0,
    1.0,
    1.0,
    1.0,
    1.0,
    1.0,
    1.0,
    1.0,
    1.0,
    1.0,
    1.0,
    1.0,
    1.0,
    1.0,
    1.0,
    1.0,
    1.0,
    1.0,
    1.0,
    1.0,
    1.0,
    1.0,
    1.0,
    1.0,
    1.0,
    1.0,
    1.0,
    1.0,
    1.0,
    1.0,
    1.0,
    1.0,
    1.0,
    1.0,
    1.0,
    1.0,
    1.0,
    1.0,
    1.0,
    1.0,
    1.0,
    1.0,
    1.0,
    1.0,
    1.0,
    1.0,
    1.0,
    1.0,
    1.0,
    1.0,
    1.0,
    1.0,
    1.0,
    1.0,
    1.0,
    1.0,
    1.0,
    1.0,
    1.0,
    1.0,
    1.0,
    1.0,
    1.0,
    1.0,
    1.0,
    1.0,
    1.0,
    1.0,
    1.0,
    1.0,
    1.0,
    1.0,
    1.0,
    1.0,
    1.0,
    1.0,
    1.0,
    1.0,
    1.0,
    1.0,
    1.0,
    1.0,
    1.0,
    1.0,
    1.0,
    1.0,
    1.0
  ],
  "PGA-1-1": [
    85.59401106109013,
    68.95133795095377,
    172.79104818363075,
    166.50252701257804,
    68.25918434549504,
    95.61826826552931,
    82.82322531556369,
    228.0912650648948,
    132.03076606378417,
    264.16757257700255,
    128.22095672784187,
    202.20204145084216,
    147.67716969613258,
    288.8202723608232,
    95.22512096968144,
    227.28569491774184,
    123.78596352915439,
    163.1181141205084,
    92.6058172255196,
    145.9688184308125,
    160.5855682336482,
    139.05209670330467,
    159.0074714579581,
    154.6366347377625,
    156.57196166342752,
    229.10793769622293,
    114.16497045317996,
    94.638582648629,
    96.0110153605248,
    66.29518319938052,
    178.40489227767054,
    58.27132059573631,
    334.4797831605371,
    187.42727380526955,
    264.1059496308598,
    278.6724155114243,
    210.36276774122416,
    131.24890497368605,
    166.64434812168915,
    256.6770441919296,
    261.2422577665663,
    72.31195700754252,
    148.64058229101292,
    144.91459995280343,
    181.7552893888281,
    100.51091748523623,
    43.481575503708406,
    257.54549073966103,
    177.6918167563611,
    403.3896403837241,
    113.4865224664918,
    143.43006428131363,
    379.0061161022188,
    103.51362082800782,
    174.38997587487722,
    170.34793984403845,
    88.16201433158697,
    226.49253907445453,
    145.35972275944206,
    89.70592332108438,
    140.23128781920383,
    161.30973936298392,
    282.34797259488823,
    54.277135105959154,
    210.70292993144838,
    204.46733117180904,
    77.13663015889455,
    63.60443461147455,
    79.84852181462259,
    125.0507359725931,
    98.82936354527816,
    94.95286408854103,
    178.67505331941337,
    225.6869966109992,
    189.57545351040028,
    330.88179901941845,
    73.16253518367226,
    32.2662763621524,
    68.30363927811354,
    71.51432057083036,
    208.64074956825735,
    104.083267367065,
    257.7921269577032,
    127.101488690647,
    74.87741305044345,
    108.57455817549824,
    152.18032238125565,
    88.89633196983411,
    90.72163253805762,
    217.877316167308,
    93.26705833007868,
    114.4649263518319,
    172.127726341249,
    126.74588547736711,
    133.75505023868476,
    164.35464542560115,
    182.5927403417776,
    248.7164541153003,
    34.744229973216555,
    294.296068836494
  ],
  "PGD-1-1": [
    3.145154269606592,
    0.6762864604617926,
    0.20771058873788825,
    0.19817822378046213,
    0.03589590856100595,
    2.310293977734915,
    0.9590002920068237,
    16.459315639712166,
    5.15432150950944,
    18.30604640547172,
    0.14138370627030017,
    0.2588515968412302,
    0.17475776049482294,
    15.581991234941489,
    2.0958760474178164,
    8.063079559812488,
    0.1357601055897224,
    0.1933935349355174,
    0.08507919415967756,
    0.1710942186106998,
    5.96017503621285,
    4.662507545279745,
    0.18794579076688678,
    0.18246017459732505,
    0.18480957660608213,
    4.854894327114156,
    0.12526778298316144,
    2.884035802988457,
    2.500387556075736,
    0.0315961826681479,
    12.443586642955584,
    0.018237215911956355,
    14.908023075897251,
    0.23254661679119754,
    0.49545591519286414,
    24.17668621634759,
    7.167695671749636,
    0.14553969940400377,
    6.615191551645193,
    16.621533102325866,
    0.47687362146591133,
    1.7261002638221528,
    2.714625528702172,
    2.578899919431548,
    0.22247450856876436,
    2.6057396149615983,
    0.004650515331493734,
    0.4534363757524875,
    5.9913484763271,
    1.5060079614715476,
    2.421475685427738,
    3.9700930529348737,
    20.85857910453846,
    1.4703329930821825,
    7.468008342645229,
    5.796321549255661,
    0.07944000705453756,
    7.065553625461394,
    0.16982244674498415,
    2.5255768727388594,
    0.16001175768051526,
    4.8663077380847275,
    0.6191554244117311,
    0.013345768335713016,
    6.28068028680716,
    0.26214658219700887,
    1.3141810474968885,
    1.5202322009480924,
    1.6511147724483752,
    2.845207965806529,
    2.180336037605408,
    0.08836280079811722,
    5.511650187193943,
    0.2972873355105468,
    12.772169009009843,
    25.746150345284665,
    2.159694660176702,
    0.002560108871359056,
    0.2469920154663424,
    0.04445304481526845,
    6.044763925046812,
    3.9990806045167746,
    0.45497867817061205,
    4.039665581660569,
    1.9402738222216893,
    3.8187868357681376,
    5.504637598429211,
    3.053355131324091,
    0.0826023830977906,
    0.2830663636166933,
    1.7071085100709715,
    0.12557202103980947,
    0.20666855522445493,
    2.3671013163639274,
    3.434752626430856,
    0.195112974332394,
    5.336019967533099,
    7.413657910728103,
    0.10625201687431013,
    18.934575499136866
  ],