,repair_cost-,repair_time-parallel,repair_time-sequential,collapse,irreparable
count,100.0,100.0,100.0,100.0,100.0
mean,0.15500000000000003,6.78,6.78,0.0,0.0
std,0.2982694192582378,18.894486395814415,18.894486395814415,0.0,0.0
log_std,,,,,
min,0.0,0.0,0.0,0.0,0.0
0.1%,0.0,0.0,0.0,0.0,0.0
2.3%,0.0,0.0,0.0,0.0,0.0
10%,0.0,0.0,0.0,0.0,0.0
15.9%,0.0,0.0,0.0,0.0,0.0
50%,0.0,0.0,0.0,0.0,0.0
84.1%,0.2683500000000002,3.8130000000000024,3.8130000000000024,0.0,0.0
90%,0.75,9.0,9.0,0.0,0.0
97.7%,0.9,70.0,70.0,0.0,0.0
99.9%,0.9,70.0,70.0,0.0,0.0
max,0.9,70.0,70.0,0.0,0.0
