{
  "repair_cost-": {
    "count": 100.0,
    "mean": 0.155,
    "std": 0.2982694192582378,
    "log_std": NaN,
    "min": 0.0,
    "0.1%": 0.0,
    "2.3%": 0.0,
    "10%": 0.0,
    "15.9%": 0.0,
    "50%": 0.0,
    "84.1%": 0.2683500000000002,
    "90%": 0.75,
    "97.7%": 0.9,
    "99.9%": 0.9,
    "max": 0.9
  },
  "repair_time-parallel": {
    "count": 100.0,
    "mean": 6.78,
    "std": 18.89448639581441,
    "log_std": NaN,
    "min": 0.0,
    "0.1%": 0.0,
    "2.3%": 0.0,
    "10%": 0.0,
    "15.9%": 0.0,
    "50%": 0.0,
    "84.1%": 3.8130000000000015,
    "90%": 9.0,
    "97.7%": 70.0,
    "99.9%": 70.0,
    "max": 70.0
  },
  "repair_time-sequential": {
    "count": 100.0,
    "mean": 6.78,
    "std": 18.89448639581441,
    "log_std": NaN,
    "min": 0.0,
    "0.1%": 0.0,
    "2.3%": 0.0,
    "10%": 0.0,
    "15.9%": 0.0,
    "50%": 0.0,
    "84.1%": 3.8130000000000015,
    "90%": 9.0,
    "97.7%": 70.0,
    "99.9%": 70.0,
    "max": 70.0
  }
}